Command line invocation:
    /Applications/Xcode.app/Contents/Developer/usr/bin/xcodebuild -project mobile/ios/ImpulseBlock.xcodeproj -scheme ImpulseBlock -configuration Debug -sdk iphonesimulator -destination "generic/platform=iOS Simulator" CODE_SIGNING_ALLOWED=NO CODE_SIGNING_REQUIRED=NO clean build

Build settings from command line:
    CODE_SIGNING_ALLOWED = NO
    CODE_SIGNING_REQUIRED = NO
    SDKROOT = iphonesimulator26.2

CreateBuildRequest

SendProjectDescription

CreateBuildOperation

** CLEAN SUCCEEDED **

ComputePackagePrebuildTargetDependencyGraph

Prepare packages

CreateBuildRequest

SendProjectDescription

CreateBuildOperation

ComputeTargetDependencyGraph
note: Building targets in dependency order
note: Target dependency graph (4 targets)
    Target 'ImpulseBlock' in project 'ImpulseBlock'
        ➜ Explicit dependency on target 'ShieldConfigurationExtension' in project 'ImpulseBlock'
        ➜ Explicit dependency on target 'ShieldActionExtension' in project 'ImpulseBlock'
        ➜ Explicit dependency on target 'DeviceActivityMonitorExtension' in project 'ImpulseBlock'
    Target 'DeviceActivityMonitorExtension' in project 'ImpulseBlock' (no dependencies)
    Target 'ShieldActionExtension' in project 'ImpulseBlock' (no dependencies)
    Target 'ShieldConfigurationExtension' in project 'ImpulseBlock' (no dependencies)

GatherProvisioningInputs

CreateBuildDescription

ExecuteExternalTool /Applications/Xcode.app/Contents/Developer/Toolchains/XcodeDefault.xctoolchain/usr/bin/clang -v -E -dM -isysroot /Applications/Xcode.app/Contents/Developer/Platforms/iPhoneSimulator.platform/Developer/SDKs/iPhoneSimulator26.2.sdk -x c -c /dev/null

ExecuteExternalTool /Applications/Xcode.app/Contents/Developer/Toolchains/XcodeDefault.xctoolchain/usr/bin/swiftc --version

ExecuteExternalTool /Applications/Xcode.app/Contents/Developer/usr/bin/actool --print-asset-tag-combinations --output-format xml1 /Users/shotaebi/Desktop/projects/personal/vibecoding/pd-extension/mobile/ios/ImpulseBlock/Assets.xcassets

ExecuteExternalTool /Applications/Xcode.app/Contents/Developer/Toolchains/XcodeDefault.xctoolchain/usr/bin/ld -version_details

ExecuteExternalTool /Applications/Xcode.app/Contents/Developer/usr/bin/actool --version --output-format xml1

Build description signature: aa4767cb00d6705d6fb80bae380f6cf6
Build description path: /Users/shotaebi/Library/Developer/Xcode/DerivedData/ImpulseBlock-dewhddckbhxdqfclawzhypslvoim/Build/Intermediates.noindex/XCBuildData/aa4767cb00d6705d6fb80bae380f6cf6.xcbuilddata
ClangStatCache /Applications/Xcode.app/Contents/Developer/Toolchains/XcodeDefault.xctoolchain/usr/bin/clang-stat-cache /Applications/Xcode.app/Contents/Developer/Platforms/iPhoneSimulator.platform/Developer/SDKs/iPhoneSimulator26.2.sdk /Users/shotaebi/Library/Developer/Xcode/DerivedData/SDKStatCaches.noindex/iphonesimulator26.2-23C57-7d00a8b37fbd7999ea79df8ebc024bf0.sdkstatcache
    cd /Users/shotaebi/Desktop/projects/personal/vibecoding/pd-extension/mobile/ios/ImpulseBlock.xcodeproj
    /Applications/Xcode.app/Contents/Developer/Toolchains/XcodeDefault.xctoolchain/usr/bin/clang-stat-cache /Applications/Xcode.app/Contents/Developer/Platforms/iPhoneSimulator.platform/Developer/SDKs/iPhoneSimulator26.2.sdk -o /Users/shotaebi/Library/Developer/Xcode/DerivedData/SDKStatCaches.noindex/iphonesimulator26.2-23C57-7d00a8b37fbd7999ea79df8ebc024bf0.sdkstatcache

CreateBuildDirectory /Users/shotaebi/Library/Developer/Xcode/DerivedData/ImpulseBlock-dewhddckbhxdqfclawzhypslvoim/Build/Products
    cd /Users/shotaebi/Desktop/projects/personal/vibecoding/pd-extension/mobile/ios/ImpulseBlock.xcodeproj
    builtin-create-build-directory /Users/shotaebi/Library/Developer/Xcode/DerivedData/ImpulseBlock-dewhddckbhxdqfclawzhypslvoim/Build/Products

CreateBuildDirectory /Users/shotaebi/Library/Developer/Xcode/DerivedData/ImpulseBlock-dewhddckbhxdqfclawzhypslvoim/Build/Intermediates.noindex
    cd /Users/shotaebi/Desktop/projects/personal/vibecoding/pd-extension/mobile/ios/ImpulseBlock.xcodeproj
    builtin-create-build-directory /Users/shotaebi/Library/Developer/Xcode/DerivedData/ImpulseBlock-dewhddckbhxdqfclawzhypslvoim/Build/Intermediates.noindex

CreateBuildDirectory /Users/shotaebi/Library/Developer/Xcode/DerivedData/ImpulseBlock-dewhddckbhxdqfclawzhypslvoim/Build/Intermediates.noindex/SwiftExplicitPrecompiledModules
    cd /Users/shotaebi/Desktop/projects/personal/vibecoding/pd-extension/mobile/ios/ImpulseBlock.xcodeproj
    builtin-create-build-directory /Users/shotaebi/Library/Developer/Xcode/DerivedData/ImpulseBlock-dewhddckbhxdqfclawzhypslvoim/Build/Intermediates.noindex/SwiftExplicitPrecompiledModules

CreateBuildDirectory /Users/shotaebi/Library/Developer/Xcode/DerivedData/ImpulseBlock-dewhddckbhxdqfclawzhypslvoim/Build/Intermediates.noindex/ExplicitPrecompiledModules
    cd /Users/shotaebi/Desktop/projects/personal/vibecoding/pd-extension/mobile/ios/ImpulseBlock.xcodeproj
    builtin-create-build-directory /Users/shotaebi/Library/Developer/Xcode/DerivedData/ImpulseBlock-dewhddckbhxdqfclawzhypslvoim/Build/Intermediates.noindex/ExplicitPrecompiledModules

CreateBuildDirectory /Users/shotaebi/Library/Developer/Xcode/DerivedData/ImpulseBlock-dewhddckbhxdqfclawzhypslvoim/Build/Products/Debug-iphonesimulator
    cd /Users/shotaebi/Desktop/projects/personal/vibecoding/pd-extension/mobile/ios/ImpulseBlock.xcodeproj
    builtin-create-build-directory /Users/shotaebi/Library/Developer/Xcode/DerivedData/ImpulseBlock-dewhddckbhxdqfclawzhypslvoim/Build/Products/Debug-iphonesimulator

CreateBuildDirectory /Users/shotaebi/Library/Developer/Xcode/DerivedData/ImpulseBlock-dewhddckbhxdqfclawzhypslvoim/Build/Intermediates.noindex/EagerLinkingTBDs/Debug-iphonesimulator
    cd /Users/shotaebi/Desktop/projects/personal/vibecoding/pd-extension/mobile/ios/ImpulseBlock.xcodeproj
    builtin-create-build-directory /Users/shotaebi/Library/Developer/Xcode/DerivedData/ImpulseBlock-dewhddckbhxdqfclawzhypslvoim/Build/Intermediates.noindex/EagerLinkingTBDs/Debug-iphonesimulator

WriteAuxiliaryFile /Users/shotaebi/Library/Developer/Xcode/DerivedData/ImpulseBlock-dewhddckbhxdqfclawzhypslvoim/Build/Intermediates.noindex/ImpulseBlock.build/Debug-iphonesimulator/ImpulseBlock-34c2bd54204b60e94d48cd166408a411-VFS-iphonesimulator/all-product-headers.yaml
    cd /Users/shotaebi/Desktop/projects/personal/vibecoding/pd-extension/mobile/ios/ImpulseBlock.xcodeproj
    write-file /Users/shotaebi/Library/Developer/Xcode/DerivedData/ImpulseBlock-dewhddckbhxdqfclawzhypslvoim/Build/Intermediates.noindex/ImpulseBlock.build/Debug-iphonesimulator/ImpulseBlock-34c2bd54204b60e94d48cd166408a411-VFS-iphonesimulator/all-product-headers.yaml

WriteAuxiliaryFile /Users/shotaebi/Library/Developer/Xcode/DerivedData/ImpulseBlock-dewhddckbhxdqfclawzhypslvoim/Build/Intermediates.noindex/ImpulseBlock.build/Debug-iphonesimulator/ShieldActionExtension.build/ShieldActionExtension-own-target-headers.hmap (in target 'ShieldActionExtension' from project 'ImpulseBlock')
    cd /Users/shotaebi/Desktop/projects/personal/vibecoding/pd-extension/mobile/ios
    write-file /Users/shotaebi/Library/Developer/Xcode/DerivedData/ImpulseBlock-dewhddckbhxdqfclawzhypslvoim/Build/Intermediates.noindex/ImpulseBlock.build/Debug-iphonesimulator/ShieldActionExtension.build/ShieldActionExtension-own-target-headers.hmap

WriteAuxiliaryFile /Users/shotaebi/Library/Developer/Xcode/DerivedData/ImpulseBlock-dewhddckbhxdqfclawzhypslvoim/Build/Intermediates.noindex/ImpulseBlock.build/Debug-iphonesimulator/ShieldActionExtension.build/ShieldActionExtension-project-headers.hmap (in target 'ShieldActionExtension' from project 'ImpulseBlock')
    cd /Users/shotaebi/Desktop/projects/personal/vibecoding/pd-extension/mobile/ios
    write-file /Users/shotaebi/Library/Developer/Xcode/DerivedData/ImpulseBlock-dewhddckbhxdqfclawzhypslvoim/Build/Intermediates.noindex/ImpulseBlock.build/Debug-iphonesimulator/ShieldActionExtension.build/ShieldActionExtension-project-headers.hmap

WriteAuxiliaryFile /Users/shotaebi/Library/Developer/Xcode/DerivedData/ImpulseBlock-dewhddckbhxdqfclawzhypslvoim/Build/Intermediates.noindex/ImpulseBlock.build/Debug-iphonesimulator/ShieldActionExtension.build/ShieldActionExtension.DependencyStaticMetadataFileList (in target 'ShieldActionExtension' from project 'ImpulseBlock')
    cd /Users/shotaebi/Desktop/projects/personal/vibecoding/pd-extension/mobile/ios
    write-file /Users/shotaebi/Library/Developer/Xcode/DerivedData/ImpulseBlock-dewhddckbhxdqfclawzhypslvoim/Build/Intermediates.noindex/ImpulseBlock.build/Debug-iphonesimulator/ShieldActionExtension.build/ShieldActionExtension.DependencyStaticMetadataFileList

WriteAuxiliaryFile /Users/shotaebi/Library/Developer/Xcode/DerivedData/ImpulseBlock-dewhddckbhxdqfclawzhypslvoim/Build/Intermediates.noindex/ImpulseBlock.build/Debug-iphonesimulator/ShieldActionExtension.build/ShieldActionExtension.DependencyMetadataFileList (in target 'ShieldActionExtension' from project 'ImpulseBlock')
    cd /Users/shotaebi/Desktop/projects/personal/vibecoding/pd-extension/mobile/ios
    write-file /Users/shotaebi/Library/Developer/Xcode/DerivedData/ImpulseBlock-dewhddckbhxdqfclawzhypslvoim/Build/Intermediates.noindex/ImpulseBlock.build/Debug-iphonesimulator/ShieldActionExtension.build/ShieldActionExtension.DependencyMetadataFileList

WriteAuxiliaryFile /Users/shotaebi/Library/Developer/Xcode/DerivedData/ImpulseBlock-dewhddckbhxdqfclawzhypslvoim/Build/Intermediates.noindex/ImpulseBlock.build/Debug-iphonesimulator/ShieldActionExtension.build/ShieldActionExtension.hmap (in target 'ShieldActionExtension' from project 'ImpulseBlock')
    cd /Users/shotaebi/Desktop/projects/personal/vibecoding/pd-extension/mobile/ios
    write-file /Users/shotaebi/Library/Developer/Xcode/DerivedData/ImpulseBlock-dewhddckbhxdqfclawzhypslvoim/Build/Intermediates.noindex/ImpulseBlock.build/Debug-iphonesimulator/ShieldActionExtension.build/ShieldActionExtension.hmap

WriteAuxiliaryFile /Users/shotaebi/Library/Developer/Xcode/DerivedData/ImpulseBlock-dewhddckbhxdqfclawzhypslvoim/Build/Intermediates.noindex/ImpulseBlock.build/Debug-iphonesimulator/ShieldActionExtension.build/ShieldActionExtension-all-non-framework-target-headers.hmap (in target 'ShieldActionExtension' from project 'ImpulseBlock')
    cd /Users/shotaebi/Desktop/projects/personal/vibecoding/pd-extension/mobile/ios
    write-file /Users/shotaebi/Library/Developer/Xcode/DerivedData/ImpulseBlock-dewhddckbhxdqfclawzhypslvoim/Build/Intermediates.noindex/ImpulseBlock.build/Debug-iphonesimulator/ShieldActionExtension.build/ShieldActionExtension-all-non-framework-target-headers.hmap

WriteAuxiliaryFile /Users/shotaebi/Library/Developer/Xcode/DerivedData/ImpulseBlock-dewhddckbhxdqfclawzhypslvoim/Build/Intermediates.noindex/ImpulseBlock.build/Debug-iphonesimulator/ShieldActionExtension.build/ShieldActionExtension-generated-files.hmap (in target 'ShieldActionExtension' from project 'ImpulseBlock')
    cd /Users/shotaebi/Desktop/projects/personal/vibecoding/pd-extension/mobile/ios
    write-file /Users/shotaebi/Library/Developer/Xcode/DerivedData/ImpulseBlock-dewhddckbhxdqfclawzhypslvoim/Build/Intermediates.noindex/ImpulseBlock.build/Debug-iphonesimulator/ShieldActionExtension.build/ShieldActionExtension-generated-files.hmap

WriteAuxiliaryFile /Users/shotaebi/Library/Developer/Xcode/DerivedData/ImpulseBlock-dewhddckbhxdqfclawzhypslvoim/Build/Intermediates.noindex/ImpulseBlock.build/Debug-iphonesimulator/ShieldActionExtension.build/ShieldActionExtension-all-target-headers.hmap (in target 'ShieldActionExtension' from project 'ImpulseBlock')
    cd /Users/shotaebi/Desktop/projects/personal/vibecoding/pd-extension/mobile/ios
    write-file /Users/shotaebi/Library/Developer/Xcode/DerivedData/ImpulseBlock-dewhddckbhxdqfclawzhypslvoim/Build/Intermediates.noindex/ImpulseBlock.build/Debug-iphonesimulator/ShieldActionExtension.build/ShieldActionExtension-all-target-headers.hmap

WriteAuxiliaryFile /Users/shotaebi/Library/Developer/Xcode/DerivedData/ImpulseBlock-dewhddckbhxdqfclawzhypslvoim/Build/Intermediates.noindex/ImpulseBlock.build/Debug-iphonesimulator/ShieldConfigurationExtension.build/ShieldConfigurationExtension.DependencyStaticMetadataFileList (in target 'ShieldConfigurationExtension' from project 'ImpulseBlock')
    cd /Users/shotaebi/Desktop/projects/personal/vibecoding/pd-extension/mobile/ios
    write-file /Users/shotaebi/Library/Developer/Xcode/DerivedData/ImpulseBlock-dewhddckbhxdqfclawzhypslvoim/Build/Intermediates.noindex/ImpulseBlock.build/Debug-iphonesimulator/ShieldConfigurationExtension.build/ShieldConfigurationExtension.DependencyStaticMetadataFileList

WriteAuxiliaryFile /Users/shotaebi/Library/Developer/Xcode/DerivedData/ImpulseBlock-dewhddckbhxdqfclawzhypslvoim/Build/Intermediates.noindex/ImpulseBlock.build/Debug-iphonesimulator/ShieldConfigurationExtension.build/ShieldConfigurationExtension.hmap (in target 'ShieldConfigurationExtension' from project 'ImpulseBlock')
    cd /Users/shotaebi/Desktop/projects/personal/vibecoding/pd-extension/mobile/ios
    write-file /Users/shotaebi/Library/Developer/Xcode/DerivedData/ImpulseBlock-dewhddckbhxdqfclawzhypslvoim/Build/Intermediates.noindex/ImpulseBlock.build/Debug-iphonesimulator/ShieldConfigurationExtension.build/ShieldConfigurationExtension.hmap

WriteAuxiliaryFile /Users/shotaebi/Library/Developer/Xcode/DerivedData/ImpulseBlock-dewhddckbhxdqfclawzhypslvoim/Build/Intermediates.noindex/ImpulseBlock.build/Debug-iphonesimulator/ShieldConfigurationExtension.build/ShieldConfigurationExtension.DependencyMetadataFileList (in target 'ShieldConfigurationExtension' from project 'ImpulseBlock')
    cd /Users/shotaebi/Desktop/projects/personal/vibecoding/pd-extension/mobile/ios
    write-file /Users/shotaebi/Library/Developer/Xcode/DerivedData/ImpulseBlock-dewhddckbhxdqfclawzhypslvoim/Build/Intermediates.noindex/ImpulseBlock.build/Debug-iphonesimulator/ShieldConfigurationExtension.build/ShieldConfigurationExtension.DependencyMetadataFileList

WriteAuxiliaryFile /Users/shotaebi/Library/Developer/Xcode/DerivedData/ImpulseBlock-dewhddckbhxdqfclawzhypslvoim/Build/Intermediates.noindex/ImpulseBlock.build/Debug-iphonesimulator/ShieldConfigurationExtension.build/ShieldConfigurationExtension-project-headers.hmap (in target 'ShieldConfigurationExtension' from project 'ImpulseBlock')
    cd /Users/shotaebi/Desktop/projects/personal/vibecoding/pd-extension/mobile/ios
    write-file /Users/shotaebi/Library/Developer/Xcode/DerivedData/ImpulseBlock-dewhddckbhxdqfclawzhypslvoim/Build/Intermediates.noindex/ImpulseBlock.build/Debug-iphonesimulator/ShieldConfigurationExtension.build/ShieldConfigurationExtension-project-headers.hmap

WriteAuxiliaryFile /Users/shotaebi/Library/Developer/Xcode/DerivedData/ImpulseBlock-dewhddckbhxdqfclawzhypslvoim/Build/Intermediates.noindex/ImpulseBlock.build/Debug-iphonesimulator/ShieldConfigurationExtension.build/ShieldConfigurationExtension-own-target-headers.hmap (in target 'ShieldConfigurationExtension' from project 'ImpulseBlock')
    cd /Users/shotaebi/Desktop/projects/personal/vibecoding/pd-extension/mobile/ios
    write-file /Users/shotaebi/Library/Developer/Xcode/DerivedData/ImpulseBlock-dewhddckbhxdqfclawzhypslvoim/Build/Intermediates.noindex/ImpulseBlock.build/Debug-iphonesimulator/ShieldConfigurationExtension.build/ShieldConfigurationExtension-own-target-headers.hmap

WriteAuxiliaryFile /Users/shotaebi/Library/Developer/Xcode/DerivedData/ImpulseBlock-dewhddckbhxdqfclawzhypslvoim/Build/Intermediates.noindex/ImpulseBlock.build/Debug-iphonesimulator/ShieldConfigurationExtension.build/ShieldConfigurationExtension-generated-files.hmap (in target 'ShieldConfigurationExtension' from project 'ImpulseBlock')
    cd /Users/shotaebi/Desktop/projects/personal/vibecoding/pd-extension/mobile/ios
    write-file /Users/shotaebi/Library/Developer/Xcode/DerivedData/ImpulseBlock-dewhddckbhxdqfclawzhypslvoim/Build/Intermediates.noindex/ImpulseBlock.build/Debug-iphonesimulator/ShieldConfigurationExtension.build/ShieldConfigurationExtension-generated-files.hmap

WriteAuxiliaryFile /Users/shotaebi/Library/Developer/Xcode/DerivedData/ImpulseBlock-dewhddckbhxdqfclawzhypslvoim/Build/Intermediates.noindex/ImpulseBlock.build/Debug-iphonesimulator/ShieldConfigurationExtension.build/ShieldConfigurationExtension-all-target-headers.hmap (in target 'ShieldConfigurationExtension' from project 'ImpulseBlock')
    cd /Users/shotaebi/Desktop/projects/personal/vibecoding/pd-extension/mobile/ios
    write-file /Users/shotaebi/Library/Developer/Xcode/DerivedData/ImpulseBlock-dewhddckbhxdqfclawzhypslvoim/Build/Intermediates.noindex/ImpulseBlock.build/Debug-iphonesimulator/ShieldConfigurationExtension.build/ShieldConfigurationExtension-all-target-headers.hmap

WriteAuxiliaryFile /Users/shotaebi/Library/Developer/Xcode/DerivedData/ImpulseBlock-dewhddckbhxdqfclawzhypslvoim/Build/Intermediates.noindex/ImpulseBlock.build/Debug-iphonesimulator/ShieldConfigurationExtension.build/ShieldConfigurationExtension-all-non-framework-target-headers.hmap (in target 'ShieldConfigurationExtension' from project 'ImpulseBlock')
    cd /Users/shotaebi/Desktop/projects/personal/vibecoding/pd-extension/mobile/ios
    write-file /Users/shotaebi/Library/Developer/Xcode/DerivedData/ImpulseBlock-dewhddckbhxdqfclawzhypslvoim/Build/Intermediates.noindex/ImpulseBlock.build/Debug-iphonesimulator/ShieldConfigurationExtension.build/ShieldConfigurationExtension-all-non-framework-target-headers.hmap

WriteAuxiliaryFile /Users/shotaebi/Library/Developer/Xcode/DerivedData/ImpulseBlock-dewhddckbhxdqfclawzhypslvoim/Build/Intermediates.noindex/ImpulseBlock.build/Debug-iphonesimulator/ShieldConfigurationExtension.build/ShieldConfigurationExtension-DebugEntryPoint-normal-x86_64.txt (in target 'ShieldConfigurationExtension' from project 'ImpulseBlock')
    cd /Users/shotaebi/Desktop/projects/personal/vibecoding/pd-extension/mobile/ios
    write-file /Users/shotaebi/Library/Developer/Xcode/DerivedData/ImpulseBlock-dewhddckbhxdqfclawzhypslvoim/Build/Intermediates.noindex/ImpulseBlock.build/Debug-iphonesimulator/ShieldConfigurationExtension.build/ShieldConfigurationExtension-DebugEntryPoint-normal-x86_64.txt

WriteAuxiliaryFile /Users/shotaebi/Library/Developer/Xcode/DerivedData/ImpulseBlock-dewhddckbhxdqfclawzhypslvoim/Build/Intermediates.noindex/ImpulseBlock.build/Debug-iphonesimulator/ShieldConfigurationExtension.build/ShieldConfigurationExtension-DebugEntryPoint-normal-arm64.txt (in target 'ShieldConfigurationExtension' from project 'ImpulseBlock')
    cd /Users/shotaebi/Desktop/projects/personal/vibecoding/pd-extension/mobile/ios
    write-file /Users/shotaebi/Library/Developer/Xcode/DerivedData/ImpulseBlock-dewhddckbhxdqfclawzhypslvoim/Build/Intermediates.noindex/ImpulseBlock.build/Debug-iphonesimulator/ShieldConfigurationExtension.build/ShieldConfigurationExtension-DebugEntryPoint-normal-arm64.txt

WriteAuxiliaryFile /Users/shotaebi/Library/Developer/Xcode/DerivedData/ImpulseBlock-dewhddckbhxdqfclawzhypslvoim/Build/Intermediates.noindex/ImpulseBlock.build/Debug-iphonesimulator/ShieldConfigurationExtension.build/ShieldConfigurationExtension-DebugDylibInstallName-normal-x86_64.txt (in target 'ShieldConfigurationExtension' from project 'ImpulseBlock')
    cd /Users/shotaebi/Desktop/projects/personal/vibecoding/pd-extension/mobile/ios
    write-file /Users/shotaebi/Library/Developer/Xcode/DerivedData/ImpulseBlock-dewhddckbhxdqfclawzhypslvoim/Build/Intermediates.noindex/ImpulseBlock.build/Debug-iphonesimulator/ShieldConfigurationExtension.build/ShieldConfigurationExtension-DebugDylibInstallName-normal-x86_64.txt

WriteAuxiliaryFile /Users/shotaebi/Library/Developer/Xcode/DerivedData/ImpulseBlock-dewhddckbhxdqfclawzhypslvoim/Build/Intermediates.noindex/ImpulseBlock.build/Debug-iphonesimulator/ShieldConfigurationExtension.build/ShieldConfigurationExtension-DebugDylibInstallName-normal-arm64.txt (in target 'ShieldConfigurationExtension' from project 'ImpulseBlock')
    cd /Users/shotaebi/Desktop/projects/personal/vibecoding/pd-extension/mobile/ios
    write-file /Users/shotaebi/Library/Developer/Xcode/DerivedData/ImpulseBlock-dewhddckbhxdqfclawzhypslvoim/Build/Intermediates.noindex/ImpulseBlock.build/Debug-iphonesimulator/ShieldConfigurationExtension.build/ShieldConfigurationExtension-DebugDylibInstallName-normal-arm64.txt

WriteAuxiliaryFile /Users/shotaebi/Library/Developer/Xcode/DerivedData/ImpulseBlock-dewhddckbhxdqfclawzhypslvoim/Build/Intermediates.noindex/ImpulseBlock.build/Debug-iphonesimulator/ShieldConfigurationExtension.build/ShieldConfigurationExtension-DebugDylibPath-normal-x86_64.txt (in target 'ShieldConfigurationExtension' from project 'ImpulseBlock')
    cd /Users/shotaebi/Desktop/projects/personal/vibecoding/pd-extension/mobile/ios
    write-file /Users/shotaebi/Library/Developer/Xcode/DerivedData/ImpulseBlock-dewhddckbhxdqfclawzhypslvoim/Build/Intermediates.noindex/ImpulseBlock.build/Debug-iphonesimulator/ShieldConfigurationExtension.build/ShieldConfigurationExtension-DebugDylibPath-normal-x86_64.txt

WriteAuxiliaryFile /Users/shotaebi/Library/Developer/Xcode/DerivedData/ImpulseBlock-dewhddckbhxdqfclawzhypslvoim/Build/Intermediates.noindex/ImpulseBlock.build/Debug-iphonesimulator/ShieldConfigurationExtension.build/ShieldConfigurationExtension-DebugDylibPath-normal-arm64.txt (in target 'ShieldConfigurationExtension' from project 'ImpulseBlock')
    cd /Users/shotaebi/Desktop/projects/personal/vibecoding/pd-extension/mobile/ios
    write-file /Users/shotaebi/Library/Developer/Xcode/DerivedData/ImpulseBlock-dewhddckbhxdqfclawzhypslvoim/Build/Intermediates.noindex/ImpulseBlock.build/Debug-iphonesimulator/ShieldConfigurationExtension.build/ShieldConfigurationExtension-DebugDylibPath-normal-arm64.txt

WriteAuxiliaryFile /Users/shotaebi/Library/Developer/Xcode/DerivedData/ImpulseBlock-dewhddckbhxdqfclawzhypslvoim/Build/Intermediates.noindex/ImpulseBlock.build/Debug-iphonesimulator/ShieldConfigurationExtension.build/Objects-normal/x86_64/ShieldConfigurationExtension.SwiftFileList (in target 'ShieldConfigurationExtension' from project 'ImpulseBlock')
    cd /Users/shotaebi/Desktop/projects/personal/vibecoding/pd-extension/mobile/ios
    write-file /Users/shotaebi/Library/Developer/Xcode/DerivedData/ImpulseBlock-dewhddckbhxdqfclawzhypslvoim/Build/Intermediates.noindex/ImpulseBlock.build/Debug-iphonesimulator/ShieldConfigurationExtension.build/Objects-normal/x86_64/ShieldConfigurationExtension.SwiftFileList

WriteAuxiliaryFile /Users/shotaebi/Library/Developer/Xcode/DerivedData/ImpulseBlock-dewhddckbhxdqfclawzhypslvoim/Build/Intermediates.noindex/ImpulseBlock.build/Debug-iphonesimulator/ShieldConfigurationExtension.build/Objects-normal/x86_64/ShieldConfigurationExtension_const_extract_protocols.json (in target 'ShieldConfigurationExtension' from project 'ImpulseBlock')
    cd /Users/shotaebi/Desktop/projects/personal/vibecoding/pd-extension/mobile/ios
    write-file /Users/shotaebi/Library/Developer/Xcode/DerivedData/ImpulseBlock-dewhddckbhxdqfclawzhypslvoim/Build/Intermediates.noindex/ImpulseBlock.build/Debug-iphonesimulator/ShieldConfigurationExtension.build/Objects-normal/x86_64/ShieldConfigurationExtension_const_extract_protocols.json

WriteAuxiliaryFile /Users/shotaebi/Library/Developer/Xcode/DerivedData/ImpulseBlock-dewhddckbhxdqfclawzhypslvoim/Build/Intermediates.noindex/ImpulseBlock.build/Debug-iphonesimulator/ShieldConfigurationExtension.build/Objects-normal/x86_64/ShieldConfigurationExtension.SwiftConstValuesFileList (in target 'ShieldConfigurationExtension' from project 'ImpulseBlock')
    cd /Users/shotaebi/Desktop/projects/personal/vibecoding/pd-extension/mobile/ios
    write-file /Users/shotaebi/Library/Developer/Xcode/DerivedData/ImpulseBlock-dewhddckbhxdqfclawzhypslvoim/Build/Intermediates.noindex/ImpulseBlock.build/Debug-iphonesimulator/ShieldConfigurationExtension.build/Objects-normal/x86_64/ShieldConfigurationExtension.SwiftConstValuesFileList

WriteAuxiliaryFile /Users/shotaebi/Library/Developer/Xcode/DerivedData/ImpulseBlock-dewhddckbhxdqfclawzhypslvoim/Build/Intermediates.noindex/ImpulseBlock.build/Debug-iphonesimulator/ShieldConfigurationExtension.build/Objects-normal/x86_64/ShieldConfigurationExtension.LinkFileList (in target 'ShieldConfigurationExtension' from project 'ImpulseBlock')
    cd /Users/shotaebi/Desktop/projects/personal/vibecoding/pd-extension/mobile/ios
    write-file /Users/shotaebi/Library/Developer/Xcode/DerivedData/ImpulseBlock-dewhddckbhxdqfclawzhypslvoim/Build/Intermediates.noindex/ImpulseBlock.build/Debug-iphonesimulator/ShieldConfigurationExtension.build/Objects-normal/x86_64/ShieldConfigurationExtension.LinkFileList

WriteAuxiliaryFile /Users/shotaebi/Library/Developer/Xcode/DerivedData/ImpulseBlock-dewhddckbhxdqfclawzhypslvoim/Build/Intermediates.noindex/ImpulseBlock.build/Debug-iphonesimulator/ShieldConfigurationExtension.build/Objects-normal/x86_64/ShieldConfigurationExtension-OutputFileMap.json (in target 'ShieldConfigurationExtension' from project 'ImpulseBlock')
    cd /Users/shotaebi/Desktop/projects/personal/vibecoding/pd-extension/mobile/ios
    write-file /Users/shotaebi/Library/Developer/Xcode/DerivedData/ImpulseBlock-dewhddckbhxdqfclawzhypslvoim/Build/Intermediates.noindex/ImpulseBlock.build/Debug-iphonesimulator/ShieldConfigurationExtension.build/Objects-normal/x86_64/ShieldConfigurationExtension-OutputFileMap.json

WriteAuxiliaryFile /Users/shotaebi/Library/Developer/Xcode/DerivedData/ImpulseBlock-dewhddckbhxdqfclawzhypslvoim/Build/Intermediates.noindex/ImpulseBlock.build/Debug-iphonesimulator/ShieldConfigurationExtension.build/Objects-normal/arm64/ShieldConfigurationExtension.SwiftFileList (in target 'ShieldConfigurationExtension' from project 'ImpulseBlock')
    cd /Users/shotaebi/Desktop/projects/personal/vibecoding/pd-extension/mobile/ios
    write-file /Users/shotaebi/Library/Developer/Xcode/DerivedData/ImpulseBlock-dewhddckbhxdqfclawzhypslvoim/Build/Intermediates.noindex/ImpulseBlock.build/Debug-iphonesimulator/ShieldConfigurationExtension.build/Objects-normal/arm64/ShieldConfigurationExtension.SwiftFileList

WriteAuxiliaryFile /Users/shotaebi/Library/Developer/Xcode/DerivedData/ImpulseBlock-dewhddckbhxdqfclawzhypslvoim/Build/Intermediates.noindex/ImpulseBlock.build/Debug-iphonesimulator/ShieldConfigurationExtension.build/Objects-normal/arm64/ShieldConfigurationExtension.SwiftConstValuesFileList (in target 'ShieldConfigurationExtension' from project 'ImpulseBlock')
    cd /Users/shotaebi/Desktop/projects/personal/vibecoding/pd-extension/mobile/ios
    write-file /Users/shotaebi/Library/Developer/Xcode/DerivedData/ImpulseBlock-dewhddckbhxdqfclawzhypslvoim/Build/Intermediates.noindex/ImpulseBlock.build/Debug-iphonesimulator/ShieldConfigurationExtension.build/Objects-normal/arm64/ShieldConfigurationExtension.SwiftConstValuesFileList

WriteAuxiliaryFile /Users/shotaebi/Library/Developer/Xcode/DerivedData/ImpulseBlock-dewhddckbhxdqfclawzhypslvoim/Build/Intermediates.noindex/ImpulseBlock.build/Debug-iphonesimulator/ShieldConfigurationExtension.build/Objects-normal/arm64/ShieldConfigurationExtension.LinkFileList (in target 'ShieldConfigurationExtension' from project 'ImpulseBlock')
    cd /Users/shotaebi/Desktop/projects/personal/vibecoding/pd-extension/mobile/ios
    write-file /Users/shotaebi/Library/Developer/Xcode/DerivedData/ImpulseBlock-dewhddckbhxdqfclawzhypslvoim/Build/Intermediates.noindex/ImpulseBlock.build/Debug-iphonesimulator/ShieldConfigurationExtension.build/Objects-normal/arm64/ShieldConfigurationExtension.LinkFileList

WriteAuxiliaryFile /Users/shotaebi/Library/Developer/Xcode/DerivedData/ImpulseBlock-dewhddckbhxdqfclawzhypslvoim/Build/Intermediates.noindex/ImpulseBlock.build/Debug-iphonesimulator/ShieldConfigurationExtension.build/Objects-normal/arm64/ShieldConfigurationExtension-OutputFileMap.json (in target 'ShieldConfigurationExtension' from project 'ImpulseBlock')
    cd /Users/shotaebi/Desktop/projects/personal/vibecoding/pd-extension/mobile/ios
    write-file /Users/shotaebi/Library/Developer/Xcode/DerivedData/ImpulseBlock-dewhddckbhxdqfclawzhypslvoim/Build/Intermediates.noindex/ImpulseBlock.build/Debug-iphonesimulator/ShieldConfigurationExtension.build/Objects-normal/arm64/ShieldConfigurationExtension-OutputFileMap.json

WriteAuxiliaryFile /Users/shotaebi/Library/Developer/Xcode/DerivedData/ImpulseBlock-dewhddckbhxdqfclawzhypslvoim/Build/Intermediates.noindex/ImpulseBlock.build/Debug-iphonesimulator/ShieldConfigurationExtension.build/Objects-normal/arm64/ShieldConfigurationExtension_const_extract_protocols.json (in target 'ShieldConfigurationExtension' from project 'ImpulseBlock')
    cd /Users/shotaebi/Desktop/projects/personal/vibecoding/pd-extension/mobile/ios
    write-file /Users/shotaebi/Library/Developer/Xcode/DerivedData/ImpulseBlock-dewhddckbhxdqfclawzhypslvoim/Build/Intermediates.noindex/ImpulseBlock.build/Debug-iphonesimulator/ShieldConfigurationExtension.build/Objects-normal/arm64/ShieldConfigurationExtension_const_extract_protocols.json

WriteAuxiliaryFile /Users/shotaebi/Library/Developer/Xcode/DerivedData/ImpulseBlock-dewhddckbhxdqfclawzhypslvoim/Build/Intermediates.noindex/ImpulseBlock.build/Debug-iphonesimulator/ShieldActionExtension.build/ShieldActionExtension-DebugEntryPoint-normal-x86_64.txt (in target 'ShieldActionExtension' from project 'ImpulseBlock')
    cd /Users/shotaebi/Desktop/projects/personal/vibecoding/pd-extension/mobile/ios
    write-file /Users/shotaebi/Library/Developer/Xcode/DerivedData/ImpulseBlock-dewhddckbhxdqfclawzhypslvoim/Build/Intermediates.noindex/ImpulseBlock.build/Debug-iphonesimulator/ShieldActionExtension.build/ShieldActionExtension-DebugEntryPoint-normal-x86_64.txt

WriteAuxiliaryFile /Users/shotaebi/Library/Developer/Xcode/DerivedData/ImpulseBlock-dewhddckbhxdqfclawzhypslvoim/Build/Intermediates.noindex/ImpulseBlock.build/Debug-iphonesimulator/ShieldActionExtension.build/ShieldActionExtension-DebugEntryPoint-normal-arm64.txt (in target 'ShieldActionExtension' from project 'ImpulseBlock')
    cd /Users/shotaebi/Desktop/projects/personal/vibecoding/pd-extension/mobile/ios
    write-file /Users/shotaebi/Library/Developer/Xcode/DerivedData/ImpulseBlock-dewhddckbhxdqfclawzhypslvoim/Build/Intermediates.noindex/ImpulseBlock.build/Debug-iphonesimulator/ShieldActionExtension.build/ShieldActionExtension-DebugEntryPoint-normal-arm64.txt

WriteAuxiliaryFile /Users/shotaebi/Library/Developer/Xcode/DerivedData/ImpulseBlock-dewhddckbhxdqfclawzhypslvoim/Build/Intermediates.noindex/ImpulseBlock.build/Debug-iphonesimulator/ShieldActionExtension.build/ShieldActionExtension-DebugDylibPath-normal-x86_64.txt (in target 'ShieldActionExtension' from project 'ImpulseBlock')
    cd /Users/shotaebi/Desktop/projects/personal/vibecoding/pd-extension/mobile/ios
    write-file /Users/shotaebi/Library/Developer/Xcode/DerivedData/ImpulseBlock-dewhddckbhxdqfclawzhypslvoim/Build/Intermediates.noindex/ImpulseBlock.build/Debug-iphonesimulator/ShieldActionExtension.build/ShieldActionExtension-DebugDylibPath-normal-x86_64.txt

WriteAuxiliaryFile /Users/shotaebi/Library/Developer/Xcode/DerivedData/ImpulseBlock-dewhddckbhxdqfclawzhypslvoim/Build/Intermediates.noindex/ImpulseBlock.build/Debug-iphonesimulator/ShieldActionExtension.build/ShieldActionExtension-DebugDylibPath-normal-arm64.txt (in target 'ShieldActionExtension' from project 'ImpulseBlock')
    cd /Users/shotaebi/Desktop/projects/personal/vibecoding/pd-extension/mobile/ios
    write-file /Users/shotaebi/Library/Developer/Xcode/DerivedData/ImpulseBlock-dewhddckbhxdqfclawzhypslvoim/Build/Intermediates.noindex/ImpulseBlock.build/Debug-iphonesimulator/ShieldActionExtension.build/ShieldActionExtension-DebugDylibPath-normal-arm64.txt

WriteAuxiliaryFile /Users/shotaebi/Library/Developer/Xcode/DerivedData/ImpulseBlock-dewhddckbhxdqfclawzhypslvoim/Build/Intermediates.noindex/ImpulseBlock.build/Debug-iphonesimulator/ShieldActionExtension.build/ShieldActionExtension-DebugDylibInstallName-normal-x86_64.txt (in target 'ShieldActionExtension' from project 'ImpulseBlock')
    cd /Users/shotaebi/Desktop/projects/personal/vibecoding/pd-extension/mobile/ios
    write-file /Users/shotaebi/Library/Developer/Xcode/DerivedData/ImpulseBlock-dewhddckbhxdqfclawzhypslvoim/Build/Intermediates.noindex/ImpulseBlock.build/Debug-iphonesimulator/ShieldActionExtension.build/ShieldActionExtension-DebugDylibInstallName-normal-x86_64.txt

WriteAuxiliaryFile /Users/shotaebi/Library/Developer/Xcode/DerivedData/ImpulseBlock-dewhddckbhxdqfclawzhypslvoim/Build/Intermediates.noindex/ImpulseBlock.build/Debug-iphonesimulator/ShieldActionExtension.build/ShieldActionExtension-DebugDylibInstallName-normal-arm64.txt (in target 'ShieldActionExtension' from project 'ImpulseBlock')
    cd /Users/shotaebi/Desktop/projects/personal/vibecoding/pd-extension/mobile/ios
    write-file /Users/shotaebi/Library/Developer/Xcode/DerivedData/ImpulseBlock-dewhddckbhxdqfclawzhypslvoim/Build/Intermediates.noindex/ImpulseBlock.build/Debug-iphonesimulator/ShieldActionExtension.build/ShieldActionExtension-DebugDylibInstallName-normal-arm64.txt

WriteAuxiliaryFile /Users/shotaebi/Library/Developer/Xcode/DerivedData/ImpulseBlock-dewhddckbhxdqfclawzhypslvoim/Build/Intermediates.noindex/ImpulseBlock.build/Debug-iphonesimulator/ShieldActionExtension.build/Objects-normal/x86_64/ShieldActionExtension.SwiftConstValuesFileList (in target 'ShieldActionExtension' from project 'ImpulseBlock')
    cd /Users/shotaebi/Desktop/projects/personal/vibecoding/pd-extension/mobile/ios
    write-file /Users/shotaebi/Library/Developer/Xcode/DerivedData/ImpulseBlock-dewhddckbhxdqfclawzhypslvoim/Build/Intermediates.noindex/ImpulseBlock.build/Debug-iphonesimulator/ShieldActionExtension.build/Objects-normal/x86_64/ShieldActionExtension.SwiftConstValuesFileList

WriteAuxiliaryFile /Users/shotaebi/Library/Developer/Xcode/DerivedData/ImpulseBlock-dewhddckbhxdqfclawzhypslvoim/Build/Intermediates.noindex/ImpulseBlock.build/Debug-iphonesimulator/ShieldActionExtension.build/Objects-normal/x86_64/ShieldActionExtension.SwiftFileList (in target 'ShieldActionExtension' from project 'ImpulseBlock')
    cd /Users/shotaebi/Desktop/projects/personal/vibecoding/pd-extension/mobile/ios
    write-file /Users/shotaebi/Library/Developer/Xcode/DerivedData/ImpulseBlock-dewhddckbhxdqfclawzhypslvoim/Build/Intermediates.noindex/ImpulseBlock.build/Debug-iphonesimulator/ShieldActionExtension.build/Objects-normal/x86_64/ShieldActionExtension.SwiftFileList

WriteAuxiliaryFile /Users/shotaebi/Library/Developer/Xcode/DerivedData/ImpulseBlock-dewhddckbhxdqfclawzhypslvoim/Build/Intermediates.noindex/ImpulseBlock.build/Debug-iphonesimulator/ShieldActionExtension.build/Objects-normal/x86_64/ShieldActionExtension_const_extract_protocols.json (in target 'ShieldActionExtension' from project 'ImpulseBlock')
    cd /Users/shotaebi/Desktop/projects/personal/vibecoding/pd-extension/mobile/ios
    write-file /Users/shotaebi/Library/Developer/Xcode/DerivedData/ImpulseBlock-dewhddckbhxdqfclawzhypslvoim/Build/Intermediates.noindex/ImpulseBlock.build/Debug-iphonesimulator/ShieldActionExtension.build/Objects-normal/x86_64/ShieldActionExtension_const_extract_protocols.json

WriteAuxiliaryFile /Users/shotaebi/Library/Developer/Xcode/DerivedData/ImpulseBlock-dewhddckbhxdqfclawzhypslvoim/Build/Intermediates.noindex/ImpulseBlock.build/Debug-iphonesimulator/ShieldActionExtension.build/Objects-normal/x86_64/ShieldActionExtension.LinkFileList (in target 'ShieldActionExtension' from project 'ImpulseBlock')
    cd /Users/shotaebi/Desktop/projects/personal/vibecoding/pd-extension/mobile/ios
    write-file /Users/shotaebi/Library/Developer/Xcode/DerivedData/ImpulseBlock-dewhddckbhxdqfclawzhypslvoim/Build/Intermediates.noindex/ImpulseBlock.build/Debug-iphonesimulator/ShieldActionExtension.build/Objects-normal/x86_64/ShieldActionExtension.LinkFileList

WriteAuxiliaryFile /Users/shotaebi/Library/Developer/Xcode/DerivedData/ImpulseBlock-dewhddckbhxdqfclawzhypslvoim/Build/Intermediates.noindex/ImpulseBlock.build/Debug-iphonesimulator/ShieldActionExtension.build/Objects-normal/x86_64/ShieldActionExtension-OutputFileMap.json (in target 'ShieldActionExtension' from project 'ImpulseBlock')
    cd /Users/shotaebi/Desktop/projects/personal/vibecoding/pd-extension/mobile/ios
    write-file /Users/shotaebi/Library/Developer/Xcode/DerivedData/ImpulseBlock-dewhddckbhxdqfclawzhypslvoim/Build/Intermediates.noindex/ImpulseBlock.build/Debug-iphonesimulator/ShieldActionExtension.build/Objects-normal/x86_64/ShieldActionExtension-OutputFileMap.json

WriteAuxiliaryFile /Users/shotaebi/Library/Developer/Xcode/DerivedData/ImpulseBlock-dewhddckbhxdqfclawzhypslvoim/Build/Intermediates.noindex/ImpulseBlock.build/Debug-iphonesimulator/ShieldActionExtension.build/Objects-normal/arm64/ShieldActionExtension.SwiftFileList (in target 'ShieldActionExtension' from project 'ImpulseBlock')
    cd /Users/shotaebi/Desktop/projects/personal/vibecoding/pd-extension/mobile/ios
    write-file /Users/shotaebi/Library/Developer/Xcode/DerivedData/ImpulseBlock-dewhddckbhxdqfclawzhypslvoim/Build/Intermediates.noindex/ImpulseBlock.build/Debug-iphonesimulator/ShieldActionExtension.build/Objects-normal/arm64/ShieldActionExtension.SwiftFileList

WriteAuxiliaryFile /Users/shotaebi/Library/Developer/Xcode/DerivedData/ImpulseBlock-dewhddckbhxdqfclawzhypslvoim/Build/Intermediates.noindex/ImpulseBlock.build/Debug-iphonesimulator/ShieldActionExtension.build/Objects-normal/arm64/ShieldActionExtension_const_extract_protocols.json (in target 'ShieldActionExtension' from project 'ImpulseBlock')
    cd /Users/shotaebi/Desktop/projects/personal/vibecoding/pd-extension/mobile/ios
    write-file /Users/shotaebi/Library/Developer/Xcode/DerivedData/ImpulseBlock-dewhddckbhxdqfclawzhypslvoim/Build/Intermediates.noindex/ImpulseBlock.build/Debug-iphonesimulator/ShieldActionExtension.build/Objects-normal/arm64/ShieldActionExtension_const_extract_protocols.json

WriteAuxiliaryFile /Users/shotaebi/Library/Developer/Xcode/DerivedData/ImpulseBlock-dewhddckbhxdqfclawzhypslvoim/Build/Intermediates.noindex/ImpulseBlock.build/Debug-iphonesimulator/ShieldActionExtension.build/Objects-normal/arm64/ShieldActionExtension.SwiftConstValuesFileList (in target 'ShieldActionExtension' from project 'ImpulseBlock')
    cd /Users/shotaebi/Desktop/projects/personal/vibecoding/pd-extension/mobile/ios
    write-file /Users/shotaebi/Library/Developer/Xcode/DerivedData/ImpulseBlock-dewhddckbhxdqfclawzhypslvoim/Build/Intermediates.noindex/ImpulseBlock.build/Debug-iphonesimulator/ShieldActionExtension.build/Objects-normal/arm64/ShieldActionExtension.SwiftConstValuesFileList

WriteAuxiliaryFile /Users/shotaebi/Library/Developer/Xcode/DerivedData/ImpulseBlock-dewhddckbhxdqfclawzhypslvoim/Build/Intermediates.noindex/ImpulseBlock.build/Debug-iphonesimulator/ShieldActionExtension.build/Objects-normal/arm64/ShieldActionExtension.LinkFileList (in target 'ShieldActionExtension' from project 'ImpulseBlock')
    cd /Users/shotaebi/Desktop/projects/personal/vibecoding/pd-extension/mobile/ios
    write-file /Users/shotaebi/Library/Developer/Xcode/DerivedData/ImpulseBlock-dewhddckbhxdqfclawzhypslvoim/Build/Intermediates.noindex/ImpulseBlock.build/Debug-iphonesimulator/ShieldActionExtension.build/Objects-normal/arm64/ShieldActionExtension.LinkFileList

WriteAuxiliaryFile /Users/shotaebi/Library/Developer/Xcode/DerivedData/ImpulseBlock-dewhddckbhxdqfclawzhypslvoim/Build/Intermediates.noindex/ImpulseBlock.build/Debug-iphonesimulator/ShieldActionExtension.build/Objects-normal/arm64/ShieldActionExtension-OutputFileMap.json (in target 'ShieldActionExtension' from project 'ImpulseBlock')
    cd /Users/shotaebi/Desktop/projects/personal/vibecoding/pd-extension/mobile/ios
    write-file /Users/shotaebi/Library/Developer/Xcode/DerivedData/ImpulseBlock-dewhddckbhxdqfclawzhypslvoim/Build/Intermediates.noindex/ImpulseBlock.build/Debug-iphonesimulator/ShieldActionExtension.build/Objects-normal/arm64/ShieldActionExtension-OutputFileMap.json

WriteAuxiliaryFile /Users/shotaebi/Library/Developer/Xcode/DerivedData/ImpulseBlock-dewhddckbhxdqfclawzhypslvoim/Build/Intermediates.noindex/ImpulseBlock.build/Debug-iphonesimulator/ImpulseBlock.build/Objects-normal/x86_64/ImpulseBlock.SwiftFileList (in target 'ImpulseBlock' from project 'ImpulseBlock')
    cd /Users/shotaebi/Desktop/projects/personal/vibecoding/pd-extension/mobile/ios
    write-file /Users/shotaebi/Library/Developer/Xcode/DerivedData/ImpulseBlock-dewhddckbhxdqfclawzhypslvoim/Build/Intermediates.noindex/ImpulseBlock.build/Debug-iphonesimulator/ImpulseBlock.build/Objects-normal/x86_64/ImpulseBlock.SwiftFileList

WriteAuxiliaryFile /Users/shotaebi/Library/Developer/Xcode/DerivedData/ImpulseBlock-dewhddckbhxdqfclawzhypslvoim/Build/Intermediates.noindex/ImpulseBlock.build/Debug-iphonesimulator/ImpulseBlock.build/Objects-normal/x86_64/ImpulseBlock_const_extract_protocols.json (in target 'ImpulseBlock' from project 'ImpulseBlock')
    cd /Users/shotaebi/Desktop/projects/personal/vibecoding/pd-extension/mobile/ios
    write-file /Users/shotaebi/Library/Developer/Xcode/DerivedData/ImpulseBlock-dewhddckbhxdqfclawzhypslvoim/Build/Intermediates.noindex/ImpulseBlock.build/Debug-iphonesimulator/ImpulseBlock.build/Objects-normal/x86_64/ImpulseBlock_const_extract_protocols.json

WriteAuxiliaryFile /Users/shotaebi/Library/Developer/Xcode/DerivedData/ImpulseBlock-dewhddckbhxdqfclawzhypslvoim/Build/Intermediates.noindex/ImpulseBlock.build/Debug-iphonesimulator/ImpulseBlock.build/Objects-normal/x86_64/ImpulseBlock.SwiftConstValuesFileList (in target 'ImpulseBlock' from project 'ImpulseBlock')
    cd /Users/shotaebi/Desktop/projects/personal/vibecoding/pd-extension/mobile/ios
    write-file /Users/shotaebi/Library/Developer/Xcode/DerivedData/ImpulseBlock-dewhddckbhxdqfclawzhypslvoim/Build/Intermediates.noindex/ImpulseBlock.build/Debug-iphonesimulator/ImpulseBlock.build/Objects-normal/x86_64/ImpulseBlock.SwiftConstValuesFileList

WriteAuxiliaryFile /Users/shotaebi/Library/Developer/Xcode/DerivedData/ImpulseBlock-dewhddckbhxdqfclawzhypslvoim/Build/Intermediates.noindex/ImpulseBlock.build/Debug-iphonesimulator/ImpulseBlock.build/Objects-normal/x86_64/ImpulseBlock.LinkFileList (in target 'ImpulseBlock' from project 'ImpulseBlock')
    cd /Users/shotaebi/Desktop/projects/personal/vibecoding/pd-extension/mobile/ios
    write-file /Users/shotaebi/Library/Developer/Xcode/DerivedData/ImpulseBlock-dewhddckbhxdqfclawzhypslvoim/Build/Intermediates.noindex/ImpulseBlock.build/Debug-iphonesimulator/ImpulseBlock.build/Objects-normal/x86_64/ImpulseBlock.LinkFileList

WriteAuxiliaryFile /Users/shotaebi/Library/Developer/Xcode/DerivedData/ImpulseBlock-dewhddckbhxdqfclawzhypslvoim/Build/Intermediates.noindex/ImpulseBlock.build/Debug-iphonesimulator/ImpulseBlock.build/Objects-normal/x86_64/ImpulseBlock-OutputFileMap.json (in target 'ImpulseBlock' from project 'ImpulseBlock')
    cd /Users/shotaebi/Desktop/projects/personal/vibecoding/pd-extension/mobile/ios
    write-file /Users/shotaebi/Library/Developer/Xcode/DerivedData/ImpulseBlock-dewhddckbhxdqfclawzhypslvoim/Build/Intermediates.noindex/ImpulseBlock.build/Debug-iphonesimulator/ImpulseBlock.build/Objects-normal/x86_64/ImpulseBlock-OutputFileMap.json

WriteAuxiliaryFile /Users/shotaebi/Library/Developer/Xcode/DerivedData/ImpulseBlock-dewhddckbhxdqfclawzhypslvoim/Build/Intermediates.noindex/ImpulseBlock.build/Debug-iphonesimulator/ImpulseBlock.build/Objects-normal/arm64/ImpulseBlock.SwiftFileList (in target 'ImpulseBlock' from project 'ImpulseBlock')
    cd /Users/shotaebi/Desktop/projects/personal/vibecoding/pd-extension/mobile/ios
    write-file /Users/shotaebi/Library/Developer/Xcode/DerivedData/ImpulseBlock-dewhddckbhxdqfclawzhypslvoim/Build/Intermediates.noindex/ImpulseBlock.build/Debug-iphonesimulator/ImpulseBlock.build/Objects-normal/arm64/ImpulseBlock.SwiftFileList

WriteAuxiliaryFile /Users/shotaebi/Library/Developer/Xcode/DerivedData/ImpulseBlock-dewhddckbhxdqfclawzhypslvoim/Build/Intermediates.noindex/ImpulseBlock.build/Debug-iphonesimulator/ImpulseBlock.build/Objects-normal/arm64/ImpulseBlock.SwiftConstValuesFileList (in target 'ImpulseBlock' from project 'ImpulseBlock')
    cd /Users/shotaebi/Desktop/projects/personal/vibecoding/pd-extension/mobile/ios
    write-file /Users/shotaebi/Library/Developer/Xcode/DerivedData/ImpulseBlock-dewhddckbhxdqfclawzhypslvoim/Build/Intermediates.noindex/ImpulseBlock.build/Debug-iphonesimulator/ImpulseBlock.build/Objects-normal/arm64/ImpulseBlock.SwiftConstValuesFileList

WriteAuxiliaryFile /Users/shotaebi/Library/Developer/Xcode/DerivedData/ImpulseBlock-dewhddckbhxdqfclawzhypslvoim/Build/Intermediates.noindex/ImpulseBlock.build/Debug-iphonesimulator/ImpulseBlock.build/Objects-normal/arm64/ImpulseBlock.LinkFileList (in target 'ImpulseBlock' from project 'ImpulseBlock')
    cd /Users/shotaebi/Desktop/projects/personal/vibecoding/pd-extension/mobile/ios
    write-file /Users/shotaebi/Library/Developer/Xcode/DerivedData/ImpulseBlock-dewhddckbhxdqfclawzhypslvoim/Build/Intermediates.noindex/ImpulseBlock.build/Debug-iphonesimulator/ImpulseBlock.build/Objects-normal/arm64/ImpulseBlock.LinkFileList

WriteAuxiliaryFile /Users/shotaebi/Library/Developer/Xcode/DerivedData/ImpulseBlock-dewhddckbhxdqfclawzhypslvoim/Build/Intermediates.noindex/ImpulseBlock.build/Debug-iphonesimulator/ImpulseBlock.build/Objects-normal/arm64/ImpulseBlock-OutputFileMap.json (in target 'ImpulseBlock' from project 'ImpulseBlock')
    cd /Users/shotaebi/Desktop/projects/personal/vibecoding/pd-extension/mobile/ios
    write-file /Users/shotaebi/Library/Developer/Xcode/DerivedData/ImpulseBlock-dewhddckbhxdqfclawzhypslvoim/Build/Intermediates.noindex/ImpulseBlock.build/Debug-iphonesimulator/ImpulseBlock.build/Objects-normal/arm64/ImpulseBlock-OutputFileMap.json

WriteAuxiliaryFile /Users/shotaebi/Library/Developer/Xcode/DerivedData/ImpulseBlock-dewhddckbhxdqfclawzhypslvoim/Build/Intermediates.noindex/ImpulseBlock.build/Debug-iphonesimulator/ImpulseBlock.build/Objects-normal/arm64/ImpulseBlock_const_extract_protocols.json (in target 'ImpulseBlock' from project 'ImpulseBlock')
    cd /Users/shotaebi/Desktop/projects/personal/vibecoding/pd-extension/mobile/ios
    write-file /Users/shotaebi/Library/Developer/Xcode/DerivedData/ImpulseBlock-dewhddckbhxdqfclawzhypslvoim/Build/Intermediates.noindex/ImpulseBlock.build/Debug-iphonesimulator/ImpulseBlock.build/Objects-normal/arm64/ImpulseBlock_const_extract_protocols.json

WriteAuxiliaryFile /Users/shotaebi/Library/Developer/Xcode/DerivedData/ImpulseBlock-dewhddckbhxdqfclawzhypslvoim/Build/Intermediates.noindex/ImpulseBlock.build/Debug-iphonesimulator/ImpulseBlock.build/ImpulseBlock.hmap (in target 'ImpulseBlock' from project 'ImpulseBlock')
    cd /Users/shotaebi/Desktop/projects/personal/vibecoding/pd-extension/mobile/ios
    write-file /Users/shotaebi/Library/Developer/Xcode/DerivedData/ImpulseBlock-dewhddckbhxdqfclawzhypslvoim/Build/Intermediates.noindex/ImpulseBlock.build/Debug-iphonesimulator/ImpulseBlock.build/ImpulseBlock.hmap

WriteAuxiliaryFile /Users/shotaebi/Library/Developer/Xcode/DerivedData/ImpulseBlock-dewhddckbhxdqfclawzhypslvoim/Build/Intermediates.noindex/ImpulseBlock.build/Debug-iphonesimulator/ImpulseBlock.build/ImpulseBlock.DependencyStaticMetadataFileList (in target 'ImpulseBlock' from project 'ImpulseBlock')
    cd /Users/shotaebi/Desktop/projects/personal/vibecoding/pd-extension/mobile/ios
    write-file /Users/shotaebi/Library/Developer/Xcode/DerivedData/ImpulseBlock-dewhddckbhxdqfclawzhypslvoim/Build/Intermediates.noindex/ImpulseBlock.build/Debug-iphonesimulator/ImpulseBlock.build/ImpulseBlock.DependencyStaticMetadataFileList

WriteAuxiliaryFile /Users/shotaebi/Library/Developer/Xcode/DerivedData/ImpulseBlock-dewhddckbhxdqfclawzhypslvoim/Build/Intermediates.noindex/ImpulseBlock.build/Debug-iphonesimulator/ImpulseBlock.build/ImpulseBlock.DependencyMetadataFileList (in target 'ImpulseBlock' from project 'ImpulseBlock')
    cd /Users/shotaebi/Desktop/projects/personal/vibecoding/pd-extension/mobile/ios
    write-file /Users/shotaebi/Library/Developer/Xcode/DerivedData/ImpulseBlock-dewhddckbhxdqfclawzhypslvoim/Build/Intermediates.noindex/ImpulseBlock.build/Debug-iphonesimulator/ImpulseBlock.build/ImpulseBlock.DependencyMetadataFileList

WriteAuxiliaryFile /Users/shotaebi/Library/Developer/Xcode/DerivedData/ImpulseBlock-dewhddckbhxdqfclawzhypslvoim/Build/Intermediates.noindex/ImpulseBlock.build/Debug-iphonesimulator/ImpulseBlock.build/ImpulseBlock-project-headers.hmap (in target 'ImpulseBlock' from project 'ImpulseBlock')
    cd /Users/shotaebi/Desktop/projects/personal/vibecoding/pd-extension/mobile/ios
    write-file /Users/shotaebi/Library/Developer/Xcode/DerivedData/ImpulseBlock-dewhddckbhxdqfclawzhypslvoim/Build/Intermediates.noindex/ImpulseBlock.build/Debug-iphonesimulator/ImpulseBlock.build/ImpulseBlock-project-headers.hmap

WriteAuxiliaryFile /Users/shotaebi/Library/Developer/Xcode/DerivedData/ImpulseBlock-dewhddckbhxdqfclawzhypslvoim/Build/Intermediates.noindex/ImpulseBlock.build/Debug-iphonesimulator/ImpulseBlock.build/ImpulseBlock-own-target-headers.hmap (in target 'ImpulseBlock' from project 'ImpulseBlock')
    cd /Users/shotaebi/Desktop/projects/personal/vibecoding/pd-extension/mobile/ios
    write-file /Users/shotaebi/Library/Developer/Xcode/DerivedData/ImpulseBlock-dewhddckbhxdqfclawzhypslvoim/Build/Intermediates.noindex/ImpulseBlock.build/Debug-iphonesimulator/ImpulseBlock.build/ImpulseBlock-own-target-headers.hmap

WriteAuxiliaryFile /Users/shotaebi/Library/Developer/Xcode/DerivedData/ImpulseBlock-dewhddckbhxdqfclawzhypslvoim/Build/Intermediates.noindex/ImpulseBlock.build/Debug-iphonesimulator/ImpulseBlock.build/ImpulseBlock-generated-files.hmap (in target 'ImpulseBlock' from project 'ImpulseBlock')
    cd /Users/shotaebi/Desktop/projects/personal/vibecoding/pd-extension/mobile/ios
    write-file /Users/shotaebi/Library/Developer/Xcode/DerivedData/ImpulseBlock-dewhddckbhxdqfclawzhypslvoim/Build/Intermediates.noindex/ImpulseBlock.build/Debug-iphonesimulator/ImpulseBlock.build/ImpulseBlock-generated-files.hmap

WriteAuxiliaryFile /Users/shotaebi/Library/Developer/Xcode/DerivedData/ImpulseBlock-dewhddckbhxdqfclawzhypslvoim/Build/Intermediates.noindex/ImpulseBlock.build/Debug-iphonesimulator/ImpulseBlock.build/ImpulseBlock-all-target-headers.hmap (in target 'ImpulseBlock' from project 'ImpulseBlock')
    cd /Users/shotaebi/Desktop/projects/personal/vibecoding/pd-extension/mobile/ios
    write-file /Users/shotaebi/Library/Developer/Xcode/DerivedData/ImpulseBlock-dewhddckbhxdqfclawzhypslvoim/Build/Intermediates.noindex/ImpulseBlock.build/Debug-iphonesimulator/ImpulseBlock.build/ImpulseBlock-all-target-headers.hmap

WriteAuxiliaryFile /Users/shotaebi/Library/Developer/Xcode/DerivedData/ImpulseBlock-dewhddckbhxdqfclawzhypslvoim/Build/Intermediates.noindex/ImpulseBlock.build/Debug-iphonesimulator/ImpulseBlock.build/ImpulseBlock-all-non-framework-target-headers.hmap (in target 'ImpulseBlock' from project 'ImpulseBlock')
    cd /Users/shotaebi/Desktop/projects/personal/vibecoding/pd-extension/mobile/ios
    write-file /Users/shotaebi/Library/Developer/Xcode/DerivedData/ImpulseBlock-dewhddckbhxdqfclawzhypslvoim/Build/Intermediates.noindex/ImpulseBlock.build/Debug-iphonesimulator/ImpulseBlock.build/ImpulseBlock-all-non-framework-target-headers.hmap

WriteAuxiliaryFile /Users/shotaebi/Library/Developer/Xcode/DerivedData/ImpulseBlock-dewhddckbhxdqfclawzhypslvoim/Build/Intermediates.noindex/ImpulseBlock.build/Debug-iphonesimulator/ImpulseBlock.build/ImpulseBlock-DebugDylibPath-normal-x86_64.txt (in target 'ImpulseBlock' from project 'ImpulseBlock')
    cd /Users/shotaebi/Desktop/projects/personal/vibecoding/pd-extension/mobile/ios
    write-file /Users/shotaebi/Library/Developer/Xcode/DerivedData/ImpulseBlock-dewhddckbhxdqfclawzhypslvoim/Build/Intermediates.noindex/ImpulseBlock.build/Debug-iphonesimulator/ImpulseBlock.build/ImpulseBlock-DebugDylibPath-normal-x86_64.txt

WriteAuxiliaryFile /Users/shotaebi/Library/Developer/Xcode/DerivedData/ImpulseBlock-dewhddckbhxdqfclawzhypslvoim/Build/Intermediates.noindex/ImpulseBlock.build/Debug-iphonesimulator/ImpulseBlock.build/ImpulseBlock-DebugDylibPath-normal-arm64.txt (in target 'ImpulseBlock' from project 'ImpulseBlock')
    cd /Users/shotaebi/Desktop/projects/personal/vibecoding/pd-extension/mobile/ios
    write-file /Users/shotaebi/Library/Developer/Xcode/DerivedData/ImpulseBlock-dewhddckbhxdqfclawzhypslvoim/Build/Intermediates.noindex/ImpulseBlock.build/Debug-iphonesimulator/ImpulseBlock.build/ImpulseBlock-DebugDylibPath-normal-arm64.txt

WriteAuxiliaryFile /Users/shotaebi/Library/Developer/Xcode/DerivedData/ImpulseBlock-dewhddckbhxdqfclawzhypslvoim/Build/Intermediates.noindex/ImpulseBlock.build/Debug-iphonesimulator/ImpulseBlock.build/ImpulseBlock-DebugDylibInstallName-normal-x86_64.txt (in target 'ImpulseBlock' from project 'ImpulseBlock')
    cd /Users/shotaebi/Desktop/projects/personal/vibecoding/pd-extension/mobile/ios
    write-file /Users/shotaebi/Library/Developer/Xcode/DerivedData/ImpulseBlock-dewhddckbhxdqfclawzhypslvoim/Build/Intermediates.noindex/ImpulseBlock.build/Debug-iphonesimulator/ImpulseBlock.build/ImpulseBlock-DebugDylibInstallName-normal-x86_64.txt

WriteAuxiliaryFile /Users/shotaebi/Library/Developer/Xcode/DerivedData/ImpulseBlock-dewhddckbhxdqfclawzhypslvoim/Build/Intermediates.noindex/ImpulseBlock.build/Debug-iphonesimulator/ImpulseBlock.build/ImpulseBlock-DebugDylibInstallName-normal-arm64.txt (in target 'ImpulseBlock' from project 'ImpulseBlock')
    cd /Users/shotaebi/Desktop/projects/personal/vibecoding/pd-extension/mobile/ios
    write-file /Users/shotaebi/Library/Developer/Xcode/DerivedData/ImpulseBlock-dewhddckbhxdqfclawzhypslvoim/Build/Intermediates.noindex/ImpulseBlock.build/Debug-iphonesimulator/ImpulseBlock.build/ImpulseBlock-DebugDylibInstallName-normal-arm64.txt

WriteAuxiliaryFile /Users/shotaebi/Library/Developer/Xcode/DerivedData/ImpulseBlock-dewhddckbhxdqfclawzhypslvoim/Build/Intermediates.noindex/ImpulseBlock.build/Debug-iphonesimulator/DeviceActivityMonitorExtension.build/Objects-normal/x86_64/DeviceActivityMonitorExtension_const_extract_protocols.json (in target 'DeviceActivityMonitorExtension' from project 'ImpulseBlock')
    cd /Users/shotaebi/Desktop/projects/personal/vibecoding/pd-extension/mobile/ios
    write-file /Users/shotaebi/Library/Developer/Xcode/DerivedData/ImpulseBlock-dewhddckbhxdqfclawzhypslvoim/Build/Intermediates.noindex/ImpulseBlock.build/Debug-iphonesimulator/DeviceActivityMonitorExtension.build/Objects-normal/x86_64/DeviceActivityMonitorExtension_const_extract_protocols.json

WriteAuxiliaryFile /Users/shotaebi/Library/Developer/Xcode/DerivedData/ImpulseBlock-dewhddckbhxdqfclawzhypslvoim/Build/Intermediates.noindex/ImpulseBlock.build/Debug-iphonesimulator/DeviceActivityMonitorExtension.build/Objects-normal/x86_64/DeviceActivityMonitorExtension.SwiftConstValuesFileList (in target 'DeviceActivityMonitorExtension' from project 'ImpulseBlock')
    cd /Users/shotaebi/Desktop/projects/personal/vibecoding/pd-extension/mobile/ios
    write-file /Users/shotaebi/Library/Developer/Xcode/DerivedData/ImpulseBlock-dewhddckbhxdqfclawzhypslvoim/Build/Intermediates.noindex/ImpulseBlock.build/Debug-iphonesimulator/DeviceActivityMonitorExtension.build/Objects-normal/x86_64/DeviceActivityMonitorExtension.SwiftConstValuesFileList

WriteAuxiliaryFile /Users/shotaebi/Library/Developer/Xcode/DerivedData/ImpulseBlock-dewhddckbhxdqfclawzhypslvoim/Build/Intermediates.noindex/ImpulseBlock.build/Debug-iphonesimulator/DeviceActivityMonitorExtension.build/Objects-normal/x86_64/DeviceActivityMonitorExtension.SwiftFileList (in target 'DeviceActivityMonitorExtension' from project 'ImpulseBlock')
    cd /Users/shotaebi/Desktop/projects/personal/vibecoding/pd-extension/mobile/ios
    write-file /Users/shotaebi/Library/Developer/Xcode/DerivedData/ImpulseBlock-dewhddckbhxdqfclawzhypslvoim/Build/Intermediates.noindex/ImpulseBlock.build/Debug-iphonesimulator/DeviceActivityMonitorExtension.build/Objects-normal/x86_64/DeviceActivityMonitorExtension.SwiftFileList

WriteAuxiliaryFile /Users/shotaebi/Library/Developer/Xcode/DerivedData/ImpulseBlock-dewhddckbhxdqfclawzhypslvoim/Build/Intermediates.noindex/ImpulseBlock.build/Debug-iphonesimulator/DeviceActivityMonitorExtension.build/Objects-normal/x86_64/DeviceActivityMonitorExtension.LinkFileList (in target 'DeviceActivityMonitorExtension' from project 'ImpulseBlock')
    cd /Users/shotaebi/Desktop/projects/personal/vibecoding/pd-extension/mobile/ios
    write-file /Users/shotaebi/Library/Developer/Xcode/DerivedData/ImpulseBlock-dewhddckbhxdqfclawzhypslvoim/Build/Intermediates.noindex/ImpulseBlock.build/Debug-iphonesimulator/DeviceActivityMonitorExtension.build/Objects-normal/x86_64/DeviceActivityMonitorExtension.LinkFileList

WriteAuxiliaryFile /Users/shotaebi/Library/Developer/Xcode/DerivedData/ImpulseBlock-dewhddckbhxdqfclawzhypslvoim/Build/Intermediates.noindex/ImpulseBlock.build/Debug-iphonesimulator/DeviceActivityMonitorExtension.build/Objects-normal/x86_64/DeviceActivityMonitorExtension-OutputFileMap.json (in target 'DeviceActivityMonitorExtension' from project 'ImpulseBlock')
    cd /Users/shotaebi/Desktop/projects/personal/vibecoding/pd-extension/mobile/ios
    write-file /Users/shotaebi/Library/Developer/Xcode/DerivedData/ImpulseBlock-dewhddckbhxdqfclawzhypslvoim/Build/Intermediates.noindex/ImpulseBlock.build/Debug-iphonesimulator/DeviceActivityMonitorExtension.build/Objects-normal/x86_64/DeviceActivityMonitorExtension-OutputFileMap.json

WriteAuxiliaryFile /Users/shotaebi/Library/Developer/Xcode/DerivedData/ImpulseBlock-dewhddckbhxdqfclawzhypslvoim/Build/Intermediates.noindex/ImpulseBlock.build/Debug-iphonesimulator/DeviceActivityMonitorExtension.build/Objects-normal/arm64/DeviceActivityMonitorExtension.SwiftFileList (in target 'DeviceActivityMonitorExtension' from project 'ImpulseBlock')
    cd /Users/shotaebi/Desktop/projects/personal/vibecoding/pd-extension/mobile/ios
    write-file /Users/shotaebi/Library/Developer/Xcode/DerivedData/ImpulseBlock-dewhddckbhxdqfclawzhypslvoim/Build/Intermediates.noindex/ImpulseBlock.build/Debug-iphonesimulator/DeviceActivityMonitorExtension.build/Objects-normal/arm64/DeviceActivityMonitorExtension.SwiftFileList

WriteAuxiliaryFile /Users/shotaebi/Library/Developer/Xcode/DerivedData/ImpulseBlock-dewhddckbhxdqfclawzhypslvoim/Build/Intermediates.noindex/ImpulseBlock.build/Debug-iphonesimulator/DeviceActivityMonitorExtension.build/Objects-normal/arm64/DeviceActivityMonitorExtension_const_extract_protocols.json (in target 'DeviceActivityMonitorExtension' from project 'ImpulseBlock')
    cd /Users/shotaebi/Desktop/projects/personal/vibecoding/pd-extension/mobile/ios
    write-file /Users/shotaebi/Library/Developer/Xcode/DerivedData/ImpulseBlock-dewhddckbhxdqfclawzhypslvoim/Build/Intermediates.noindex/ImpulseBlock.build/Debug-iphonesimulator/DeviceActivityMonitorExtension.build/Objects-normal/arm64/DeviceActivityMonitorExtension_const_extract_protocols.json

WriteAuxiliaryFile /Users/shotaebi/Library/Developer/Xcode/DerivedData/ImpulseBlock-dewhddckbhxdqfclawzhypslvoim/Build/Intermediates.noindex/ImpulseBlock.build/Debug-iphonesimulator/DeviceActivityMonitorExtension.build/Objects-normal/arm64/DeviceActivityMonitorExtension.SwiftConstValuesFileList (in target 'DeviceActivityMonitorExtension' from project 'ImpulseBlock')
    cd /Users/shotaebi/Desktop/projects/personal/vibecoding/pd-extension/mobile/ios
    write-file /Users/shotaebi/Library/Developer/Xcode/DerivedData/ImpulseBlock-dewhddckbhxdqfclawzhypslvoim/Build/Intermediates.noindex/ImpulseBlock.build/Debug-iphonesimulator/DeviceActivityMonitorExtension.build/Objects-normal/arm64/DeviceActivityMonitorExtension.SwiftConstValuesFileList

WriteAuxiliaryFile /Users/shotaebi/Library/Developer/Xcode/DerivedData/ImpulseBlock-dewhddckbhxdqfclawzhypslvoim/Build/Intermediates.noindex/ImpulseBlock.build/Debug-iphonesimulator/DeviceActivityMonitorExtension.build/Objects-normal/arm64/DeviceActivityMonitorExtension.LinkFileList (in target 'DeviceActivityMonitorExtension' from project 'ImpulseBlock')
    cd /Users/shotaebi/Desktop/projects/personal/vibecoding/pd-extension/mobile/ios
    write-file /Users/shotaebi/Library/Developer/Xcode/DerivedData/ImpulseBlock-dewhddckbhxdqfclawzhypslvoim/Build/Intermediates.noindex/ImpulseBlock.build/Debug-iphonesimulator/DeviceActivityMonitorExtension.build/Objects-normal/arm64/DeviceActivityMonitorExtension.LinkFileList

WriteAuxiliaryFile /Users/shotaebi/Library/Developer/Xcode/DerivedData/ImpulseBlock-dewhddckbhxdqfclawzhypslvoim/Build/Intermediates.noindex/ImpulseBlock.build/Debug-iphonesimulator/DeviceActivityMonitorExtension.build/Objects-normal/arm64/DeviceActivityMonitorExtension-OutputFileMap.json (in target 'DeviceActivityMonitorExtension' from project 'ImpulseBlock')
    cd /Users/shotaebi/Desktop/projects/personal/vibecoding/pd-extension/mobile/ios
    write-file /Users/shotaebi/Library/Developer/Xcode/DerivedData/ImpulseBlock-dewhddckbhxdqfclawzhypslvoim/Build/Intermediates.noindex/ImpulseBlock.build/Debug-iphonesimulator/DeviceActivityMonitorExtension.build/Objects-normal/arm64/DeviceActivityMonitorExtension-OutputFileMap.json

WriteAuxiliaryFile /Users/shotaebi/Library/Developer/Xcode/DerivedData/ImpulseBlock-dewhddckbhxdqfclawzhypslvoim/Build/Intermediates.noindex/ImpulseBlock.build/Debug-iphonesimulator/DeviceActivityMonitorExtension.build/DeviceActivityMonitorExtension.hmap (in target 'DeviceActivityMonitorExtension' from project 'ImpulseBlock')
    cd /Users/shotaebi/Desktop/projects/personal/vibecoding/pd-extension/mobile/ios
    write-file /Users/shotaebi/Library/Developer/Xcode/DerivedData/ImpulseBlock-dewhddckbhxdqfclawzhypslvoim/Build/Intermediates.noindex/ImpulseBlock.build/Debug-iphonesimulator/DeviceActivityMonitorExtension.build/DeviceActivityMonitorExtension.hmap

WriteAuxiliaryFile /Users/shotaebi/Library/Developer/Xcode/DerivedData/ImpulseBlock-dewhddckbhxdqfclawzhypslvoim/Build/Intermediates.noindex/ImpulseBlock.build/Debug-iphonesimulator/DeviceActivityMonitorExtension.build/DeviceActivityMonitorExtension.DependencyStaticMetadataFileList (in target 'DeviceActivityMonitorExtension' from project 'ImpulseBlock')
    cd /Users/shotaebi/Desktop/projects/personal/vibecoding/pd-extension/mobile/ios
    write-file /Users/shotaebi/Library/Developer/Xcode/DerivedData/ImpulseBlock-dewhddckbhxdqfclawzhypslvoim/Build/Intermediates.noindex/ImpulseBlock.build/Debug-iphonesimulator/DeviceActivityMonitorExtension.build/DeviceActivityMonitorExtension.DependencyStaticMetadataFileList

WriteAuxiliaryFile /Users/shotaebi/Library/Developer/Xcode/DerivedData/ImpulseBlock-dewhddckbhxdqfclawzhypslvoim/Build/Intermediates.noindex/ImpulseBlock.build/Debug-iphonesimulator/DeviceActivityMonitorExtension.build/DeviceActivityMonitorExtension.DependencyMetadataFileList (in target 'DeviceActivityMonitorExtension' from project 'ImpulseBlock')
    cd /Users/shotaebi/Desktop/projects/personal/vibecoding/pd-extension/mobile/ios
    write-file /Users/shotaebi/Library/Developer/Xcode/DerivedData/ImpulseBlock-dewhddckbhxdqfclawzhypslvoim/Build/Intermediates.noindex/ImpulseBlock.build/Debug-iphonesimulator/DeviceActivityMonitorExtension.build/DeviceActivityMonitorExtension.DependencyMetadataFileList

WriteAuxiliaryFile /Users/shotaebi/Library/Developer/Xcode/DerivedData/ImpulseBlock-dewhddckbhxdqfclawzhypslvoim/Build/Intermediates.noindex/ImpulseBlock.build/Debug-iphonesimulator/DeviceActivityMonitorExtension.build/DeviceActivityMonitorExtension-project-headers.hmap (in target 'DeviceActivityMonitorExtension' from project 'ImpulseBlock')
    cd /Users/shotaebi/Desktop/projects/personal/vibecoding/pd-extension/mobile/ios
    write-file /Users/shotaebi/Library/Developer/Xcode/DerivedData/ImpulseBlock-dewhddckbhxdqfclawzhypslvoim/Build/Intermediates.noindex/ImpulseBlock.build/Debug-iphonesimulator/DeviceActivityMonitorExtension.build/DeviceActivityMonitorExtension-project-headers.hmap

WriteAuxiliaryFile /Users/shotaebi/Library/Developer/Xcode/DerivedData/ImpulseBlock-dewhddckbhxdqfclawzhypslvoim/Build/Intermediates.noindex/ImpulseBlock.build/Debug-iphonesimulator/DeviceActivityMonitorExtension.build/DeviceActivityMonitorExtension-own-target-headers.hmap (in target 'DeviceActivityMonitorExtension' from project 'ImpulseBlock')
    cd /Users/shotaebi/Desktop/projects/personal/vibecoding/pd-extension/mobile/ios
    write-file /Users/shotaebi/Library/Developer/Xcode/DerivedData/ImpulseBlock-dewhddckbhxdqfclawzhypslvoim/Build/Intermediates.noindex/ImpulseBlock.build/Debug-iphonesimulator/DeviceActivityMonitorExtension.build/DeviceActivityMonitorExtension-own-target-headers.hmap

WriteAuxiliaryFile /Users/shotaebi/Library/Developer/Xcode/DerivedData/ImpulseBlock-dewhddckbhxdqfclawzhypslvoim/Build/Intermediates.noindex/ImpulseBlock.build/Debug-iphonesimulator/DeviceActivityMonitorExtension.build/DeviceActivityMonitorExtension-generated-files.hmap (in target 'DeviceActivityMonitorExtension' from project 'ImpulseBlock')
    cd /Users/shotaebi/Desktop/projects/personal/vibecoding/pd-extension/mobile/ios
    write-file /Users/shotaebi/Library/Developer/Xcode/DerivedData/ImpulseBlock-dewhddckbhxdqfclawzhypslvoim/Build/Intermediates.noindex/ImpulseBlock.build/Debug-iphonesimulator/DeviceActivityMonitorExtension.build/DeviceActivityMonitorExtension-generated-files.hmap

WriteAuxiliaryFile /Users/shotaebi/Library/Developer/Xcode/DerivedData/ImpulseBlock-dewhddckbhxdqfclawzhypslvoim/Build/Intermediates.noindex/ImpulseBlock.build/Debug-iphonesimulator/DeviceActivityMonitorExtension.build/DeviceActivityMonitorExtension-all-target-headers.hmap (in target 'DeviceActivityMonitorExtension' from project 'ImpulseBlock')
    cd /Users/shotaebi/Desktop/projects/personal/vibecoding/pd-extension/mobile/ios
    write-file /Users/shotaebi/Library/Developer/Xcode/DerivedData/ImpulseBlock-dewhddckbhxdqfclawzhypslvoim/Build/Intermediates.noindex/ImpulseBlock.build/Debug-iphonesimulator/DeviceActivityMonitorExtension.build/DeviceActivityMonitorExtension-all-target-headers.hmap

WriteAuxiliaryFile /Users/shotaebi/Library/Developer/Xcode/DerivedData/ImpulseBlock-dewhddckbhxdqfclawzhypslvoim/Build/Intermediates.noindex/ImpulseBlock.build/Debug-iphonesimulator/DeviceActivityMonitorExtension.build/DeviceActivityMonitorExtension-all-non-framework-target-headers.hmap (in target 'DeviceActivityMonitorExtension' from project 'ImpulseBlock')
    cd /Users/shotaebi/Desktop/projects/personal/vibecoding/pd-extension/mobile/ios
    write-file /Users/shotaebi/Library/Developer/Xcode/DerivedData/ImpulseBlock-dewhddckbhxdqfclawzhypslvoim/Build/Intermediates.noindex/ImpulseBlock.build/Debug-iphonesimulator/DeviceActivityMonitorExtension.build/DeviceActivityMonitorExtension-all-non-framework-target-headers.hmap

WriteAuxiliaryFile /Users/shotaebi/Library/Developer/Xcode/DerivedData/ImpulseBlock-dewhddckbhxdqfclawzhypslvoim/Build/Intermediates.noindex/ImpulseBlock.build/Debug-iphonesimulator/DeviceActivityMonitorExtension.build/DeviceActivityMonitorExtension-DebugEntryPoint-normal-x86_64.txt (in target 'DeviceActivityMonitorExtension' from project 'ImpulseBlock')
    cd /Users/shotaebi/Desktop/projects/personal/vibecoding/pd-extension/mobile/ios
    write-file /Users/shotaebi/Library/Developer/Xcode/DerivedData/ImpulseBlock-dewhddckbhxdqfclawzhypslvoim/Build/Intermediates.noindex/ImpulseBlock.build/Debug-iphonesimulator/DeviceActivityMonitorExtension.build/DeviceActivityMonitorExtension-DebugEntryPoint-normal-x86_64.txt

WriteAuxiliaryFile /Users/shotaebi/Library/Developer/Xcode/DerivedData/ImpulseBlock-dewhddckbhxdqfclawzhypslvoim/Build/Intermediates.noindex/ImpulseBlock.build/Debug-iphonesimulator/DeviceActivityMonitorExtension.build/DeviceActivityMonitorExtension-DebugEntryPoint-normal-arm64.txt (in target 'DeviceActivityMonitorExtension' from project 'ImpulseBlock')
    cd /Users/shotaebi/Desktop/projects/personal/vibecoding/pd-extension/mobile/ios
    write-file /Users/shotaebi/Library/Developer/Xcode/DerivedData/ImpulseBlock-dewhddckbhxdqfclawzhypslvoim/Build/Intermediates.noindex/ImpulseBlock.build/Debug-iphonesimulator/DeviceActivityMonitorExtension.build/DeviceActivityMonitorExtension-DebugEntryPoint-normal-arm64.txt

WriteAuxiliaryFile /Users/shotaebi/Library/Developer/Xcode/DerivedData/ImpulseBlock-dewhddckbhxdqfclawzhypslvoim/Build/Intermediates.noindex/ImpulseBlock.build/Debug-iphonesimulator/DeviceActivityMonitorExtension.build/DeviceActivityMonitorExtension-DebugDylibPath-normal-x86_64.txt (in target 'DeviceActivityMonitorExtension' from project 'ImpulseBlock')
    cd /Users/shotaebi/Desktop/projects/personal/vibecoding/pd-extension/mobile/ios
    write-file /Users/shotaebi/Library/Developer/Xcode/DerivedData/ImpulseBlock-dewhddckbhxdqfclawzhypslvoim/Build/Intermediates.noindex/ImpulseBlock.build/Debug-iphonesimulator/DeviceActivityMonitorExtension.build/DeviceActivityMonitorExtension-DebugDylibPath-normal-x86_64.txt

WriteAuxiliaryFile /Users/shotaebi/Library/Developer/Xcode/DerivedData/ImpulseBlock-dewhddckbhxdqfclawzhypslvoim/Build/Intermediates.noindex/ImpulseBlock.build/Debug-iphonesimulator/DeviceActivityMonitorExtension.build/DeviceActivityMonitorExtension-DebugDylibPath-normal-arm64.txt (in target 'DeviceActivityMonitorExtension' from project 'ImpulseBlock')
    cd /Users/shotaebi/Desktop/projects/personal/vibecoding/pd-extension/mobile/ios
    write-file /Users/shotaebi/Library/Developer/Xcode/DerivedData/ImpulseBlock-dewhddckbhxdqfclawzhypslvoim/Build/Intermediates.noindex/ImpulseBlock.build/Debug-iphonesimulator/DeviceActivityMonitorExtension.build/DeviceActivityMonitorExtension-DebugDylibPath-normal-arm64.txt

WriteAuxiliaryFile /Users/shotaebi/Library/Developer/Xcode/DerivedData/ImpulseBlock-dewhddckbhxdqfclawzhypslvoim/Build/Intermediates.noindex/ImpulseBlock.build/Debug-iphonesimulator/DeviceActivityMonitorExtension.build/DeviceActivityMonitorExtension-DebugDylibInstallName-normal-x86_64.txt (in target 'DeviceActivityMonitorExtension' from project 'ImpulseBlock')
    cd /Users/shotaebi/Desktop/projects/personal/vibecoding/pd-extension/mobile/ios
    write-file /Users/shotaebi/Library/Developer/Xcode/DerivedData/ImpulseBlock-dewhddckbhxdqfclawzhypslvoim/Build/Intermediates.noindex/ImpulseBlock.build/Debug-iphonesimulator/DeviceActivityMonitorExtension.build/DeviceActivityMonitorExtension-DebugDylibInstallName-normal-x86_64.txt

WriteAuxiliaryFile /Users/shotaebi/Library/Developer/Xcode/DerivedData/ImpulseBlock-dewhddckbhxdqfclawzhypslvoim/Build/Intermediates.noindex/ImpulseBlock.build/Debug-iphonesimulator/DeviceActivityMonitorExtension.build/DeviceActivityMonitorExtension-DebugDylibInstallName-normal-arm64.txt (in target 'DeviceActivityMonitorExtension' from project 'ImpulseBlock')
    cd /Users/shotaebi/Desktop/projects/personal/vibecoding/pd-extension/mobile/ios
    write-file /Users/shotaebi/Library/Developer/Xcode/DerivedData/ImpulseBlock-dewhddckbhxdqfclawzhypslvoim/Build/Intermediates.noindex/ImpulseBlock.build/Debug-iphonesimulator/DeviceActivityMonitorExtension.build/DeviceActivityMonitorExtension-DebugDylibInstallName-normal-arm64.txt

MkDir /Users/shotaebi/Library/Developer/Xcode/DerivedData/ImpulseBlock-dewhddckbhxdqfclawzhypslvoim/Build/Products/Debug-iphonesimulator/ShieldConfigurationExtension.appex (in target 'ShieldConfigurationExtension' from project 'ImpulseBlock')
    cd /Users/shotaebi/Desktop/projects/personal/vibecoding/pd-extension/mobile/ios
    /bin/mkdir -p /Users/shotaebi/Library/Developer/Xcode/DerivedData/ImpulseBlock-dewhddckbhxdqfclawzhypslvoim/Build/Products/Debug-iphonesimulator/ShieldConfigurationExtension.appex

MkDir /Users/shotaebi/Library/Developer/Xcode/DerivedData/ImpulseBlock-dewhddckbhxdqfclawzhypslvoim/Build/Products/Debug-iphonesimulator/ShieldActionExtension.appex (in target 'ShieldActionExtension' from project 'ImpulseBlock')
    cd /Users/shotaebi/Desktop/projects/personal/vibecoding/pd-extension/mobile/ios
    /bin/mkdir -p /Users/shotaebi/Library/Developer/Xcode/DerivedData/ImpulseBlock-dewhddckbhxdqfclawzhypslvoim/Build/Products/Debug-iphonesimulator/ShieldActionExtension.appex

MkDir /Users/shotaebi/Library/Developer/Xcode/DerivedData/ImpulseBlock-dewhddckbhxdqfclawzhypslvoim/Build/Products/Debug-iphonesimulator/ImpulseBlock.app (in target 'ImpulseBlock' from project 'ImpulseBlock')
    cd /Users/shotaebi/Desktop/projects/personal/vibecoding/pd-extension/mobile/ios
    /bin/mkdir -p /Users/shotaebi/Library/Developer/Xcode/DerivedData/ImpulseBlock-dewhddckbhxdqfclawzhypslvoim/Build/Products/Debug-iphonesimulator/ImpulseBlock.app

MkDir /Users/shotaebi/Library/Developer/Xcode/DerivedData/ImpulseBlock-dewhddckbhxdqfclawzhypslvoim/Build/Products/Debug-iphonesimulator/ImpulseBlock.app/PlugIns (in target 'ImpulseBlock' from project 'ImpulseBlock')
    cd /Users/shotaebi/Desktop/projects/personal/vibecoding/pd-extension/mobile/ios
    /bin/mkdir -p /Users/shotaebi/Library/Developer/Xcode/DerivedData/ImpulseBlock-dewhddckbhxdqfclawzhypslvoim/Build/Products/Debug-iphonesimulator/ImpulseBlock.app/PlugIns

MkDir /Users/shotaebi/Library/Developer/Xcode/DerivedData/ImpulseBlock-dewhddckbhxdqfclawzhypslvoim/Build/Products/Debug-iphonesimulator/DeviceActivityMonitorExtension.appex (in target 'DeviceActivityMonitorExtension' from project 'ImpulseBlock')
    cd /Users/shotaebi/Desktop/projects/personal/vibecoding/pd-extension/mobile/ios
    /bin/mkdir -p /Users/shotaebi/Library/Developer/Xcode/DerivedData/ImpulseBlock-dewhddckbhxdqfclawzhypslvoim/Build/Products/Debug-iphonesimulator/DeviceActivityMonitorExtension.appex

ProcessInfoPlistFile /Users/shotaebi/Library/Developer/Xcode/DerivedData/ImpulseBlock-dewhddckbhxdqfclawzhypslvoim/Build/Products/Debug-iphonesimulator/ShieldConfigurationExtension.appex/Info.plist /Users/shotaebi/Desktop/projects/personal/vibecoding/pd-extension/mobile/ios/ShieldConfigurationExtension/Info.plist (in target 'ShieldConfigurationExtension' from project 'ImpulseBlock')
    cd /Users/shotaebi/Desktop/projects/personal/vibecoding/pd-extension/mobile/ios
    builtin-infoPlistUtility /Users/shotaebi/Desktop/projects/personal/vibecoding/pd-extension/mobile/ios/ShieldConfigurationExtension/Info.plist -producttype com.apple.product-type.app-extension -expandbuildsettings -format binary -platform iphonesimulator -o /Users/shotaebi/Library/Developer/Xcode/DerivedData/ImpulseBlock-dewhddckbhxdqfclawzhypslvoim/Build/Products/Debug-iphonesimulator/ShieldConfigurationExtension.appex/Info.plist

CopyPNGFile /Users/shotaebi/Library/Developer/Xcode/DerivedData/ImpulseBlock-dewhddckbhxdqfclawzhypslvoim/Build/Products/Debug-iphonesimulator/ShieldConfigurationExtension.appex/enso.png /Users/shotaebi/Desktop/projects/personal/vibecoding/pd-extension/mobile/ios/ShieldConfigurationExtension/Resources/enso.png (in target 'ShieldConfigurationExtension' from project 'ImpulseBlock')
    cd /Users/shotaebi/Desktop/projects/personal/vibecoding/pd-extension/mobile/ios
    /Applications/Xcode.app/Contents/Developer/usr/bin/copypng -compress -strip-PNG-text /Users/shotaebi/Desktop/projects/personal/vibecoding/pd-extension/mobile/ios/ShieldConfigurationExtension/Resources/enso.png /Users/shotaebi/Library/Developer/Xcode/DerivedData/ImpulseBlock-dewhddckbhxdqfclawzhypslvoim/Build/Products/Debug-iphonesimulator/ShieldConfigurationExtension.appex/enso.png

Ld /Users/shotaebi/Library/Developer/Xcode/DerivedData/ImpulseBlock-dewhddckbhxdqfclawzhypslvoim/Build/Intermediates.noindex/ImpulseBlock.build/Debug-iphonesimulator/ShieldConfigurationExtension.build/Objects-normal/x86_64/Binary/__preview.dylib normal x86_64 (in target 'ShieldConfigurationExtension' from project 'ImpulseBlock')
    cd /Users/shotaebi/Desktop/projects/personal/vibecoding/pd-extension/mobile/ios
    /Applications/Xcode.app/Contents/Developer/Toolchains/XcodeDefault.xctoolchain/usr/bin/clang -Xlinker -reproducible -target x86_64-apple-ios16.0-simulator -dynamiclib -isysroot /Applications/Xcode.app/Contents/Developer/Platforms/iPhoneSimulator.platform/Developer/SDKs/iPhoneSimulator26.2.sdk -O0 -L/Users/shotaebi/Library/Developer/Xcode/DerivedData/ImpulseBlock-dewhddckbhxdqfclawzhypslvoim/Build/Products/Debug-iphonesimulator -F/Users/shotaebi/Library/Developer/Xcode/DerivedData/ImpulseBlock-dewhddckbhxdqfclawzhypslvoim/Build/Products/Debug-iphonesimulator -install_name @rpath/ShieldConfigurationExtension.debug.dylib -dead_strip -rdynamic -Xlinker -no_deduplicate -Xlinker -objc_abi_version -Xlinker 2 -Xlinker -dependency_info -Xlinker /Users/shotaebi/Library/Developer/Xcode/DerivedData/ImpulseBlock-dewhddckbhxdqfclawzhypslvoim/Build/Intermediates.noindex/ImpulseBlock.build/Debug-iphonesimulator/ShieldConfigurationExtension.build/Objects-normal/x86_64/ShieldConfigurationExtension_dependency_info.dat -o /Users/shotaebi/Library/Developer/Xcode/DerivedData/ImpulseBlock-dewhddckbhxdqfclawzhypslvoim/Build/Intermediates.noindex/ImpulseBlock.build/Debug-iphonesimulator/ShieldConfigurationExtension.build/Objects-normal/x86_64/Binary/__preview.dylib

Ld /Users/shotaebi/Library/Developer/Xcode/DerivedData/ImpulseBlock-dewhddckbhxdqfclawzhypslvoim/Build/Intermediates.noindex/ImpulseBlock.build/Debug-iphonesimulator/ShieldConfigurationExtension.build/Objects-normal/arm64/Binary/__preview.dylib normal arm64 (in target 'ShieldConfigurationExtension' from project 'ImpulseBlock')
    cd /Users/shotaebi/Desktop/projects/personal/vibecoding/pd-extension/mobile/ios
    /Applications/Xcode.app/Contents/Developer/Toolchains/XcodeDefault.xctoolchain/usr/bin/clang -Xlinker -reproducible -target arm64-apple-ios16.0-simulator -dynamiclib -isysroot /Applications/Xcode.app/Contents/Developer/Platforms/iPhoneSimulator.platform/Developer/SDKs/iPhoneSimulator26.2.sdk -O0 -L/Users/shotaebi/Library/Developer/Xcode/DerivedData/ImpulseBlock-dewhddckbhxdqfclawzhypslvoim/Build/Products/Debug-iphonesimulator -F/Users/shotaebi/Library/Developer/Xcode/DerivedData/ImpulseBlock-dewhddckbhxdqfclawzhypslvoim/Build/Products/Debug-iphonesimulator -install_name @rpath/ShieldConfigurationExtension.debug.dylib -dead_strip -rdynamic -Xlinker -no_deduplicate -Xlinker -objc_abi_version -Xlinker 2 -Xlinker -dependency_info -Xlinker /Users/shotaebi/Library/Developer/Xcode/DerivedData/ImpulseBlock-dewhddckbhxdqfclawzhypslvoim/Build/Intermediates.noindex/ImpulseBlock.build/Debug-iphonesimulator/ShieldConfigurationExtension.build/Objects-normal/arm64/ShieldConfigurationExtension_dependency_info.dat -o /Users/shotaebi/Library/Developer/Xcode/DerivedData/ImpulseBlock-dewhddckbhxdqfclawzhypslvoim/Build/Intermediates.noindex/ImpulseBlock.build/Debug-iphonesimulator/ShieldConfigurationExtension.build/Objects-normal/arm64/Binary/__preview.dylib

ProcessInfoPlistFile /Users/shotaebi/Library/Developer/Xcode/DerivedData/ImpulseBlock-dewhddckbhxdqfclawzhypslvoim/Build/Products/Debug-iphonesimulator/ShieldActionExtension.appex/Info.plist /Users/shotaebi/Desktop/projects/personal/vibecoding/pd-extension/mobile/ios/ShieldActionExtension/Info.plist (in target 'ShieldActionExtension' from project 'ImpulseBlock')
    cd /Users/shotaebi/Desktop/projects/personal/vibecoding/pd-extension/mobile/ios
    builtin-infoPlistUtility /Users/shotaebi/Desktop/projects/personal/vibecoding/pd-extension/mobile/ios/ShieldActionExtension/Info.plist -producttype com.apple.product-type.app-extension -expandbuildsettings -format binary -platform iphonesimulator -o /Users/shotaebi/Library/Developer/Xcode/DerivedData/ImpulseBlock-dewhddckbhxdqfclawzhypslvoim/Build/Products/Debug-iphonesimulator/ShieldActionExtension.appex/Info.plist

Ld /Users/shotaebi/Library/Developer/Xcode/DerivedData/ImpulseBlock-dewhddckbhxdqfclawzhypslvoim/Build/Intermediates.noindex/ImpulseBlock.build/Debug-iphonesimulator/ShieldActionExtension.build/Objects-normal/x86_64/Binary/__preview.dylib normal x86_64 (in target 'ShieldActionExtension' from project 'ImpulseBlock')
    cd /Users/shotaebi/Desktop/projects/personal/vibecoding/pd-extension/mobile/ios
    /Applications/Xcode.app/Contents/Developer/Toolchains/XcodeDefault.xctoolchain/usr/bin/clang -Xlinker -reproducible -target x86_64-apple-ios16.0-simulator -dynamiclib -isysroot /Applications/Xcode.app/Contents/Developer/Platforms/iPhoneSimulator.platform/Developer/SDKs/iPhoneSimulator26.2.sdk -O0 -L/Users/shotaebi/Library/Developer/Xcode/DerivedData/ImpulseBlock-dewhddckbhxdqfclawzhypslvoim/Build/Products/Debug-iphonesimulator -F/Users/shotaebi/Library/Developer/Xcode/DerivedData/ImpulseBlock-dewhddckbhxdqfclawzhypslvoim/Build/Products/Debug-iphonesimulator -install_name @rpath/ShieldActionExtension.debug.dylib -dead_strip -rdynamic -Xlinker -no_deduplicate -Xlinker -objc_abi_version -Xlinker 2 -Xlinker -dependency_info -Xlinker /Users/shotaebi/Library/Developer/Xcode/DerivedData/ImpulseBlock-dewhddckbhxdqfclawzhypslvoim/Build/Intermediates.noindex/ImpulseBlock.build/Debug-iphonesimulator/ShieldActionExtension.build/Objects-normal/x86_64/ShieldActionExtension_dependency_info.dat -o /Users/shotaebi/Library/Developer/Xcode/DerivedData/ImpulseBlock-dewhddckbhxdqfclawzhypslvoim/Build/Intermediates.noindex/ImpulseBlock.build/Debug-iphonesimulator/ShieldActionExtension.build/Objects-normal/x86_64/Binary/__preview.dylib

Ld /Users/shotaebi/Library/Developer/Xcode/DerivedData/ImpulseBlock-dewhddckbhxdqfclawzhypslvoim/Build/Intermediates.noindex/ImpulseBlock.build/Debug-iphonesimulator/ShieldActionExtension.build/Objects-normal/arm64/Binary/__preview.dylib normal arm64 (in target 'ShieldActionExtension' from project 'ImpulseBlock')
    cd /Users/shotaebi/Desktop/projects/personal/vibecoding/pd-extension/mobile/ios
    /Applications/Xcode.app/Contents/Developer/Toolchains/XcodeDefault.xctoolchain/usr/bin/clang -Xlinker -reproducible -target arm64-apple-ios16.0-simulator -dynamiclib -isysroot /Applications/Xcode.app/Contents/Developer/Platforms/iPhoneSimulator.platform/Developer/SDKs/iPhoneSimulator26.2.sdk -O0 -L/Users/shotaebi/Library/Developer/Xcode/DerivedData/ImpulseBlock-dewhddckbhxdqfclawzhypslvoim/Build/Products/Debug-iphonesimulator -F/Users/shotaebi/Library/Developer/Xcode/DerivedData/ImpulseBlock-dewhddckbhxdqfclawzhypslvoim/Build/Products/Debug-iphonesimulator -install_name @rpath/ShieldActionExtension.debug.dylib -dead_strip -rdynamic -Xlinker -no_deduplicate -Xlinker -objc_abi_version -Xlinker 2 -Xlinker -dependency_info -Xlinker /Users/shotaebi/Library/Developer/Xcode/DerivedData/ImpulseBlock-dewhddckbhxdqfclawzhypslvoim/Build/Intermediates.noindex/ImpulseBlock.build/Debug-iphonesimulator/ShieldActionExtension.build/Objects-normal/arm64/ShieldActionExtension_dependency_info.dat -o /Users/shotaebi/Library/Developer/Xcode/DerivedData/ImpulseBlock-dewhddckbhxdqfclawzhypslvoim/Build/Intermediates.noindex/ImpulseBlock.build/Debug-iphonesimulator/ShieldActionExtension.build/Objects-normal/arm64/Binary/__preview.dylib

ProcessInfoPlistFile /Users/shotaebi/Library/Developer/Xcode/DerivedData/ImpulseBlock-dewhddckbhxdqfclawzhypslvoim/Build/Products/Debug-iphonesimulator/DeviceActivityMonitorExtension.appex/Info.plist /Users/shotaebi/Desktop/projects/personal/vibecoding/pd-extension/mobile/ios/DeviceActivityMonitorExtension/Info.plist (in target 'DeviceActivityMonitorExtension' from project 'ImpulseBlock')
    cd /Users/shotaebi/Desktop/projects/personal/vibecoding/pd-extension/mobile/ios
    builtin-infoPlistUtility /Users/shotaebi/Desktop/projects/personal/vibecoding/pd-extension/mobile/ios/DeviceActivityMonitorExtension/Info.plist -producttype com.apple.product-type.app-extension -expandbuildsettings -format binary -platform iphonesimulator -o /Users/shotaebi/Library/Developer/Xcode/DerivedData/ImpulseBlock-dewhddckbhxdqfclawzhypslvoim/Build/Products/Debug-iphonesimulator/DeviceActivityMonitorExtension.appex/Info.plist

Ld /Users/shotaebi/Library/Developer/Xcode/DerivedData/ImpulseBlock-dewhddckbhxdqfclawzhypslvoim/Build/Intermediates.noindex/ImpulseBlock.build/Debug-iphonesimulator/DeviceActivityMonitorExtension.build/Objects-normal/x86_64/Binary/__preview.dylib normal x86_64 (in target 'DeviceActivityMonitorExtension' from project 'ImpulseBlock')
    cd /Users/shotaebi/Desktop/projects/personal/vibecoding/pd-extension/mobile/ios
    /Applications/Xcode.app/Contents/Developer/Toolchains/XcodeDefault.xctoolchain/usr/bin/clang -Xlinker -reproducible -target x86_64-apple-ios16.0-simulator -dynamiclib -isysroot /Applications/Xcode.app/Contents/Developer/Platforms/iPhoneSimulator.platform/Developer/SDKs/iPhoneSimulator26.2.sdk -O0 -L/Users/shotaebi/Library/Developer/Xcode/DerivedData/ImpulseBlock-dewhddckbhxdqfclawzhypslvoim/Build/Products/Debug-iphonesimulator -F/Users/shotaebi/Library/Developer/Xcode/DerivedData/ImpulseBlock-dewhddckbhxdqfclawzhypslvoim/Build/Products/Debug-iphonesimulator -install_name @rpath/DeviceActivityMonitorExtension.debug.dylib -dead_strip -rdynamic -Xlinker -no_deduplicate -Xlinker -objc_abi_version -Xlinker 2 -Xlinker -dependency_info -Xlinker /Users/shotaebi/Library/Developer/Xcode/DerivedData/ImpulseBlock-dewhddckbhxdqfclawzhypslvoim/Build/Intermediates.noindex/ImpulseBlock.build/Debug-iphonesimulator/DeviceActivityMonitorExtension.build/Objects-normal/x86_64/DeviceActivityMonitorExtension_dependency_info.dat -o /Users/shotaebi/Library/Developer/Xcode/DerivedData/ImpulseBlock-dewhddckbhxdqfclawzhypslvoim/Build/Intermediates.noindex/ImpulseBlock.build/Debug-iphonesimulator/DeviceActivityMonitorExtension.build/Objects-normal/x86_64/Binary/__preview.dylib

Ld /Users/shotaebi/Library/Developer/Xcode/DerivedData/ImpulseBlock-dewhddckbhxdqfclawzhypslvoim/Build/Intermediates.noindex/ImpulseBlock.build/Debug-iphonesimulator/DeviceActivityMonitorExtension.build/Objects-normal/arm64/Binary/__preview.dylib normal arm64 (in target 'DeviceActivityMonitorExtension' from project 'ImpulseBlock')
    cd /Users/shotaebi/Desktop/projects/personal/vibecoding/pd-extension/mobile/ios
    /Applications/Xcode.app/Contents/Developer/Toolchains/XcodeDefault.xctoolchain/usr/bin/clang -Xlinker -reproducible -target arm64-apple-ios16.0-simulator -dynamiclib -isysroot /Applications/Xcode.app/Contents/Developer/Platforms/iPhoneSimulator.platform/Developer/SDKs/iPhoneSimulator26.2.sdk -O0 -L/Users/shotaebi/Library/Developer/Xcode/DerivedData/ImpulseBlock-dewhddckbhxdqfclawzhypslvoim/Build/Products/Debug-iphonesimulator -F/Users/shotaebi/Library/Developer/Xcode/DerivedData/ImpulseBlock-dewhddckbhxdqfclawzhypslvoim/Build/Products/Debug-iphonesimulator -install_name @rpath/DeviceActivityMonitorExtension.debug.dylib -dead_strip -rdynamic -Xlinker -no_deduplicate -Xlinker -objc_abi_version -Xlinker 2 -Xlinker -dependency_info -Xlinker /Users/shotaebi/Library/Developer/Xcode/DerivedData/ImpulseBlock-dewhddckbhxdqfclawzhypslvoim/Build/Intermediates.noindex/ImpulseBlock.build/Debug-iphonesimulator/DeviceActivityMonitorExtension.build/Objects-normal/arm64/DeviceActivityMonitorExtension_dependency_info.dat -o /Users/shotaebi/Library/Developer/Xcode/DerivedData/ImpulseBlock-dewhddckbhxdqfclawzhypslvoim/Build/Intermediates.noindex/ImpulseBlock.build/Debug-iphonesimulator/DeviceActivityMonitorExtension.build/Objects-normal/arm64/Binary/__preview.dylib

CreateUniversalBinary /Users/shotaebi/Library/Developer/Xcode/DerivedData/ImpulseBlock-dewhddckbhxdqfclawzhypslvoim/Build/Products/Debug-iphonesimulator/ShieldConfigurationExtension.appex/__preview.dylib normal arm64\ x86_64 (in target 'ShieldConfigurationExtension' from project 'ImpulseBlock')
    cd /Users/shotaebi/Desktop/projects/personal/vibecoding/pd-extension/mobile/ios
    /Applications/Xcode.app/Contents/Developer/Toolchains/XcodeDefault.xctoolchain/usr/bin/lipo -create /Users/shotaebi/Library/Developer/Xcode/DerivedData/ImpulseBlock-dewhddckbhxdqfclawzhypslvoim/Build/Intermediates.noindex/ImpulseBlock.build/Debug-iphonesimulator/ShieldConfigurationExtension.build/Objects-normal/arm64/Binary/__preview.dylib /Users/shotaebi/Library/Developer/Xcode/DerivedData/ImpulseBlock-dewhddckbhxdqfclawzhypslvoim/Build/Intermediates.noindex/ImpulseBlock.build/Debug-iphonesimulator/ShieldConfigurationExtension.build/Objects-normal/x86_64/Binary/__preview.dylib -output /Users/shotaebi/Library/Developer/Xcode/DerivedData/ImpulseBlock-dewhddckbhxdqfclawzhypslvoim/Build/Products/Debug-iphonesimulator/ShieldConfigurationExtension.appex/__preview.dylib

CreateUniversalBinary /Users/shotaebi/Library/Developer/Xcode/DerivedData/ImpulseBlock-dewhddckbhxdqfclawzhypslvoim/Build/Products/Debug-iphonesimulator/DeviceActivityMonitorExtension.appex/__preview.dylib normal arm64\ x86_64 (in target 'DeviceActivityMonitorExtension' from project 'ImpulseBlock')
    cd /Users/shotaebi/Desktop/projects/personal/vibecoding/pd-extension/mobile/ios
    /Applications/Xcode.app/Contents/Developer/Toolchains/XcodeDefault.xctoolchain/usr/bin/lipo -create /Users/shotaebi/Library/Developer/Xcode/DerivedData/ImpulseBlock-dewhddckbhxdqfclawzhypslvoim/Build/Intermediates.noindex/ImpulseBlock.build/Debug-iphonesimulator/DeviceActivityMonitorExtension.build/Objects-normal/arm64/Binary/__preview.dylib /Users/shotaebi/Library/Developer/Xcode/DerivedData/ImpulseBlock-dewhddckbhxdqfclawzhypslvoim/Build/Intermediates.noindex/ImpulseBlock.build/Debug-iphonesimulator/DeviceActivityMonitorExtension.build/Objects-normal/x86_64/Binary/__preview.dylib -output /Users/shotaebi/Library/Developer/Xcode/DerivedData/ImpulseBlock-dewhddckbhxdqfclawzhypslvoim/Build/Products/Debug-iphonesimulator/DeviceActivityMonitorExtension.appex/__preview.dylib

CreateUniversalBinary /Users/shotaebi/Library/Developer/Xcode/DerivedData/ImpulseBlock-dewhddckbhxdqfclawzhypslvoim/Build/Products/Debug-iphonesimulator/ShieldActionExtension.appex/__preview.dylib normal arm64\ x86_64 (in target 'ShieldActionExtension' from project 'ImpulseBlock')
    cd /Users/shotaebi/Desktop/projects/personal/vibecoding/pd-extension/mobile/ios
    /Applications/Xcode.app/Contents/Developer/Toolchains/XcodeDefault.xctoolchain/usr/bin/lipo -create /Users/shotaebi/Library/Developer/Xcode/DerivedData/ImpulseBlock-dewhddckbhxdqfclawzhypslvoim/Build/Intermediates.noindex/ImpulseBlock.build/Debug-iphonesimulator/ShieldActionExtension.build/Objects-normal/arm64/Binary/__preview.dylib /Users/shotaebi/Library/Developer/Xcode/DerivedData/ImpulseBlock-dewhddckbhxdqfclawzhypslvoim/Build/Intermediates.noindex/ImpulseBlock.build/Debug-iphonesimulator/ShieldActionExtension.build/Objects-normal/x86_64/Binary/__preview.dylib -output /Users/shotaebi/Library/Developer/Xcode/DerivedData/ImpulseBlock-dewhddckbhxdqfclawzhypslvoim/Build/Products/Debug-iphonesimulator/ShieldActionExtension.appex/__preview.dylib

SwiftDriver ShieldConfigurationExtension normal arm64 com.apple.xcode.tools.swift.compiler (in target 'ShieldConfigurationExtension' from project 'ImpulseBlock')
    cd /Users/shotaebi/Desktop/projects/personal/vibecoding/pd-extension/mobile/ios
    builtin-SwiftDriver -- /Applications/Xcode.app/Contents/Developer/Toolchains/XcodeDefault.xctoolchain/usr/bin/swiftc -module-name ShieldConfigurationExtension -Onone -enforce-exclusivity\=checked @/Users/shotaebi/Library/Developer/Xcode/DerivedData/ImpulseBlock-dewhddckbhxdqfclawzhypslvoim/Build/Intermediates.noindex/ImpulseBlock.build/Debug-iphonesimulator/ShieldConfigurationExtension.build/Objects-normal/arm64/ShieldConfigurationExtension.SwiftFileList -DDEBUG -enable-bare-slash-regex -enable-experimental-feature DebugDescriptionMacro -sdk /Applications/Xcode.app/Contents/Developer/Platforms/iPhoneSimulator.platform/Developer/SDKs/iPhoneSimulator26.2.sdk -target arm64-apple-ios16.0-simulator -g -module-cache-path /Users/shotaebi/Library/Developer/Xcode/DerivedData/ModuleCache.noindex -Xfrontend -serialize-debugging-options -application-extension -enable-testing -index-store-path /Users/shotaebi/Library/Developer/Xcode/DerivedData/ImpulseBlock-dewhddckbhxdqfclawzhypslvoim/Index.noindex/DataStore -Xcc -D_LIBCPP_HARDENING_MODE\=_LIBCPP_HARDENING_MODE_DEBUG -swift-version 5 -I /Users/shotaebi/Library/Developer/Xcode/DerivedData/ImpulseBlock-dewhddckbhxdqfclawzhypslvoim/Build/Products/Debug-iphonesimulator -F /Users/shotaebi/Library/Developer/Xcode/DerivedData/ImpulseBlock-dewhddckbhxdqfclawzhypslvoim/Build/Products/Debug-iphonesimulator -c -j14 -enable-batch-mode -incremental -Xcc -ivfsstatcache -Xcc /Users/shotaebi/Library/Developer/Xcode/DerivedData/SDKStatCaches.noindex/iphonesimulator26.2-23C57-7d00a8b37fbd7999ea79df8ebc024bf0.sdkstatcache -output-file-map /Users/shotaebi/Library/Developer/Xcode/DerivedData/ImpulseBlock-dewhddckbhxdqfclawzhypslvoim/Build/Intermediates.noindex/ImpulseBlock.build/Debug-iphonesimulator/ShieldConfigurationExtension.build/Objects-normal/arm64/ShieldConfigurationExtension-OutputFileMap.json -use-frontend-parseable-output -save-temps -no-color-diagnostics -explicit-module-build -module-cache-path /Users/shotaebi/Library/Developer/Xcode/DerivedData/ImpulseBlock-dewhddckbhxdqfclawzhypslvoim/Build/Intermediates.noindex/SwiftExplicitPrecompiledModules -clang-scanner-module-cache-path /Users/shotaebi/Library/Developer/Xcode/DerivedData/ModuleCache.noindex -sdk-module-cache-path /Users/shotaebi/Library/Developer/Xcode/DerivedData/ModuleCache.noindex -serialize-diagnostics -emit-dependencies -emit-module -emit-module-path /Users/shotaebi/Library/Developer/Xcode/DerivedData/ImpulseBlock-dewhddckbhxdqfclawzhypslvoim/Build/Intermediates.noindex/ImpulseBlock.build/Debug-iphonesimulator/ShieldConfigurationExtension.build/Objects-normal/arm64/ShieldConfigurationExtension.swiftmodule -validate-clang-modules-once -clang-build-session-file /Users/shotaebi/Library/Developer/Xcode/DerivedData/ModuleCache.noindex/Session.modulevalidation -Xcc -I/Users/shotaebi/Library/Developer/Xcode/DerivedData/ImpulseBlock-dewhddckbhxdqfclawzhypslvoim/Build/Intermediates.noindex/ImpulseBlock.build/Debug-iphonesimulator/ShieldConfigurationExtension.build/swift-overrides.hmap -emit-const-values -Xfrontend -const-gather-protocols-file -Xfrontend /Users/shotaebi/Library/Developer/Xcode/DerivedData/ImpulseBlock-dewhddckbhxdqfclawzhypslvoim/Build/Intermediates.noindex/ImpulseBlock.build/Debug-iphonesimulator/ShieldConfigurationExtension.build/Objects-normal/arm64/ShieldConfigurationExtension_const_extract_protocols.json -Xcc -iquote -Xcc /Users/shotaebi/Library/Developer/Xcode/DerivedData/ImpulseBlock-dewhddckbhxdqfclawzhypslvoim/Build/Intermediates.noindex/ImpulseBlock.build/Debug-iphonesimulator/ShieldConfigurationExtension.build/ShieldConfigurationExtension-generated-files.hmap -Xcc -I/Users/shotaebi/Library/Developer/Xcode/DerivedData/ImpulseBlock-dewhddckbhxdqfclawzhypslvoim/Build/Intermediates.noindex/ImpulseBlock.build/Debug-iphonesimulator/ShieldConfigurationExtension.build/ShieldConfigurationExtension-own-target-headers.hmap -Xcc -I/Users/shotaebi/Library/Developer/Xcode/DerivedData/ImpulseBlock-dewhddckbhxdqfclawzhypslvoim/Build/Intermediates.noindex/ImpulseBlock.build/Debug-iphonesimulator/ShieldConfigurationExtension.build/ShieldConfigurationExtension-all-target-headers.hmap -Xcc -iquote -Xcc /Users/shotaebi/Library/Developer/Xcode/DerivedData/ImpulseBlock-dewhddckbhxdqfclawzhypslvoim/Build/Intermediates.noindex/ImpulseBlock.build/Debug-iphonesimulator/ShieldConfigurationExtension.build/ShieldConfigurationExtension-project-headers.hmap -Xcc -I/Users/shotaebi/Library/Developer/Xcode/DerivedData/ImpulseBlock-dewhddckbhxdqfclawzhypslvoim/Build/Products/Debug-iphonesimulator/include -Xcc -I/Users/shotaebi/Library/Developer/Xcode/DerivedData/ImpulseBlock-dewhddckbhxdqfclawzhypslvoim/Build/Intermediates.noindex/ImpulseBlock.build/Debug-iphonesimulator/ShieldConfigurationExtension.build/DerivedSources-normal/arm64 -Xcc -I/Users/shotaebi/Library/Developer/Xcode/DerivedData/ImpulseBlock-dewhddckbhxdqfclawzhypslvoim/Build/Intermediates.noindex/ImpulseBlock.build/Debug-iphonesimulator/ShieldConfigurationExtension.build/DerivedSources/arm64 -Xcc -I/Users/shotaebi/Library/Developer/Xcode/DerivedData/ImpulseBlock-dewhddckbhxdqfclawzhypslvoim/Build/Intermediates.noindex/ImpulseBlock.build/Debug-iphonesimulator/ShieldConfigurationExtension.build/DerivedSources -Xcc -DDEBUG\=1 -emit-objc-header -emit-objc-header-path /Users/shotaebi/Library/Developer/Xcode/DerivedData/ImpulseBlock-dewhddckbhxdqfclawzhypslvoim/Build/Intermediates.noindex/ImpulseBlock.build/Debug-iphonesimulator/ShieldConfigurationExtension.build/Objects-normal/arm64/ShieldConfigurationExtension-Swift.h -working-directory /Users/shotaebi/Desktop/projects/personal/vibecoding/pd-extension/mobile/ios -experimental-emit-module-separately -disable-cmo

SwiftDriver DeviceActivityMonitorExtension normal arm64 com.apple.xcode.tools.swift.compiler (in target 'DeviceActivityMonitorExtension' from project 'ImpulseBlock')
    cd /Users/shotaebi/Desktop/projects/personal/vibecoding/pd-extension/mobile/ios
    builtin-SwiftDriver -- /Applications/Xcode.app/Contents/Developer/Toolchains/XcodeDefault.xctoolchain/usr/bin/swiftc -module-name DeviceActivityMonitorExtension -Onone -enforce-exclusivity\=checked @/Users/shotaebi/Library/Developer/Xcode/DerivedData/ImpulseBlock-dewhddckbhxdqfclawzhypslvoim/Build/Intermediates.noindex/ImpulseBlock.build/Debug-iphonesimulator/DeviceActivityMonitorExtension.build/Objects-normal/arm64/DeviceActivityMonitorExtension.SwiftFileList -DDEBUG -enable-bare-slash-regex -enable-experimental-feature DebugDescriptionMacro -sdk /Applications/Xcode.app/Contents/Developer/Platforms/iPhoneSimulator.platform/Developer/SDKs/iPhoneSimulator26.2.sdk -target arm64-apple-ios16.0-simulator -g -module-cache-path /Users/shotaebi/Library/Developer/Xcode/DerivedData/ModuleCache.noindex -Xfrontend -serialize-debugging-options -application-extension -enable-testing -index-store-path /Users/shotaebi/Library/Developer/Xcode/DerivedData/ImpulseBlock-dewhddckbhxdqfclawzhypslvoim/Index.noindex/DataStore -Xcc -D_LIBCPP_HARDENING_MODE\=_LIBCPP_HARDENING_MODE_DEBUG -swift-version 5 -I /Users/shotaebi/Library/Developer/Xcode/DerivedData/ImpulseBlock-dewhddckbhxdqfclawzhypslvoim/Build/Products/Debug-iphonesimulator -F /Users/shotaebi/Library/Developer/Xcode/DerivedData/ImpulseBlock-dewhddckbhxdqfclawzhypslvoim/Build/Products/Debug-iphonesimulator -c -j14 -enable-batch-mode -incremental -Xcc -ivfsstatcache -Xcc /Users/shotaebi/Library/Developer/Xcode/DerivedData/SDKStatCaches.noindex/iphonesimulator26.2-23C57-7d00a8b37fbd7999ea79df8ebc024bf0.sdkstatcache -output-file-map /Users/shotaebi/Library/Developer/Xcode/DerivedData/ImpulseBlock-dewhddckbhxdqfclawzhypslvoim/Build/Intermediates.noindex/ImpulseBlock.build/Debug-iphonesimulator/DeviceActivityMonitorExtension.build/Objects-normal/arm64/DeviceActivityMonitorExtension-OutputFileMap.json -use-frontend-parseable-output -save-temps -no-color-diagnostics -explicit-module-build -module-cache-path /Users/shotaebi/Library/Developer/Xcode/DerivedData/ImpulseBlock-dewhddckbhxdqfclawzhypslvoim/Build/Intermediates.noindex/SwiftExplicitPrecompiledModules -clang-scanner-module-cache-path /Users/shotaebi/Library/Developer/Xcode/DerivedData/ModuleCache.noindex -sdk-module-cache-path /Users/shotaebi/Library/Developer/Xcode/DerivedData/ModuleCache.noindex -serialize-diagnostics -emit-dependencies -emit-module -emit-module-path /Users/shotaebi/Library/Developer/Xcode/DerivedData/ImpulseBlock-dewhddckbhxdqfclawzhypslvoim/Build/Intermediates.noindex/ImpulseBlock.build/Debug-iphonesimulator/DeviceActivityMonitorExtension.build/Objects-normal/arm64/DeviceActivityMonitorExtension.swiftmodule -validate-clang-modules-once -clang-build-session-file /Users/shotaebi/Library/Developer/Xcode/DerivedData/ModuleCache.noindex/Session.modulevalidation -Xcc -I/Users/shotaebi/Library/Developer/Xcode/DerivedData/ImpulseBlock-dewhddckbhxdqfclawzhypslvoim/Build/Intermediates.noindex/ImpulseBlock.build/Debug-iphonesimulator/DeviceActivityMonitorExtension.build/swift-overrides.hmap -emit-const-values -Xfrontend -const-gather-protocols-file -Xfrontend /Users/shotaebi/Library/Developer/Xcode/DerivedData/ImpulseBlock-dewhddckbhxdqfclawzhypslvoim/Build/Intermediates.noindex/ImpulseBlock.build/Debug-iphonesimulator/DeviceActivityMonitorExtension.build/Objects-normal/arm64/DeviceActivityMonitorExtension_const_extract_protocols.json -Xcc -iquote -Xcc /Users/shotaebi/Library/Developer/Xcode/DerivedData/ImpulseBlock-dewhddckbhxdqfclawzhypslvoim/Build/Intermediates.noindex/ImpulseBlock.build/Debug-iphonesimulator/DeviceActivityMonitorExtension.build/DeviceActivityMonitorExtension-generated-files.hmap -Xcc -I/Users/shotaebi/Library/Developer/Xcode/DerivedData/ImpulseBlock-dewhddckbhxdqfclawzhypslvoim/Build/Intermediates.noindex/ImpulseBlock.build/Debug-iphonesimulator/DeviceActivityMonitorExtension.build/DeviceActivityMonitorExtension-own-target-headers.hmap -Xcc -I/Users/shotaebi/Library/Developer/Xcode/DerivedData/ImpulseBlock-dewhddckbhxdqfclawzhypslvoim/Build/Intermediates.noindex/ImpulseBlock.build/Debug-iphonesimulator/DeviceActivityMonitorExtension.build/DeviceActivityMonitorExtension-all-target-headers.hmap -Xcc -iquote -Xcc /Users/shotaebi/Library/Developer/Xcode/DerivedData/ImpulseBlock-dewhddckbhxdqfclawzhypslvoim/Build/Intermediates.noindex/ImpulseBlock.build/Debug-iphonesimulator/DeviceActivityMonitorExtension.build/DeviceActivityMonitorExtension-project-headers.hmap -Xcc -I/Users/shotaebi/Library/Developer/Xcode/DerivedData/ImpulseBlock-dewhddckbhxdqfclawzhypslvoim/Build/Products/Debug-iphonesimulator/include -Xcc -I/Users/shotaebi/Library/Developer/Xcode/DerivedData/ImpulseBlock-dewhddckbhxdqfclawzhypslvoim/Build/Intermediates.noindex/ImpulseBlock.build/Debug-iphonesimulator/DeviceActivityMonitorExtension.build/DerivedSources-normal/arm64 -Xcc -I/Users/shotaebi/Library/Developer/Xcode/DerivedData/ImpulseBlock-dewhddckbhxdqfclawzhypslvoim/Build/Intermediates.noindex/ImpulseBlock.build/Debug-iphonesimulator/DeviceActivityMonitorExtension.build/DerivedSources/arm64 -Xcc -I/Users/shotaebi/Library/Developer/Xcode/DerivedData/ImpulseBlock-dewhddckbhxdqfclawzhypslvoim/Build/Intermediates.noindex/ImpulseBlock.build/Debug-iphonesimulator/DeviceActivityMonitorExtension.build/DerivedSources -Xcc -DDEBUG\=1 -emit-objc-header -emit-objc-header-path /Users/shotaebi/Library/Developer/Xcode/DerivedData/ImpulseBlock-dewhddckbhxdqfclawzhypslvoim/Build/Intermediates.noindex/ImpulseBlock.build/Debug-iphonesimulator/DeviceActivityMonitorExtension.build/Objects-normal/arm64/DeviceActivityMonitorExtension-Swift.h -working-directory /Users/shotaebi/Desktop/projects/personal/vibecoding/pd-extension/mobile/ios -experimental-emit-module-separately -disable-cmo

SwiftDriver ShieldActionExtension normal x86_64 com.apple.xcode.tools.swift.compiler (in target 'ShieldActionExtension' from project 'ImpulseBlock')
    cd /Users/shotaebi/Desktop/projects/personal/vibecoding/pd-extension/mobile/ios
    builtin-SwiftDriver -- /Applications/Xcode.app/Contents/Developer/Toolchains/XcodeDefault.xctoolchain/usr/bin/swiftc -module-name ShieldActionExtension -Onone -enforce-exclusivity\=checked @/Users/shotaebi/Library/Developer/Xcode/DerivedData/ImpulseBlock-dewhddckbhxdqfclawzhypslvoim/Build/Intermediates.noindex/ImpulseBlock.build/Debug-iphonesimulator/ShieldActionExtension.build/Objects-normal/x86_64/ShieldActionExtension.SwiftFileList -DDEBUG -enable-bare-slash-regex -enable-experimental-feature DebugDescriptionMacro -sdk /Applications/Xcode.app/Contents/Developer/Platforms/iPhoneSimulator.platform/Developer/SDKs/iPhoneSimulator26.2.sdk -target x86_64-apple-ios16.0-simulator -g -module-cache-path /Users/shotaebi/Library/Developer/Xcode/DerivedData/ModuleCache.noindex -Xfrontend -serialize-debugging-options -application-extension -enable-testing -index-store-path /Users/shotaebi/Library/Developer/Xcode/DerivedData/ImpulseBlock-dewhddckbhxdqfclawzhypslvoim/Index.noindex/DataStore -Xcc -D_LIBCPP_HARDENING_MODE\=_LIBCPP_HARDENING_MODE_DEBUG -swift-version 5 -I /Users/shotaebi/Library/Developer/Xcode/DerivedData/ImpulseBlock-dewhddckbhxdqfclawzhypslvoim/Build/Products/Debug-iphonesimulator -F /Users/shotaebi/Library/Developer/Xcode/DerivedData/ImpulseBlock-dewhddckbhxdqfclawzhypslvoim/Build/Products/Debug-iphonesimulator -c -j14 -enable-batch-mode -incremental -Xcc -ivfsstatcache -Xcc /Users/shotaebi/Library/Developer/Xcode/DerivedData/SDKStatCaches.noindex/iphonesimulator26.2-23C57-7d00a8b37fbd7999ea79df8ebc024bf0.sdkstatcache -output-file-map /Users/shotaebi/Library/Developer/Xcode/DerivedData/ImpulseBlock-dewhddckbhxdqfclawzhypslvoim/Build/Intermediates.noindex/ImpulseBlock.build/Debug-iphonesimulator/ShieldActionExtension.build/Objects-normal/x86_64/ShieldActionExtension-OutputFileMap.json -use-frontend-parseable-output -save-temps -no-color-diagnostics -explicit-module-build -module-cache-path /Users/shotaebi/Library/Developer/Xcode/DerivedData/ImpulseBlock-dewhddckbhxdqfclawzhypslvoim/Build/Intermediates.noindex/SwiftExplicitPrecompiledModules -clang-scanner-module-cache-path /Users/shotaebi/Library/Developer/Xcode/DerivedData/ModuleCache.noindex -sdk-module-cache-path /Users/shotaebi/Library/Developer/Xcode/DerivedData/ModuleCache.noindex -serialize-diagnostics -emit-dependencies -emit-module -emit-module-path /Users/shotaebi/Library/Developer/Xcode/DerivedData/ImpulseBlock-dewhddckbhxdqfclawzhypslvoim/Build/Intermediates.noindex/ImpulseBlock.build/Debug-iphonesimulator/ShieldActionExtension.build/Objects-normal/x86_64/ShieldActionExtension.swiftmodule -validate-clang-modules-once -clang-build-session-file /Users/shotaebi/Library/Developer/Xcode/DerivedData/ModuleCache.noindex/Session.modulevalidation -Xcc -I/Users/shotaebi/Library/Developer/Xcode/DerivedData/ImpulseBlock-dewhddckbhxdqfclawzhypslvoim/Build/Intermediates.noindex/ImpulseBlock.build/Debug-iphonesimulator/ShieldActionExtension.build/swift-overrides.hmap -emit-const-values -Xfrontend -const-gather-protocols-file -Xfrontend /Users/shotaebi/Library/Developer/Xcode/DerivedData/ImpulseBlock-dewhddckbhxdqfclawzhypslvoim/Build/Intermediates.noindex/ImpulseBlock.build/Debug-iphonesimulator/ShieldActionExtension.build/Objects-normal/x86_64/ShieldActionExtension_const_extract_protocols.json -Xcc -iquote -Xcc /Users/shotaebi/Library/Developer/Xcode/DerivedData/ImpulseBlock-dewhddckbhxdqfclawzhypslvoim/Build/Intermediates.noindex/ImpulseBlock.build/Debug-iphonesimulator/ShieldActionExtension.build/ShieldActionExtension-generated-files.hmap -Xcc -I/Users/shotaebi/Library/Developer/Xcode/DerivedData/ImpulseBlock-dewhddckbhxdqfclawzhypslvoim/Build/Intermediates.noindex/ImpulseBlock.build/Debug-iphonesimulator/ShieldActionExtension.build/ShieldActionExtension-own-target-headers.hmap -Xcc -I/Users/shotaebi/Library/Developer/Xcode/DerivedData/ImpulseBlock-dewhddckbhxdqfclawzhypslvoim/Build/Intermediates.noindex/ImpulseBlock.build/Debug-iphonesimulator/ShieldActionExtension.build/ShieldActionExtension-all-target-headers.hmap -Xcc -iquote -Xcc /Users/shotaebi/Library/Developer/Xcode/DerivedData/ImpulseBlock-dewhddckbhxdqfclawzhypslvoim/Build/Intermediates.noindex/ImpulseBlock.build/Debug-iphonesimulator/ShieldActionExtension.build/ShieldActionExtension-project-headers.hmap -Xcc -I/Users/shotaebi/Library/Developer/Xcode/DerivedData/ImpulseBlock-dewhddckbhxdqfclawzhypslvoim/Build/Products/Debug-iphonesimulator/include -Xcc -I/Users/shotaebi/Library/Developer/Xcode/DerivedData/ImpulseBlock-dewhddckbhxdqfclawzhypslvoim/Build/Intermediates.noindex/ImpulseBlock.build/Debug-iphonesimulator/ShieldActionExtension.build/DerivedSources-normal/x86_64 -Xcc -I/Users/shotaebi/Library/Developer/Xcode/DerivedData/ImpulseBlock-dewhddckbhxdqfclawzhypslvoim/Build/Intermediates.noindex/ImpulseBlock.build/Debug-iphonesimulator/ShieldActionExtension.build/DerivedSources/x86_64 -Xcc -I/Users/shotaebi/Library/Developer/Xcode/DerivedData/ImpulseBlock-dewhddckbhxdqfclawzhypslvoim/Build/Intermediates.noindex/ImpulseBlock.build/Debug-iphonesimulator/ShieldActionExtension.build/DerivedSources -Xcc -DDEBUG\=1 -emit-objc-header -emit-objc-header-path /Users/shotaebi/Library/Developer/Xcode/DerivedData/ImpulseBlock-dewhddckbhxdqfclawzhypslvoim/Build/Intermediates.noindex/ImpulseBlock.build/Debug-iphonesimulator/ShieldActionExtension.build/Objects-normal/x86_64/ShieldActionExtension-Swift.h -working-directory /Users/shotaebi/Desktop/projects/personal/vibecoding/pd-extension/mobile/ios -experimental-emit-module-separately -disable-cmo

SwiftDriver ShieldActionExtension normal arm64 com.apple.xcode.tools.swift.compiler (in target 'ShieldActionExtension' from project 'ImpulseBlock')
    cd /Users/shotaebi/Desktop/projects/personal/vibecoding/pd-extension/mobile/ios
    builtin-SwiftDriver -- /Applications/Xcode.app/Contents/Developer/Toolchains/XcodeDefault.xctoolchain/usr/bin/swiftc -module-name ShieldActionExtension -Onone -enforce-exclusivity\=checked @/Users/shotaebi/Library/Developer/Xcode/DerivedData/ImpulseBlock-dewhddckbhxdqfclawzhypslvoim/Build/Intermediates.noindex/ImpulseBlock.build/Debug-iphonesimulator/ShieldActionExtension.build/Objects-normal/arm64/ShieldActionExtension.SwiftFileList -DDEBUG -enable-bare-slash-regex -enable-experimental-feature DebugDescriptionMacro -sdk /Applications/Xcode.app/Contents/Developer/Platforms/iPhoneSimulator.platform/Developer/SDKs/iPhoneSimulator26.2.sdk -target arm64-apple-ios16.0-simulator -g -module-cache-path /Users/shotaebi/Library/Developer/Xcode/DerivedData/ModuleCache.noindex -Xfrontend -serialize-debugging-options -application-extension -enable-testing -index-store-path /Users/shotaebi/Library/Developer/Xcode/DerivedData/ImpulseBlock-dewhddckbhxdqfclawzhypslvoim/Index.noindex/DataStore -Xcc -D_LIBCPP_HARDENING_MODE\=_LIBCPP_HARDENING_MODE_DEBUG -swift-version 5 -I /Users/shotaebi/Library/Developer/Xcode/DerivedData/ImpulseBlock-dewhddckbhxdqfclawzhypslvoim/Build/Products/Debug-iphonesimulator -F /Users/shotaebi/Library/Developer/Xcode/DerivedData/ImpulseBlock-dewhddckbhxdqfclawzhypslvoim/Build/Products/Debug-iphonesimulator -c -j14 -enable-batch-mode -incremental -Xcc -ivfsstatcache -Xcc /Users/shotaebi/Library/Developer/Xcode/DerivedData/SDKStatCaches.noindex/iphonesimulator26.2-23C57-7d00a8b37fbd7999ea79df8ebc024bf0.sdkstatcache -output-file-map /Users/shotaebi/Library/Developer/Xcode/DerivedData/ImpulseBlock-dewhddckbhxdqfclawzhypslvoim/Build/Intermediates.noindex/ImpulseBlock.build/Debug-iphonesimulator/ShieldActionExtension.build/Objects-normal/arm64/ShieldActionExtension-OutputFileMap.json -use-frontend-parseable-output -save-temps -no-color-diagnostics -explicit-module-build -module-cache-path /Users/shotaebi/Library/Developer/Xcode/DerivedData/ImpulseBlock-dewhddckbhxdqfclawzhypslvoim/Build/Intermediates.noindex/SwiftExplicitPrecompiledModules -clang-scanner-module-cache-path /Users/shotaebi/Library/Developer/Xcode/DerivedData/ModuleCache.noindex -sdk-module-cache-path /Users/shotaebi/Library/Developer/Xcode/DerivedData/ModuleCache.noindex -serialize-diagnostics -emit-dependencies -emit-module -emit-module-path /Users/shotaebi/Library/Developer/Xcode/DerivedData/ImpulseBlock-dewhddckbhxdqfclawzhypslvoim/Build/Intermediates.noindex/ImpulseBlock.build/Debug-iphonesimulator/ShieldActionExtension.build/Objects-normal/arm64/ShieldActionExtension.swiftmodule -validate-clang-modules-once -clang-build-session-file /Users/shotaebi/Library/Developer/Xcode/DerivedData/ModuleCache.noindex/Session.modulevalidation -Xcc -I/Users/shotaebi/Library/Developer/Xcode/DerivedData/ImpulseBlock-dewhddckbhxdqfclawzhypslvoim/Build/Intermediates.noindex/ImpulseBlock.build/Debug-iphonesimulator/ShieldActionExtension.build/swift-overrides.hmap -emit-const-values -Xfrontend -const-gather-protocols-file -Xfrontend /Users/shotaebi/Library/Developer/Xcode/DerivedData/ImpulseBlock-dewhddckbhxdqfclawzhypslvoim/Build/Intermediates.noindex/ImpulseBlock.build/Debug-iphonesimulator/ShieldActionExtension.build/Objects-normal/arm64/ShieldActionExtension_const_extract_protocols.json -Xcc -iquote -Xcc /Users/shotaebi/Library/Developer/Xcode/DerivedData/ImpulseBlock-dewhddckbhxdqfclawzhypslvoim/Build/Intermediates.noindex/ImpulseBlock.build/Debug-iphonesimulator/ShieldActionExtension.build/ShieldActionExtension-generated-files.hmap -Xcc -I/Users/shotaebi/Library/Developer/Xcode/DerivedData/ImpulseBlock-dewhddckbhxdqfclawzhypslvoim/Build/Intermediates.noindex/ImpulseBlock.build/Debug-iphonesimulator/ShieldActionExtension.build/ShieldActionExtension-own-target-headers.hmap -Xcc -I/Users/shotaebi/Library/Developer/Xcode/DerivedData/ImpulseBlock-dewhddckbhxdqfclawzhypslvoim/Build/Intermediates.noindex/ImpulseBlock.build/Debug-iphonesimulator/ShieldActionExtension.build/ShieldActionExtension-all-target-headers.hmap -Xcc -iquote -Xcc /Users/shotaebi/Library/Developer/Xcode/DerivedData/ImpulseBlock-dewhddckbhxdqfclawzhypslvoim/Build/Intermediates.noindex/ImpulseBlock.build/Debug-iphonesimulator/ShieldActionExtension.build/ShieldActionExtension-project-headers.hmap -Xcc -I/Users/shotaebi/Library/Developer/Xcode/DerivedData/ImpulseBlock-dewhddckbhxdqfclawzhypslvoim/Build/Products/Debug-iphonesimulator/include -Xcc -I/Users/shotaebi/Library/Developer/Xcode/DerivedData/ImpulseBlock-dewhddckbhxdqfclawzhypslvoim/Build/Intermediates.noindex/ImpulseBlock.build/Debug-iphonesimulator/ShieldActionExtension.build/DerivedSources-normal/arm64 -Xcc -I/Users/shotaebi/Library/Developer/Xcode/DerivedData/ImpulseBlock-dewhddckbhxdqfclawzhypslvoim/Build/Intermediates.noindex/ImpulseBlock.build/Debug-iphonesimulator/ShieldActionExtension.build/DerivedSources/arm64 -Xcc -I/Users/shotaebi/Library/Developer/Xcode/DerivedData/ImpulseBlock-dewhddckbhxdqfclawzhypslvoim/Build/Intermediates.noindex/ImpulseBlock.build/Debug-iphonesimulator/ShieldActionExtension.build/DerivedSources -Xcc -DDEBUG\=1 -emit-objc-header -emit-objc-header-path /Users/shotaebi/Library/Developer/Xcode/DerivedData/ImpulseBlock-dewhddckbhxdqfclawzhypslvoim/Build/Intermediates.noindex/ImpulseBlock.build/Debug-iphonesimulator/ShieldActionExtension.build/Objects-normal/arm64/ShieldActionExtension-Swift.h -working-directory /Users/shotaebi/Desktop/projects/personal/vibecoding/pd-extension/mobile/ios -experimental-emit-module-separately -disable-cmo

SwiftDriver ShieldConfigurationExtension normal x86_64 com.apple.xcode.tools.swift.compiler (in target 'ShieldConfigurationExtension' from project 'ImpulseBlock')
    cd /Users/shotaebi/Desktop/projects/personal/vibecoding/pd-extension/mobile/ios
    builtin-SwiftDriver -- /Applications/Xcode.app/Contents/Developer/Toolchains/XcodeDefault.xctoolchain/usr/bin/swiftc -module-name ShieldConfigurationExtension -Onone -enforce-exclusivity\=checked @/Users/shotaebi/Library/Developer/Xcode/DerivedData/ImpulseBlock-dewhddckbhxdqfclawzhypslvoim/Build/Intermediates.noindex/ImpulseBlock.build/Debug-iphonesimulator/ShieldConfigurationExtension.build/Objects-normal/x86_64/ShieldConfigurationExtension.SwiftFileList -DDEBUG -enable-bare-slash-regex -enable-experimental-feature DebugDescriptionMacro -sdk /Applications/Xcode.app/Contents/Developer/Platforms/iPhoneSimulator.platform/Developer/SDKs/iPhoneSimulator26.2.sdk -target x86_64-apple-ios16.0-simulator -g -module-cache-path /Users/shotaebi/Library/Developer/Xcode/DerivedData/ModuleCache.noindex -Xfrontend -serialize-debugging-options -application-extension -enable-testing -index-store-path /Users/shotaebi/Library/Developer/Xcode/DerivedData/ImpulseBlock-dewhddckbhxdqfclawzhypslvoim/Index.noindex/DataStore -Xcc -D_LIBCPP_HARDENING_MODE\=_LIBCPP_HARDENING_MODE_DEBUG -swift-version 5 -I /Users/shotaebi/Library/Developer/Xcode/DerivedData/ImpulseBlock-dewhddckbhxdqfclawzhypslvoim/Build/Products/Debug-iphonesimulator -F /Users/shotaebi/Library/Developer/Xcode/DerivedData/ImpulseBlock-dewhddckbhxdqfclawzhypslvoim/Build/Products/Debug-iphonesimulator -c -j14 -enable-batch-mode -incremental -Xcc -ivfsstatcache -Xcc /Users/shotaebi/Library/Developer/Xcode/DerivedData/SDKStatCaches.noindex/iphonesimulator26.2-23C57-7d00a8b37fbd7999ea79df8ebc024bf0.sdkstatcache -output-file-map /Users/shotaebi/Library/Developer/Xcode/DerivedData/ImpulseBlock-dewhddckbhxdqfclawzhypslvoim/Build/Intermediates.noindex/ImpulseBlock.build/Debug-iphonesimulator/ShieldConfigurationExtension.build/Objects-normal/x86_64/ShieldConfigurationExtension-OutputFileMap.json -use-frontend-parseable-output -save-temps -no-color-diagnostics -explicit-module-build -module-cache-path /Users/shotaebi/Library/Developer/Xcode/DerivedData/ImpulseBlock-dewhddckbhxdqfclawzhypslvoim/Build/Intermediates.noindex/SwiftExplicitPrecompiledModules -clang-scanner-module-cache-path /Users/shotaebi/Library/Developer/Xcode/DerivedData/ModuleCache.noindex -sdk-module-cache-path /Users/shotaebi/Library/Developer/Xcode/DerivedData/ModuleCache.noindex -serialize-diagnostics -emit-dependencies -emit-module -emit-module-path /Users/shotaebi/Library/Developer/Xcode/DerivedData/ImpulseBlock-dewhddckbhxdqfclawzhypslvoim/Build/Intermediates.noindex/ImpulseBlock.build/Debug-iphonesimulator/ShieldConfigurationExtension.build/Objects-normal/x86_64/ShieldConfigurationExtension.swiftmodule -validate-clang-modules-once -clang-build-session-file /Users/shotaebi/Library/Developer/Xcode/DerivedData/ModuleCache.noindex/Session.modulevalidation -Xcc -I/Users/shotaebi/Library/Developer/Xcode/DerivedData/ImpulseBlock-dewhddckbhxdqfclawzhypslvoim/Build/Intermediates.noindex/ImpulseBlock.build/Debug-iphonesimulator/ShieldConfigurationExtension.build/swift-overrides.hmap -emit-const-values -Xfrontend -const-gather-protocols-file -Xfrontend /Users/shotaebi/Library/Developer/Xcode/DerivedData/ImpulseBlock-dewhddckbhxdqfclawzhypslvoim/Build/Intermediates.noindex/ImpulseBlock.build/Debug-iphonesimulator/ShieldConfigurationExtension.build/Objects-normal/x86_64/ShieldConfigurationExtension_const_extract_protocols.json -Xcc -iquote -Xcc /Users/shotaebi/Library/Developer/Xcode/DerivedData/ImpulseBlock-dewhddckbhxdqfclawzhypslvoim/Build/Intermediates.noindex/ImpulseBlock.build/Debug-iphonesimulator/ShieldConfigurationExtension.build/ShieldConfigurationExtension-generated-files.hmap -Xcc -I/Users/shotaebi/Library/Developer/Xcode/DerivedData/ImpulseBlock-dewhddckbhxdqfclawzhypslvoim/Build/Intermediates.noindex/ImpulseBlock.build/Debug-iphonesimulator/ShieldConfigurationExtension.build/ShieldConfigurationExtension-own-target-headers.hmap -Xcc -I/Users/shotaebi/Library/Developer/Xcode/DerivedData/ImpulseBlock-dewhddckbhxdqfclawzhypslvoim/Build/Intermediates.noindex/ImpulseBlock.build/Debug-iphonesimulator/ShieldConfigurationExtension.build/ShieldConfigurationExtension-all-target-headers.hmap -Xcc -iquote -Xcc /Users/shotaebi/Library/Developer/Xcode/DerivedData/ImpulseBlock-dewhddckbhxdqfclawzhypslvoim/Build/Intermediates.noindex/ImpulseBlock.build/Debug-iphonesimulator/ShieldConfigurationExtension.build/ShieldConfigurationExtension-project-headers.hmap -Xcc -I/Users/shotaebi/Library/Developer/Xcode/DerivedData/ImpulseBlock-dewhddckbhxdqfclawzhypslvoim/Build/Products/Debug-iphonesimulator/include -Xcc -I/Users/shotaebi/Library/Developer/Xcode/DerivedData/ImpulseBlock-dewhddckbhxdqfclawzhypslvoim/Build/Intermediates.noindex/ImpulseBlock.build/Debug-iphonesimulator/ShieldConfigurationExtension.build/DerivedSources-normal/x86_64 -Xcc -I/Users/shotaebi/Library/Developer/Xcode/DerivedData/ImpulseBlock-dewhddckbhxdqfclawzhypslvoim/Build/Intermediates.noindex/ImpulseBlock.build/Debug-iphonesimulator/ShieldConfigurationExtension.build/DerivedSources/x86_64 -Xcc -I/Users/shotaebi/Library/Developer/Xcode/DerivedData/ImpulseBlock-dewhddckbhxdqfclawzhypslvoim/Build/Intermediates.noindex/ImpulseBlock.build/Debug-iphonesimulator/ShieldConfigurationExtension.build/DerivedSources -Xcc -DDEBUG\=1 -emit-objc-header -emit-objc-header-path /Users/shotaebi/Library/Developer/Xcode/DerivedData/ImpulseBlock-dewhddckbhxdqfclawzhypslvoim/Build/Intermediates.noindex/ImpulseBlock.build/Debug-iphonesimulator/ShieldConfigurationExtension.build/Objects-normal/x86_64/ShieldConfigurationExtension-Swift.h -working-directory /Users/shotaebi/Desktop/projects/personal/vibecoding/pd-extension/mobile/ios -experimental-emit-module-separately -disable-cmo

SwiftDriver DeviceActivityMonitorExtension normal x86_64 com.apple.xcode.tools.swift.compiler (in target 'DeviceActivityMonitorExtension' from project 'ImpulseBlock')
    cd /Users/shotaebi/Desktop/projects/personal/vibecoding/pd-extension/mobile/ios
    builtin-SwiftDriver -- /Applications/Xcode.app/Contents/Developer/Toolchains/XcodeDefault.xctoolchain/usr/bin/swiftc -module-name DeviceActivityMonitorExtension -Onone -enforce-exclusivity\=checked @/Users/shotaebi/Library/Developer/Xcode/DerivedData/ImpulseBlock-dewhddckbhxdqfclawzhypslvoim/Build/Intermediates.noindex/ImpulseBlock.build/Debug-iphonesimulator/DeviceActivityMonitorExtension.build/Objects-normal/x86_64/DeviceActivityMonitorExtension.SwiftFileList -DDEBUG -enable-bare-slash-regex -enable-experimental-feature DebugDescriptionMacro -sdk /Applications/Xcode.app/Contents/Developer/Platforms/iPhoneSimulator.platform/Developer/SDKs/iPhoneSimulator26.2.sdk -target x86_64-apple-ios16.0-simulator -g -module-cache-path /Users/shotaebi/Library/Developer/Xcode/DerivedData/ModuleCache.noindex -Xfrontend -serialize-debugging-options -application-extension -enable-testing -index-store-path /Users/shotaebi/Library/Developer/Xcode/DerivedData/ImpulseBlock-dewhddckbhxdqfclawzhypslvoim/Index.noindex/DataStore -Xcc -D_LIBCPP_HARDENING_MODE\=_LIBCPP_HARDENING_MODE_DEBUG -swift-version 5 -I /Users/shotaebi/Library/Developer/Xcode/DerivedData/ImpulseBlock-dewhddckbhxdqfclawzhypslvoim/Build/Products/Debug-iphonesimulator -F /Users/shotaebi/Library/Developer/Xcode/DerivedData/ImpulseBlock-dewhddckbhxdqfclawzhypslvoim/Build/Products/Debug-iphonesimulator -c -j14 -enable-batch-mode -incremental -Xcc -ivfsstatcache -Xcc /Users/shotaebi/Library/Developer/Xcode/DerivedData/SDKStatCaches.noindex/iphonesimulator26.2-23C57-7d00a8b37fbd7999ea79df8ebc024bf0.sdkstatcache -output-file-map /Users/shotaebi/Library/Developer/Xcode/DerivedData/ImpulseBlock-dewhddckbhxdqfclawzhypslvoim/Build/Intermediates.noindex/ImpulseBlock.build/Debug-iphonesimulator/DeviceActivityMonitorExtension.build/Objects-normal/x86_64/DeviceActivityMonitorExtension-OutputFileMap.json -use-frontend-parseable-output -save-temps -no-color-diagnostics -explicit-module-build -module-cache-path /Users/shotaebi/Library/Developer/Xcode/DerivedData/ImpulseBlock-dewhddckbhxdqfclawzhypslvoim/Build/Intermediates.noindex/SwiftExplicitPrecompiledModules -clang-scanner-module-cache-path /Users/shotaebi/Library/Developer/Xcode/DerivedData/ModuleCache.noindex -sdk-module-cache-path /Users/shotaebi/Library/Developer/Xcode/DerivedData/ModuleCache.noindex -serialize-diagnostics -emit-dependencies -emit-module -emit-module-path /Users/shotaebi/Library/Developer/Xcode/DerivedData/ImpulseBlock-dewhddckbhxdqfclawzhypslvoim/Build/Intermediates.noindex/ImpulseBlock.build/Debug-iphonesimulator/DeviceActivityMonitorExtension.build/Objects-normal/x86_64/DeviceActivityMonitorExtension.swiftmodule -validate-clang-modules-once -clang-build-session-file /Users/shotaebi/Library/Developer/Xcode/DerivedData/ModuleCache.noindex/Session.modulevalidation -Xcc -I/Users/shotaebi/Library/Developer/Xcode/DerivedData/ImpulseBlock-dewhddckbhxdqfclawzhypslvoim/Build/Intermediates.noindex/ImpulseBlock.build/Debug-iphonesimulator/DeviceActivityMonitorExtension.build/swift-overrides.hmap -emit-const-values -Xfrontend -const-gather-protocols-file -Xfrontend /Users/shotaebi/Library/Developer/Xcode/DerivedData/ImpulseBlock-dewhddckbhxdqfclawzhypslvoim/Build/Intermediates.noindex/ImpulseBlock.build/Debug-iphonesimulator/DeviceActivityMonitorExtension.build/Objects-normal/x86_64/DeviceActivityMonitorExtension_const_extract_protocols.json -Xcc -iquote -Xcc /Users/shotaebi/Library/Developer/Xcode/DerivedData/ImpulseBlock-dewhddckbhxdqfclawzhypslvoim/Build/Intermediates.noindex/ImpulseBlock.build/Debug-iphonesimulator/DeviceActivityMonitorExtension.build/DeviceActivityMonitorExtension-generated-files.hmap -Xcc -I/Users/shotaebi/Library/Developer/Xcode/DerivedData/ImpulseBlock-dewhddckbhxdqfclawzhypslvoim/Build/Intermediates.noindex/ImpulseBlock.build/Debug-iphonesimulator/DeviceActivityMonitorExtension.build/DeviceActivityMonitorExtension-own-target-headers.hmap -Xcc -I/Users/shotaebi/Library/Developer/Xcode/DerivedData/ImpulseBlock-dewhddckbhxdqfclawzhypslvoim/Build/Intermediates.noindex/ImpulseBlock.build/Debug-iphonesimulator/DeviceActivityMonitorExtension.build/DeviceActivityMonitorExtension-all-target-headers.hmap -Xcc -iquote -Xcc /Users/shotaebi/Library/Developer/Xcode/DerivedData/ImpulseBlock-dewhddckbhxdqfclawzhypslvoim/Build/Intermediates.noindex/ImpulseBlock.build/Debug-iphonesimulator/DeviceActivityMonitorExtension.build/DeviceActivityMonitorExtension-project-headers.hmap -Xcc -I/Users/shotaebi/Library/Developer/Xcode/DerivedData/ImpulseBlock-dewhddckbhxdqfclawzhypslvoim/Build/Products/Debug-iphonesimulator/include -Xcc -I/Users/shotaebi/Library/Developer/Xcode/DerivedData/ImpulseBlock-dewhddckbhxdqfclawzhypslvoim/Build/Intermediates.noindex/ImpulseBlock.build/Debug-iphonesimulator/DeviceActivityMonitorExtension.build/DerivedSources-normal/x86_64 -Xcc -I/Users/shotaebi/Library/Developer/Xcode/DerivedData/ImpulseBlock-dewhddckbhxdqfclawzhypslvoim/Build/Intermediates.noindex/ImpulseBlock.build/Debug-iphonesimulator/DeviceActivityMonitorExtension.build/DerivedSources/x86_64 -Xcc -I/Users/shotaebi/Library/Developer/Xcode/DerivedData/ImpulseBlock-dewhddckbhxdqfclawzhypslvoim/Build/Intermediates.noindex/ImpulseBlock.build/Debug-iphonesimulator/DeviceActivityMonitorExtension.build/DerivedSources -Xcc -DDEBUG\=1 -emit-objc-header -emit-objc-header-path /Users/shotaebi/Library/Developer/Xcode/DerivedData/ImpulseBlock-dewhddckbhxdqfclawzhypslvoim/Build/Intermediates.noindex/ImpulseBlock.build/Debug-iphonesimulator/DeviceActivityMonitorExtension.build/Objects-normal/x86_64/DeviceActivityMonitorExtension-Swift.h -working-directory /Users/shotaebi/Desktop/projects/personal/vibecoding/pd-extension/mobile/ios -experimental-emit-module-separately -disable-cmo

SwiftExplicitDependencyGeneratePcm x86_64 /Users/shotaebi/Library/Developer/Xcode/DerivedData/ModuleCache.noindex/_Builtin_stddef-BCI886OXZMF3E149JFX27G7VQ.pcm

SwiftExplicitDependencyGeneratePcm x86_64 /Users/shotaebi/Library/Developer/Xcode/DerivedData/ModuleCache.noindex/_Builtin_float-XKVU0LW36682ODF4NC39Y0D3.pcm

SwiftExplicitDependencyGeneratePcm x86_64 /Users/shotaebi/Library/Developer/Xcode/DerivedData/ModuleCache.noindex/SwiftShims-2GLBKFIA6LLNC88BXDG8F8EKB.pcm

SwiftExplicitDependencyGeneratePcm x86_64 /Users/shotaebi/Library/Developer/Xcode/DerivedData/ModuleCache.noindex/DeveloperToolsSupport-BS6ZNOY3WFPCSBJZDW9YX7AVG.pcm

SwiftExplicitDependencyGeneratePcm x86_64 /Users/shotaebi/Library/Developer/Xcode/DerivedData/ModuleCache.noindex/ptrcheck-7ASGXQHFZYYCLMCMU7GO4OS50.pcm

SwiftExplicitDependencyGeneratePcm x86_64 /Users/shotaebi/Library/Developer/Xcode/DerivedData/ModuleCache.noindex/_Builtin_stdbool-578WVKZD8H41K4WVKSCRO5Z3.pcm

SwiftExplicitDependencyGeneratePcm x86_64 /Users/shotaebi/Library/Developer/Xcode/DerivedData/ModuleCache.noindex/_AvailabilityInternal-EMNE7QHGLIOMPOIWF4GO4B723.pcm

SwiftExplicitDependencyGeneratePcm x86_64 /Users/shotaebi/Library/Developer/Xcode/DerivedData/ModuleCache.noindex/_Builtin_stdarg-F3VBVP2SJ36LH60C4U5CS13HO.pcm

SwiftExplicitDependencyGeneratePcm x86_64 /Users/shotaebi/Library/Developer/Xcode/DerivedData/ModuleCache.noindex/_SwiftConcurrencyShims-CZBP6TG38WXNASYOMKRQZYSDP.pcm

SwiftExplicitDependencyGeneratePcm x86_64 /Users/shotaebi/Library/Developer/Xcode/DerivedData/ModuleCache.noindex/ptrauth-12QENK4GPZSHVLR7SK662C38W.pcm

SwiftExplicitDependencyGeneratePcm arm64 /Users/shotaebi/Library/Developer/Xcode/DerivedData/ModuleCache.noindex/_Builtin_stdbool-EM6PJ94BH2ENJ59WFP9J99HY1.pcm

SwiftExplicitDependencyGeneratePcm arm64 /Users/shotaebi/Library/Developer/Xcode/DerivedData/ModuleCache.noindex/_Builtin_float-HI4XHQVIB7HVW4Z6NHL5MXNO.pcm

SwiftExplicitDependencyGeneratePcm arm64 /Users/shotaebi/Library/Developer/Xcode/DerivedData/ModuleCache.noindex/ptrauth-BPJ5ZRJ8JK5TIJMQ3K4YT66K7.pcm

SwiftExplicitDependencyGeneratePcm arm64 /Users/shotaebi/Library/Developer/Xcode/DerivedData/ModuleCache.noindex/_AvailabilityInternal-F357H89DECRHY9415LRQCOACC.pcm

SwiftExplicitDependencyGeneratePcm arm64 /Users/shotaebi/Library/Developer/Xcode/DerivedData/ModuleCache.noindex/ptrcheck-93E1POJUAEDLKGYL5FQMU08OU.pcm

SwiftExplicitDependencyGeneratePcm arm64 /Users/shotaebi/Library/Developer/Xcode/DerivedData/ModuleCache.noindex/SwiftShims-1PUIEFGYT8LU0K777957D3HWU.pcm

SwiftExplicitDependencyGeneratePcm arm64 /Users/shotaebi/Library/Developer/Xcode/DerivedData/ModuleCache.noindex/DeveloperToolsSupport-21F21W9TPQ7P160ZWH38W2HO4.pcm

SwiftExplicitDependencyGeneratePcm arm64 /Users/shotaebi/Library/Developer/Xcode/DerivedData/ModuleCache.noindex/_Builtin_stddef-DJWLIZLWWKR2VH9ILMT76IM4I.pcm

SwiftExplicitDependencyGeneratePcm arm64 /Users/shotaebi/Library/Developer/Xcode/DerivedData/ModuleCache.noindex/_SwiftConcurrencyShims-E46M1EG71V0GOLP5AEBIP7CIF.pcm

SwiftExplicitDependencyGeneratePcm arm64 /Users/shotaebi/Library/Developer/Xcode/DerivedData/ModuleCache.noindex/_Builtin_stdarg-ADS50FWHKFMRR3ZBEEQGQDUV3.pcm

SwiftExplicitDependencyGeneratePcm x86_64 /Users/shotaebi/Library/Developer/Xcode/DerivedData/ModuleCache.noindex/_DarwinFoundation1-9711QHDAII1N0N3XSUXIM5GPS.pcm

SwiftExplicitDependencyGeneratePcm arm64 /Users/shotaebi/Library/Developer/Xcode/DerivedData/ModuleCache.noindex/_DarwinFoundation1-3BMUBDC5KKFJNSPSYQ3R1UURS.pcm

SwiftExplicitDependencyGeneratePcm x86_64 /Users/shotaebi/Library/Developer/Xcode/DerivedData/ModuleCache.noindex/_DarwinFoundation2-7E777IXU1IL146TBCRD16NLQ9.pcm

SwiftExplicitDependencyGeneratePcm x86_64 /Users/shotaebi/Library/Developer/Xcode/DerivedData/ModuleCache.noindex/_Builtin_limits-83ECFPKOJJA6OQR60DH12FGU0.pcm

SwiftExplicitDependencyGeneratePcm arm64 /Users/shotaebi/Library/Developer/Xcode/DerivedData/ModuleCache.noindex/_DarwinFoundation2-1EFFCJVT3LRS7SXIA1XWBOGDZ.pcm

SwiftExplicitDependencyGeneratePcm arm64 /Users/shotaebi/Library/Developer/Xcode/DerivedData/ModuleCache.noindex/_Builtin_limits-6OLWNAJUFWU16LNWIV77U4CIB.pcm

SwiftExplicitDependencyGeneratePcm x86_64 /Users/shotaebi/Library/Developer/Xcode/DerivedData/ModuleCache.noindex/_Builtin_stdint-56AWJ4JOVGHB3KK11VKQAOZG6.pcm

SwiftExplicitDependencyGeneratePcm x86_64 /Users/shotaebi/Library/Developer/Xcode/DerivedData/ModuleCache.noindex/sys_types-AHU0CMVFHDWOSSIZC9DYPYRVI.pcm

SwiftExplicitDependencyGeneratePcm x86_64 /Users/shotaebi/Library/Developer/Xcode/DerivedData/ModuleCache.noindex/_Builtin_tgmath-59REANA79ACWBBD4K4VPW1P4M.pcm

SwiftExplicitDependencyGeneratePcm arm64 /Users/shotaebi/Library/Developer/Xcode/DerivedData/ModuleCache.noindex/sys_types-6H7WPNKIK22DLG8AA68KELYWE.pcm

SwiftExplicitDependencyGeneratePcm arm64 /Users/shotaebi/Library/Developer/Xcode/DerivedData/ModuleCache.noindex/_Builtin_tgmath-A5NTO2CADDUN38PBCYLIP9HV.pcm

SwiftExplicitDependencyGeneratePcm arm64 /Users/shotaebi/Library/Developer/Xcode/DerivedData/ModuleCache.noindex/_Builtin_stdint-2SCKNMIASMI2P6IQRSAJBML5Y.pcm

SwiftExplicitDependencyGeneratePcm x86_64 /Users/shotaebi/Library/Developer/Xcode/DerivedData/ModuleCache.noindex/_DarwinFoundation3-EXH5P9N0DYPTX9Q51OAXL0O2Y.pcm

SwiftExplicitDependencyGeneratePcm x86_64 /Users/shotaebi/Library/Developer/Xcode/DerivedData/ModuleCache.noindex/_Builtin_stdatomic-6WPN733KU4AMK8XSJHY8GZA40.pcm

SwiftExplicitDependencyGeneratePcm arm64 /Users/shotaebi/Library/Developer/Xcode/DerivedData/ModuleCache.noindex/_DarwinFoundation3-2ZI6WKX3ZX54T5716XGQ9W84G.pcm

SwiftExplicitDependencyGeneratePcm arm64 /Users/shotaebi/Library/Developer/Xcode/DerivedData/ModuleCache.noindex/_Builtin_intrinsics-2APF3V3JPWQQMYOT2VH0CFH96.pcm

SwiftExplicitDependencyGeneratePcm arm64 /Users/shotaebi/Library/Developer/Xcode/DerivedData/ModuleCache.noindex/_Builtin_stdatomic-7TC9VPMX86HKPIABFKMLLRIHP.pcm

SwiftExplicitDependencyGeneratePcm x86_64 /Users/shotaebi/Library/Developer/Xcode/DerivedData/ModuleCache.noindex/_Builtin_inttypes-1NN5JR5JCG6FE2VINP1JGWPRV.pcm

SwiftExplicitDependencyGeneratePcm x86_64 /Users/shotaebi/Library/Developer/Xcode/DerivedData/ModuleCache.noindex/_Builtin_intrinsics-39QUC62F0SO2PTQI05CEOU6YX.pcm

SwiftExplicitDependencyGeneratePcm x86_64 /Users/shotaebi/Library/Developer/Xcode/DerivedData/ModuleCache.noindex/Darwin-6RRAJMCRK1PGRG7807P2YXMW7.pcm

SwiftExplicitDependencyGeneratePcm arm64 /Users/shotaebi/Library/Developer/Xcode/DerivedData/ModuleCache.noindex/_Builtin_inttypes-AG34SJ7IEJ0JN19MK2LLVURVS.pcm

SwiftExplicitDependencyGeneratePcm arm64 /Users/shotaebi/Library/Developer/Xcode/DerivedData/ModuleCache.noindex/Darwin-CX0T8LTBU3HANCMD1K0RDXDOE.pcm

SwiftExplicitDependencyGeneratePcm arm64 /Users/shotaebi/Library/Developer/Xcode/DerivedData/ModuleCache.noindex/simd-8JD706WI06RO3H20SORZE7ZL8.pcm

SwiftExplicitDependencyGeneratePcm x86_64 /Users/shotaebi/Library/Developer/Xcode/DerivedData/ModuleCache.noindex/simd-49UCKYA8SMFK2X0B4SU22TDW.pcm

SwiftExplicitDependencyGeneratePcm x86_64 /Users/shotaebi/Library/Developer/Xcode/DerivedData/ModuleCache.noindex/MachO-A1N397GDNPWWROWICEKMUW6UH.pcm

SwiftExplicitDependencyGeneratePcm x86_64 /Users/shotaebi/Library/Developer/Xcode/DerivedData/ModuleCache.noindex/ObjectiveC-ARGBZWBZKYLZSSS5NKVDZ23GO.pcm

SwiftExplicitDependencyGeneratePcm arm64 /Users/shotaebi/Library/Developer/Xcode/DerivedData/ModuleCache.noindex/MachO-7VLJ1FRG2VX7X2T57ZU3YCMO1.pcm

SwiftExplicitDependencyGeneratePcm arm64 /Users/shotaebi/Library/Developer/Xcode/DerivedData/ModuleCache.noindex/ObjectiveC-1PGJTJQJW0QUPQTFYEWY708XZ.pcm

SwiftExplicitDependencyGeneratePcm x86_64 /Users/shotaebi/Library/Developer/Xcode/DerivedData/ModuleCache.noindex/os_object-DNQBRZEX8TDUHEC43HCE0676D.pcm

SwiftExplicitDependencyGeneratePcm x86_64 /Users/shotaebi/Library/Developer/Xcode/DerivedData/ModuleCache.noindex/os_workgroup-5EPT2F0F2T499VUIG2PX0VSDC.pcm

SwiftExplicitDependencyGeneratePcm arm64 /Users/shotaebi/Library/Developer/Xcode/DerivedData/ModuleCache.noindex/os_object-7PP8XMXOIT5N0TH63OYBBJ50M.pcm

SwiftExplicitDependencyGeneratePcm x86_64 /Users/shotaebi/Library/Developer/Xcode/DerivedData/ModuleCache.noindex/Dispatch-39SG5CXU6BV548QQ7PLEF6K6M.pcm

SwiftExplicitDependencyGeneratePcm arm64 /Users/shotaebi/Library/Developer/Xcode/DerivedData/ModuleCache.noindex/os_workgroup-CUQFLRQLCD462JZJJZA2ULEUO.pcm

SwiftExplicitDependencyGeneratePcm arm64 /Users/shotaebi/Library/Developer/Xcode/DerivedData/ModuleCache.noindex/Spatial-D653W19VLK9DNEVAZ5NQVUVV6.pcm

SwiftExplicitDependencyGeneratePcm arm64 /Users/shotaebi/Library/Developer/Xcode/DerivedData/ModuleCache.noindex/Dispatch-509TZU84QZ3IYSEJ7NS4GML0W.pcm

SwiftExplicitDependencyGeneratePcm x86_64 /Users/shotaebi/Library/Developer/Xcode/DerivedData/ModuleCache.noindex/XPC-DJP6GZNP10XLBREVUICLIA66Z.pcm

SwiftExplicitDependencyGeneratePcm x86_64 /Users/shotaebi/Library/Developer/Xcode/DerivedData/ModuleCache.noindex/CoreFoundation-HTRKPZHCN3GVRHWPOLW8XES5.pcm

SwiftExplicitDependencyGeneratePcm arm64 /Users/shotaebi/Library/Developer/Xcode/DerivedData/ModuleCache.noindex/XPC-1QKDV1ICAQDMBX443AIRAVQKI.pcm

SwiftExplicitDependencyGeneratePcm arm64 /Users/shotaebi/Library/Developer/Xcode/DerivedData/ModuleCache.noindex/CoreFoundation-BTHPDYS7JEJHN76N28W1GM8XU.pcm

SwiftExplicitDependencyGeneratePcm x86_64 /Users/shotaebi/Library/Developer/Xcode/DerivedData/ModuleCache.noindex/os-CIQV0K547FZ59XG6T891C1QOW.pcm

SwiftExplicitDependencyGeneratePcm x86_64 /Users/shotaebi/Library/Developer/Xcode/DerivedData/ModuleCache.noindex/CoreGraphics-AYYGSE203B2YIJZESJ3IP2B06.pcm

SwiftExplicitDependencyGeneratePcm x86_64 /Users/shotaebi/Library/Developer/Xcode/DerivedData/ModuleCache.noindex/Security-A1LRNFU56ZAVG2PRJ2DY0D13Q.pcm

SwiftExplicitDependencyGeneratePcm x86_64 /Users/shotaebi/Library/Developer/Xcode/DerivedData/ModuleCache.noindex/CFNetwork-D12ZZ5GP30BNLQWXEXZE250DH.pcm

SwiftExplicitDependencyGeneratePcm x86_64 /Users/shotaebi/Library/Developer/Xcode/DerivedData/ModuleCache.noindex/CoreServices-23F2MLVJ60Z7UO5XZR5HLVD2X.pcm

SwiftExplicitDependencyGeneratePcm x86_64 /Users/shotaebi/Library/Developer/Xcode/DerivedData/ModuleCache.noindex/Spatial-Q3S67H4E9L30DM3AMP4YX8KX.pcm

SwiftExplicitDependencyGeneratePcm arm64 /Users/shotaebi/Library/Developer/Xcode/DerivedData/ModuleCache.noindex/os-BT4TEQ2JWYIM4AT3RRFDJ9V2A.pcm

SwiftExplicitDependencyGeneratePcm arm64 /Users/shotaebi/Library/Developer/Xcode/DerivedData/ModuleCache.noindex/CFNetwork-5KMVKTP4YEF1TYUGD9RI75UPJ.pcm

SwiftExplicitDependencyGeneratePcm arm64 /Users/shotaebi/Library/Developer/Xcode/DerivedData/ModuleCache.noindex/Security-AUFAHV3V278KWQ5V4W20EAGX8.pcm

SwiftExplicitDependencyGeneratePcm arm64 /Users/shotaebi/Library/Developer/Xcode/DerivedData/ModuleCache.noindex/CoreGraphics-91F07D0B3E28CUZ2JT9Q8I1WI.pcm

SwiftExplicitDependencyGeneratePcm arm64 /Users/shotaebi/Library/Developer/Xcode/DerivedData/ModuleCache.noindex/CoreServices-VWANKPL6ZPE5ERT5SDSHZWH4.pcm

SwiftExplicitDependencyGeneratePcm x86_64 /Users/shotaebi/Library/Developer/Xcode/DerivedData/ModuleCache.noindex/Foundation-A60467PTVL4CHDG82KFFUV79A.pcm

SwiftExplicitDependencyGeneratePcm x86_64 /Users/shotaebi/Library/Developer/Xcode/DerivedData/ModuleCache.noindex/ImageIO-717LVU4LRPKZ4YFTMLYZKDRHE.pcm

SwiftExplicitDependencyGeneratePcm x86_64 /Users/shotaebi/Library/Developer/Xcode/DerivedData/ModuleCache.noindex/CoreText-8UMJ2RZIVMFGNPUZNVSRPJT5Q.pcm

SwiftExplicitDependencyGeneratePcm arm64 /Users/shotaebi/Library/Developer/Xcode/DerivedData/ModuleCache.noindex/Foundation-CNS0711SUN9DO2H8PRE120UQ9.pcm

SwiftExplicitDependencyGeneratePcm arm64 /Users/shotaebi/Library/Developer/Xcode/DerivedData/ModuleCache.noindex/ImageIO-AS7R7EDH7FVTMG2EBFO340H63.pcm

SwiftExplicitDependencyGeneratePcm arm64 /Users/shotaebi/Library/Developer/Xcode/DerivedData/ModuleCache.noindex/CoreText-HW1WI52YRWLM23JIDCP0WH0M.pcm

SwiftExplicitDependencyGeneratePcm x86_64 /Users/shotaebi/Library/Developer/Xcode/DerivedData/ModuleCache.noindex/FileProvider-92760ZMFAAH4FTE3EEQUQRLZV.pcm

SwiftExplicitDependencyGeneratePcm x86_64 /Users/shotaebi/Library/Developer/Xcode/DerivedData/ModuleCache.noindex/UniformTypeIdentifiers-EYQAUB93O8ONEPPLCHP849UUI.pcm

SwiftExplicitDependencyGeneratePcm x86_64 /Users/shotaebi/Library/Developer/Xcode/DerivedData/ModuleCache.noindex/OpenGLES-6K30R728W0N1QLT5E4T4GZAN3.pcm

SwiftExplicitDependencyGeneratePcm x86_64 /Users/shotaebi/Library/Developer/Xcode/DerivedData/ModuleCache.noindex/CoreData-4NF31UT34HGGUWPH51TKI2071.pcm

SwiftExplicitDependencyGeneratePcm x86_64 /Users/shotaebi/Library/Developer/Xcode/DerivedData/ModuleCache.noindex/IOSurface-260LMBKDKQ24A3W59L6K2XAHC.pcm

SwiftExplicitDependencyGeneratePcm x86_64 /Users/shotaebi/Library/Developer/Xcode/DerivedData/ModuleCache.noindex/Accessibility-AODEADD6EJHL8BLTVD6ZM054Q.pcm

SwiftExplicitDependencyGeneratePcm x86_64 /Users/shotaebi/Library/Developer/Xcode/DerivedData/ModuleCache.noindex/CoreTransferable-1NKHW5FHLUYKQJU4SSUYHBGJJ.pcm

SwiftExplicitDependencyGeneratePcm x86_64 /Users/shotaebi/Library/Developer/Xcode/DerivedData/ModuleCache.noindex/UIUtilities-9XIS7ZGGQY9NN8J26A9LCKZ51.pcm

SwiftExplicitDependencyGeneratePcm x86_64 /Users/shotaebi/Library/Developer/Xcode/DerivedData/ModuleCache.noindex/DataDetection-35ARO2579VCIX1LPUOOZW06X9.pcm

SwiftExplicitDependencyGeneratePcm x86_64 /Users/shotaebi/Library/Developer/Xcode/DerivedData/ModuleCache.noindex/OSLog-BRDS87UZJ5L1OTE60NYLOC1PS.pcm

SwiftExplicitDependencyGeneratePcm x86_64 /Users/shotaebi/Library/Developer/Xcode/DerivedData/ModuleCache.noindex/UserNotifications-AOV34YN8VAEA3UVY42IVI07ZV.pcm

SwiftExplicitDependencyGeneratePcm x86_64 /Users/shotaebi/Library/Developer/Xcode/DerivedData/ModuleCache.noindex/Symbols-4UTJYKJZDNR35ZQFCK5YOFZOW.pcm

SwiftExplicitDependencyGeneratePcm x86_64 /Users/shotaebi/Library/Developer/Xcode/DerivedData/ModuleCache.noindex/Metal-C4IBFAE8UJGEVFZ85KS38JW2E.pcm

SwiftExplicitDependencyGeneratePcm arm64 /Users/shotaebi/Library/Developer/Xcode/DerivedData/ModuleCache.noindex/Accessibility-AA1WNHOLORTK0V0WVB2ZKKOQG.pcm

SwiftExplicitDependencyGeneratePcm arm64 /Users/shotaebi/Library/Developer/Xcode/DerivedData/ModuleCache.noindex/IOSurface-37J8ZBH2WXCWJBV2LSIV0FVBH.pcm

SwiftExplicitDependencyGeneratePcm arm64 /Users/shotaebi/Library/Developer/Xcode/DerivedData/ModuleCache.noindex/CoreData-6W1WMCMPGCWKSJAW5HK3HARTN.pcm

SwiftExplicitDependencyGeneratePcm arm64 /Users/shotaebi/Library/Developer/Xcode/DerivedData/ModuleCache.noindex/Symbols-97QT0EIS6NNGXO6KEU0F5ZEWX.pcm

SwiftExplicitDependencyGeneratePcm arm64 /Users/shotaebi/Library/Developer/Xcode/DerivedData/ModuleCache.noindex/UserNotifications-ARGZV42N9TMY793BRBGPRAGD0.pcm

SwiftExplicitDependencyGeneratePcm arm64 /Users/shotaebi/Library/Developer/Xcode/DerivedData/ModuleCache.noindex/OpenGLES-5ZTDIFI97AIIELWNVZ455Y7AW.pcm

SwiftExplicitDependencyGeneratePcm arm64 /Users/shotaebi/Library/Developer/Xcode/DerivedData/ModuleCache.noindex/UniformTypeIdentifiers-2MQQ45BVKBRR7UV7XIR3VNH6S.pcm

SwiftExplicitDependencyGeneratePcm arm64 /Users/shotaebi/Library/Developer/Xcode/DerivedData/ModuleCache.noindex/OSLog-CF0IANCLJX6KKJMH0BSHH33HW.pcm

SwiftExplicitDependencyGeneratePcm arm64 /Users/shotaebi/Library/Developer/Xcode/DerivedData/ModuleCache.noindex/DataDetection-ANPKGN7JTE8SRYQRZ4RZ5P1NF.pcm

SwiftExplicitDependencyGeneratePcm arm64 /Users/shotaebi/Library/Developer/Xcode/DerivedData/ModuleCache.noindex/UIUtilities-A6TADKKH42CIZQBUNKB5CQAJO.pcm

SwiftExplicitDependencyGeneratePcm arm64 /Users/shotaebi/Library/Developer/Xcode/DerivedData/ModuleCache.noindex/CoreTransferable-DKYOLF3CXPZ08T6UL44I0E9AD.pcm

SwiftExplicitDependencyGeneratePcm arm64 /Users/shotaebi/Library/Developer/Xcode/DerivedData/ModuleCache.noindex/FileProvider-7RYL3QKUL0X3UY53ZYKAKNPYO.pcm

SwiftExplicitDependencyGeneratePcm arm64 /Users/shotaebi/Library/Developer/Xcode/DerivedData/ModuleCache.noindex/Metal-C8YTMYS44KXH55NW5ARPWX1ZB.pcm

SwiftExplicitDependencyGeneratePcm x86_64 /Users/shotaebi/Library/Developer/Xcode/DerivedData/ModuleCache.noindex/CoreVideo-85OR96EC2GBKQ11NAZ8X65R24.pcm

SwiftExplicitDependencyGeneratePcm x86_64 /Users/shotaebi/Library/Developer/Xcode/DerivedData/ModuleCache.noindex/CoreImage-EY8ODQ2TJ5MFEZD1SIQ8M7O6A.pcm

SwiftExplicitDependencyGeneratePcm x86_64 /Users/shotaebi/Library/Developer/Xcode/DerivedData/ModuleCache.noindex/QuartzCore-AIZVMHZRH15EA6H95JKL5U3P8.pcm

SwiftExplicitDependencyGeneratePcm arm64 /Users/shotaebi/Library/Developer/Xcode/DerivedData/ModuleCache.noindex/CoreVideo-6SU8969X2Y7AYLEVVB3Y5RAXN.pcm

SwiftExplicitDependencyGeneratePcm arm64 /Users/shotaebi/Library/Developer/Xcode/DerivedData/ModuleCache.noindex/CoreImage-EQ3D3443GIM4ZHYJ8NS6UXKW1.pcm

SwiftExplicitDependencyGeneratePcm arm64 /Users/shotaebi/Library/Developer/Xcode/DerivedData/ModuleCache.noindex/QuartzCore-1WS4Q7RHGH7BQMXLBT17KF9CR.pcm

SwiftExplicitDependencyGeneratePcm x86_64 /Users/shotaebi/Library/Developer/Xcode/DerivedData/ModuleCache.noindex/SwiftUICore-9VWK50HVVIVGTIG7MTOBCII9U.pcm

SwiftExplicitDependencyGeneratePcm x86_64 /Users/shotaebi/Library/Developer/Xcode/DerivedData/ModuleCache.noindex/UIKit-61QNV5RJXCIAE5NQVHTEYODNV.pcm

SwiftExplicitDependencyGeneratePcm arm64 /Users/shotaebi/Library/Developer/Xcode/DerivedData/ModuleCache.noindex/SwiftUICore-53E1BHVYUXCB3JYFW29BX4UEC.pcm

SwiftExplicitDependencyGeneratePcm arm64 /Users/shotaebi/Library/Developer/Xcode/DerivedData/ModuleCache.noindex/UIKit-2M658C0CNGRPCR5KDINVZTI0A.pcm

SwiftExplicitDependencyGeneratePcm x86_64 /Users/shotaebi/Library/Developer/Xcode/DerivedData/ModuleCache.noindex/SwiftUI-J2ULKB7H0OQ8PXB8T1YQ4Z5J.pcm

SwiftEmitModule normal x86_64 Emitting\ module\ for\ DeviceActivityMonitorExtension (in target 'DeviceActivityMonitorExtension' from project 'ImpulseBlock')
EmitSwiftModule normal x86_64 (in target 'DeviceActivityMonitorExtension' from project 'ImpulseBlock')
    cd /Users/shotaebi/Desktop/projects/personal/vibecoding/pd-extension/mobile/ios
    

SwiftCompile normal x86_64 Compiling\ ImportExport.swift /Users/shotaebi/Desktop/projects/personal/vibecoding/pd-extension/mobile/ios/Shared/ImportExport.swift (in target 'DeviceActivityMonitorExtension' from project 'ImpulseBlock')
SwiftCompile normal x86_64 /Users/shotaebi/Desktop/projects/personal/vibecoding/pd-extension/mobile/ios/Shared/ImportExport.swift (in target 'DeviceActivityMonitorExtension' from project 'ImpulseBlock')
    cd /Users/shotaebi/Desktop/projects/personal/vibecoding/pd-extension/mobile/ios
    

SwiftCompile normal x86_64 Compiling\ ShieldConfigurationProvider.swift /Users/shotaebi/Desktop/projects/personal/vibecoding/pd-extension/mobile/ios/ShieldConfigurationExtension/ShieldConfigurationProvider.swift (in target 'ShieldConfigurationExtension' from project 'ImpulseBlock')
SwiftCompile normal x86_64 /Users/shotaebi/Desktop/projects/personal/vibecoding/pd-extension/mobile/ios/ShieldConfigurationExtension/ShieldConfigurationProvider.swift (in target 'ShieldConfigurationExtension' from project 'ImpulseBlock')
    cd /Users/shotaebi/Desktop/projects/personal/vibecoding/pd-extension/mobile/ios
    

SwiftEmitModule normal x86_64 Emitting\ module\ for\ ShieldConfigurationExtension (in target 'ShieldConfigurationExtension' from project 'ImpulseBlock')

EmitSwiftModule normal x86_64 (in target 'ShieldConfigurationExtension' from project 'ImpulseBlock')
    cd /Users/shotaebi/Desktop/projects/personal/vibecoding/pd-extension/mobile/ios
    

SwiftCompile normal x86_64 Compiling\ DomainNormalizer.swift /Users/shotaebi/Desktop/projects/personal/vibecoding/pd-extension/mobile/ios/Shared/DomainNormalizer.swift (in target 'ShieldConfigurationExtension' from project 'ImpulseBlock')

SwiftCompile normal x86_64 /Users/shotaebi/Desktop/projects/personal/vibecoding/pd-extension/mobile/ios/Shared/DomainNormalizer.swift (in target 'ShieldConfigurationExtension' from project 'ImpulseBlock')
    cd /Users/shotaebi/Desktop/projects/personal/vibecoding/pd-extension/mobile/ios
    

SwiftCompile normal x86_64 Compiling\ SharedStore.swift /Users/shotaebi/Desktop/projects/personal/vibecoding/pd-extension/mobile/ios/Shared/SharedStore.swift (in target 'ShieldConfigurationExtension' from project 'ImpulseBlock')
SwiftCompile normal x86_64 /Users/shotaebi/Desktop/projects/personal/vibecoding/pd-extension/mobile/ios/Shared/SharedStore.swift (in target 'ShieldConfigurationExtension' from project 'ImpulseBlock')
    cd /Users/shotaebi/Desktop/projects/personal/vibecoding/pd-extension/mobile/ios
    

SwiftCompile normal x86_64 Compiling\ Punycode.swift /Users/shotaebi/Desktop/projects/personal/vibecoding/pd-extension/mobile/ios/Shared/Punycode.swift (in target 'ShieldConfigurationExtension' from project 'ImpulseBlock')

SwiftCompile normal x86_64 /Users/shotaebi/Desktop/projects/personal/vibecoding/pd-extension/mobile/ios/Shared/Punycode.swift (in target 'ShieldConfigurationExtension' from project 'ImpulseBlock')
    cd /Users/shotaebi/Desktop/projects/personal/vibecoding/pd-extension/mobile/ios
    

SwiftCompile normal x86_64 Compiling\ Models.swift /Users/shotaebi/Desktop/projects/personal/vibecoding/pd-extension/mobile/ios/Shared/Models.swift (in target 'ShieldConfigurationExtension' from project 'ImpulseBlock')
SwiftCompile normal x86_64 /Users/shotaebi/Desktop/projects/personal/vibecoding/pd-extension/mobile/ios/Shared/Models.swift (in target 'ShieldConfigurationExtension' from project 'ImpulseBlock')
    cd /Users/shotaebi/Desktop/projects/personal/vibecoding/pd-extension/mobile/ios
    

SwiftCompile normal x86_64 Compiling\ DomainNormalizer.swift /Users/shotaebi/Desktop/projects/personal/vibecoding/pd-extension/mobile/ios/Shared/DomainNormalizer.swift (in target 'DeviceActivityMonitorExtension' from project 'ImpulseBlock')

SwiftCompile normal x86_64 /Users/shotaebi/Desktop/projects/personal/vibecoding/pd-extension/mobile/ios/Shared/DomainNormalizer.swift (in target 'DeviceActivityMonitorExtension' from project 'ImpulseBlock')
    cd /Users/shotaebi/Desktop/projects/personal/vibecoding/pd-extension/mobile/ios
    

SwiftCompile normal x86_64 Compiling\ Models.swift /Users/shotaebi/Desktop/projects/personal/vibecoding/pd-extension/mobile/ios/Shared/Models.swift (in target 'DeviceActivityMonitorExtension' from project 'ImpulseBlock')
SwiftCompile normal x86_64 /Users/shotaebi/Desktop/projects/personal/vibecoding/pd-extension/mobile/ios/Shared/Models.swift (in target 'DeviceActivityMonitorExtension' from project 'ImpulseBlock')
    cd /Users/shotaebi/Desktop/projects/personal/vibecoding/pd-extension/mobile/ios
    

SwiftCompile normal x86_64 Compiling\ ImportExport.swift /Users/shotaebi/Desktop/projects/personal/vibecoding/pd-extension/mobile/ios/Shared/ImportExport.swift (in target 'ShieldConfigurationExtension' from project 'ImpulseBlock')

SwiftCompile normal x86_64 /Users/shotaebi/Desktop/projects/personal/vibecoding/pd-extension/mobile/ios/Shared/ImportExport.swift (in target 'ShieldConfigurationExtension' from project 'ImpulseBlock')
    cd /Users/shotaebi/Desktop/projects/personal/vibecoding/pd-extension/mobile/ios
    

SwiftCompile normal x86_64 Compiling\ ShieldApplier.swift /Users/shotaebi/Desktop/projects/personal/vibecoding/pd-extension/mobile/ios/Shared/ShieldApplier.swift (in target 'ShieldConfigurationExtension' from project 'ImpulseBlock')

SwiftCompile normal x86_64 /Users/shotaebi/Desktop/projects/personal/vibecoding/pd-extension/mobile/ios/Shared/ShieldApplier.swift (in target 'ShieldConfigurationExtension' from project 'ImpulseBlock')
    cd /Users/shotaebi/Desktop/projects/personal/vibecoding/pd-extension/mobile/ios
    

SwiftEmitModule normal x86_64 Emitting\ module\ for\ ShieldActionExtension (in target 'ShieldActionExtension' from project 'ImpulseBlock')

EmitSwiftModule normal x86_64 (in target 'ShieldActionExtension' from project 'ImpulseBlock')
    cd /Users/shotaebi/Desktop/projects/personal/vibecoding/pd-extension/mobile/ios
    

SwiftCompile normal x86_64 Compiling\ Punycode.swift /Users/shotaebi/Desktop/projects/personal/vibecoding/pd-extension/mobile/ios/Shared/Punycode.swift (in target 'ShieldActionExtension' from project 'ImpulseBlock')

SwiftCompile normal x86_64 /Users/shotaebi/Desktop/projects/personal/vibecoding/pd-extension/mobile/ios/Shared/Punycode.swift (in target 'ShieldActionExtension' from project 'ImpulseBlock')
    cd /Users/shotaebi/Desktop/projects/personal/vibecoding/pd-extension/mobile/ios
    

SwiftExplicitDependencyGeneratePcm arm64 /Users/shotaebi/Library/Developer/Xcode/DerivedData/ModuleCache.noindex/SwiftUI-A1UG8QSRIEBRVY8TH3DPTWYFV.pcm

SwiftCompile normal x86_64 Compiling\ DomainNormalizer.swift /Users/shotaebi/Desktop/projects/personal/vibecoding/pd-extension/mobile/ios/Shared/DomainNormalizer.swift (in target 'ShieldActionExtension' from project 'ImpulseBlock')

SwiftCompile normal x86_64 /Users/shotaebi/Desktop/projects/personal/vibecoding/pd-extension/mobile/ios/Shared/DomainNormalizer.swift (in target 'ShieldActionExtension' from project 'ImpulseBlock')
    cd /Users/shotaebi/Desktop/projects/personal/vibecoding/pd-extension/mobile/ios
    

SwiftDriverJobDiscovery normal x86_64 Emitting module for ShieldActionExtension (in target 'ShieldActionExtension' from project 'ImpulseBlock')

SwiftCompile normal x86_64 Compiling\ Models.swift /Users/shotaebi/Desktop/projects/personal/vibecoding/pd-extension/mobile/ios/Shared/Models.swift (in target 'ShieldActionExtension' from project 'ImpulseBlock')

SwiftCompile normal x86_64 /Users/shotaebi/Desktop/projects/personal/vibecoding/pd-extension/mobile/ios/Shared/Models.swift (in target 'ShieldActionExtension' from project 'ImpulseBlock')
    cd /Users/shotaebi/Desktop/projects/personal/vibecoding/pd-extension/mobile/ios
    

SwiftDriverJobDiscovery normal x86_64 Emitting module for DeviceActivityMonitorExtension (in target 'DeviceActivityMonitorExtension' from project 'ImpulseBlock')

SwiftDriverJobDiscovery normal x86_64 Emitting module for ShieldConfigurationExtension (in target 'ShieldConfigurationExtension' from project 'ImpulseBlock')

SwiftDriver\ Compilation\ Requirements ShieldConfigurationExtension normal x86_64 com.apple.xcode.tools.swift.compiler (in target 'ShieldConfigurationExtension' from project 'ImpulseBlock')
    cd /Users/shotaebi/Desktop/projects/personal/vibecoding/pd-extension/mobile/ios
    builtin-Swift-Compilation-Requirements -- /Applications/Xcode.app/Contents/Developer/Toolchains/XcodeDefault.xctoolchain/usr/bin/swiftc -module-name ShieldConfigurationExtension -Onone -enforce-exclusivity\=checked @/Users/shotaebi/Library/Developer/Xcode/DerivedData/ImpulseBlock-dewhddckbhxdqfclawzhypslvoim/Build/Intermediates.noindex/ImpulseBlock.build/Debug-iphonesimulator/ShieldConfigurationExtension.build/Objects-normal/x86_64/ShieldConfigurationExtension.SwiftFileList -DDEBUG -enable-bare-slash-regex -enable-experimental-feature DebugDescriptionMacro -sdk /Applications/Xcode.app/Contents/Developer/Platforms/iPhoneSimulator.platform/Developer/SDKs/iPhoneSimulator26.2.sdk -target x86_64-apple-ios16.0-simulator -g -module-cache-path /Users/shotaebi/Library/Developer/Xcode/DerivedData/ModuleCache.noindex -Xfrontend -serialize-debugging-options -application-extension -enable-testing -index-store-path /Users/shotaebi/Library/Developer/Xcode/DerivedData/ImpulseBlock-dewhddckbhxdqfclawzhypslvoim/Index.noindex/DataStore -Xcc -D_LIBCPP_HARDENING_MODE\=_LIBCPP_HARDENING_MODE_DEBUG -swift-version 5 -I /Users/shotaebi/Library/Developer/Xcode/DerivedData/ImpulseBlock-dewhddckbhxdqfclawzhypslvoim/Build/Products/Debug-iphonesimulator -F /Users/shotaebi/Library/Developer/Xcode/DerivedData/ImpulseBlock-dewhddckbhxdqfclawzhypslvoim/Build/Products/Debug-iphonesimulator -c -j14 -enable-batch-mode -incremental -Xcc -ivfsstatcache -Xcc /Users/shotaebi/Library/Developer/Xcode/DerivedData/SDKStatCaches.noindex/iphonesimulator26.2-23C57-7d00a8b37fbd7999ea79df8ebc024bf0.sdkstatcache -output-file-map /Users/shotaebi/Library/Developer/Xcode/DerivedData/ImpulseBlock-dewhddckbhxdqfclawzhypslvoim/Build/Intermediates.noindex/ImpulseBlock.build/Debug-iphonesimulator/ShieldConfigurationExtension.build/Objects-normal/x86_64/ShieldConfigurationExtension-OutputFileMap.json -use-frontend-parseable-output -save-temps -no-color-diagnostics -explicit-module-build -module-cache-path /Users/shotaebi/Library/Developer/Xcode/DerivedData/ImpulseBlock-dewhddckbhxdqfclawzhypslvoim/Build/Intermediates.noindex/SwiftExplicitPrecompiledModules -clang-scanner-module-cache-path /Users/shotaebi/Library/Developer/Xcode/DerivedData/ModuleCache.noindex -sdk-module-cache-path /Users/shotaebi/Library/Developer/Xcode/DerivedData/ModuleCache.noindex -serialize-diagnostics -emit-dependencies -emit-module -emit-module-path /Users/shotaebi/Library/Developer/Xcode/DerivedData/ImpulseBlock-dewhddckbhxdqfclawzhypslvoim/Build/Intermediates.noindex/ImpulseBlock.build/Debug-iphonesimulator/ShieldConfigurationExtension.build/Objects-normal/x86_64/ShieldConfigurationExtension.swiftmodule -validate-clang-modules-once -clang-build-session-file /Users/shotaebi/Library/Developer/Xcode/DerivedData/ModuleCache.noindex/Session.modulevalidation -Xcc -I/Users/shotaebi/Library/Developer/Xcode/DerivedData/ImpulseBlock-dewhddckbhxdqfclawzhypslvoim/Build/Intermediates.noindex/ImpulseBlock.build/Debug-iphonesimulator/ShieldConfigurationExtension.build/swift-overrides.hmap -emit-const-values -Xfrontend -const-gather-protocols-file -Xfrontend /Users/shotaebi/Library/Developer/Xcode/DerivedData/ImpulseBlock-dewhddckbhxdqfclawzhypslvoim/Build/Intermediates.noindex/ImpulseBlock.build/Debug-iphonesimulator/ShieldConfigurationExtension.build/Objects-normal/x86_64/ShieldConfigurationExtension_const_extract_protocols.json -Xcc -iquote -Xcc /Users/shotaebi/Library/Developer/Xcode/DerivedData/ImpulseBlock-dewhddckbhxdqfclawzhypslvoim/Build/Intermediates.noindex/ImpulseBlock.build/Debug-iphonesimulator/ShieldConfigurationExtension.build/ShieldConfigurationExtension-generated-files.hmap -Xcc -I/Users/shotaebi/Library/Developer/Xcode/DerivedData/ImpulseBlock-dewhddckbhxdqfclawzhypslvoim/Build/Intermediates.noindex/ImpulseBlock.build/Debug-iphonesimulator/ShieldConfigurationExtension.build/ShieldConfigurationExtension-own-target-headers.hmap -Xcc -I/Users/shotaebi/Library/Developer/Xcode/DerivedData/ImpulseBlock-dewhddckbhxdqfclawzhypslvoim/Build/Intermediates.noindex/ImpulseBlock.build/Debug-iphonesimulator/ShieldConfigurationExtension.build/ShieldConfigurationExtension-all-target-headers.hmap -Xcc -iquote -Xcc /Users/shotaebi/Library/Developer/Xcode/DerivedData/ImpulseBlock-dewhddckbhxdqfclawzhypslvoim/Build/Intermediates.noindex/ImpulseBlock.build/Debug-iphonesimulator/ShieldConfigurationExtension.build/ShieldConfigurationExtension-project-headers.hmap -Xcc -I/Users/shotaebi/Library/Developer/Xcode/DerivedData/ImpulseBlock-dewhddckbhxdqfclawzhypslvoim/Build/Products/Debug-iphonesimulator/include -Xcc -I/Users/shotaebi/Library/Developer/Xcode/DerivedData/ImpulseBlock-dewhddckbhxdqfclawzhypslvoim/Build/Intermediates.noindex/ImpulseBlock.build/Debug-iphonesimulator/ShieldConfigurationExtension.build/DerivedSources-normal/x86_64 -Xcc -I/Users/shotaebi/Library/Developer/Xcode/DerivedData/ImpulseBlock-dewhddckbhxdqfclawzhypslvoim/Build/Intermediates.noindex/ImpulseBlock.build/Debug-iphonesimulator/ShieldConfigurationExtension.build/DerivedSources/x86_64 -Xcc -I/Users/shotaebi/Library/Developer/Xcode/DerivedData/ImpulseBlock-dewhddckbhxdqfclawzhypslvoim/Build/Intermediates.noindex/ImpulseBlock.build/Debug-iphonesimulator/ShieldConfigurationExtension.build/DerivedSources -Xcc -DDEBUG\=1 -emit-objc-header -emit-objc-header-path /Users/shotaebi/Library/Developer/Xcode/DerivedData/ImpulseBlock-dewhddckbhxdqfclawzhypslvoim/Build/Intermediates.noindex/ImpulseBlock.build/Debug-iphonesimulator/ShieldConfigurationExtension.build/Objects-normal/x86_64/ShieldConfigurationExtension-Swift.h -working-directory /Users/shotaebi/Desktop/projects/personal/vibecoding/pd-extension/mobile/ios -experimental-emit-module-separately -disable-cmo

SwiftEmitModule normal arm64 Emitting\ module\ for\ ShieldConfigurationExtension (in target 'ShieldConfigurationExtension' from project 'ImpulseBlock')

EmitSwiftModule normal arm64 (in target 'ShieldConfigurationExtension' from project 'ImpulseBlock')
    cd /Users/shotaebi/Desktop/projects/personal/vibecoding/pd-extension/mobile/ios
    

Copy /Users/shotaebi/Library/Developer/Xcode/DerivedData/ImpulseBlock-dewhddckbhxdqfclawzhypslvoim/Build/Products/Debug-iphonesimulator/ShieldConfigurationExtension.swiftmodule/x86_64-apple-ios-simulator.swiftmodule /Users/shotaebi/Library/Developer/Xcode/DerivedData/ImpulseBlock-dewhddckbhxdqfclawzhypslvoim/Build/Intermediates.noindex/ImpulseBlock.build/Debug-iphonesimulator/ShieldConfigurationExtension.build/Objects-normal/x86_64/ShieldConfigurationExtension.swiftmodule (in target 'ShieldConfigurationExtension' from project 'ImpulseBlock')
    cd /Users/shotaebi/Desktop/projects/personal/vibecoding/pd-extension/mobile/ios
    builtin-copy -exclude .DS_Store -exclude CVS -exclude .svn -exclude .git -exclude .hg -resolve-src-symlinks -rename /Users/shotaebi/Library/Developer/Xcode/DerivedData/ImpulseBlock-dewhddckbhxdqfclawzhypslvoim/Build/Intermediates.noindex/ImpulseBlock.build/Debug-iphonesimulator/ShieldConfigurationExtension.build/Objects-normal/x86_64/ShieldConfigurationExtension.swiftmodule /Users/shotaebi/Library/Developer/Xcode/DerivedData/ImpulseBlock-dewhddckbhxdqfclawzhypslvoim/Build/Products/Debug-iphonesimulator/ShieldConfigurationExtension.swiftmodule/x86_64-apple-ios-simulator.swiftmodule

SwiftDriverJobDiscovery normal arm64 Emitting module for ShieldConfigurationExtension (in target 'ShieldConfigurationExtension' from project 'ImpulseBlock')

SwiftDriver\ Compilation\ Requirements ShieldConfigurationExtension normal arm64 com.apple.xcode.tools.swift.compiler (in target 'ShieldConfigurationExtension' from project 'ImpulseBlock')
    cd /Users/shotaebi/Desktop/projects/personal/vibecoding/pd-extension/mobile/ios
    builtin-Swift-Compilation-Requirements -- /Applications/Xcode.app/Contents/Developer/Toolchains/XcodeDefault.xctoolchain/usr/bin/swiftc -module-name ShieldConfigurationExtension -Onone -enforce-exclusivity\=checked @/Users/shotaebi/Library/Developer/Xcode/DerivedData/ImpulseBlock-dewhddckbhxdqfclawzhypslvoim/Build/Intermediates.noindex/ImpulseBlock.build/Debug-iphonesimulator/ShieldConfigurationExtension.build/Objects-normal/arm64/ShieldConfigurationExtension.SwiftFileList -DDEBUG -enable-bare-slash-regex -enable-experimental-feature DebugDescriptionMacro -sdk /Applications/Xcode.app/Contents/Developer/Platforms/iPhoneSimulator.platform/Developer/SDKs/iPhoneSimulator26.2.sdk -target arm64-apple-ios16.0-simulator -g -module-cache-path /Users/shotaebi/Library/Developer/Xcode/DerivedData/ModuleCache.noindex -Xfrontend -serialize-debugging-options -application-extension -enable-testing -index-store-path /Users/shotaebi/Library/Developer/Xcode/DerivedData/ImpulseBlock-dewhddckbhxdqfclawzhypslvoim/Index.noindex/DataStore -Xcc -D_LIBCPP_HARDENING_MODE\=_LIBCPP_HARDENING_MODE_DEBUG -swift-version 5 -I /Users/shotaebi/Library/Developer/Xcode/DerivedData/ImpulseBlock-dewhddckbhxdqfclawzhypslvoim/Build/Products/Debug-iphonesimulator -F /Users/shotaebi/Library/Developer/Xcode/DerivedData/ImpulseBlock-dewhddckbhxdqfclawzhypslvoim/Build/Products/Debug-iphonesimulator -c -j14 -enable-batch-mode -incremental -Xcc -ivfsstatcache -Xcc /Users/shotaebi/Library/Developer/Xcode/DerivedData/SDKStatCaches.noindex/iphonesimulator26.2-23C57-7d00a8b37fbd7999ea79df8ebc024bf0.sdkstatcache -output-file-map /Users/shotaebi/Library/Developer/Xcode/DerivedData/ImpulseBlock-dewhddckbhxdqfclawzhypslvoim/Build/Intermediates.noindex/ImpulseBlock.build/Debug-iphonesimulator/ShieldConfigurationExtension.build/Objects-normal/arm64/ShieldConfigurationExtension-OutputFileMap.json -use-frontend-parseable-output -save-temps -no-color-diagnostics -explicit-module-build -module-cache-path /Users/shotaebi/Library/Developer/Xcode/DerivedData/ImpulseBlock-dewhddckbhxdqfclawzhypslvoim/Build/Intermediates.noindex/SwiftExplicitPrecompiledModules -clang-scanner-module-cache-path /Users/shotaebi/Library/Developer/Xcode/DerivedData/ModuleCache.noindex -sdk-module-cache-path /Users/shotaebi/Library/Developer/Xcode/DerivedData/ModuleCache.noindex -serialize-diagnostics -emit-dependencies -emit-module -emit-module-path /Users/shotaebi/Library/Developer/Xcode/DerivedData/ImpulseBlock-dewhddckbhxdqfclawzhypslvoim/Build/Intermediates.noindex/ImpulseBlock.build/Debug-iphonesimulator/ShieldConfigurationExtension.build/Objects-normal/arm64/ShieldConfigurationExtension.swiftmodule -validate-clang-modules-once -clang-build-session-file /Users/shotaebi/Library/Developer/Xcode/DerivedData/ModuleCache.noindex/Session.modulevalidation -Xcc -I/Users/shotaebi/Library/Developer/Xcode/DerivedData/ImpulseBlock-dewhddckbhxdqfclawzhypslvoim/Build/Intermediates.noindex/ImpulseBlock.build/Debug-iphonesimulator/ShieldConfigurationExtension.build/swift-overrides.hmap -emit-const-values -Xfrontend -const-gather-protocols-file -Xfrontend /Users/shotaebi/Library/Developer/Xcode/DerivedData/ImpulseBlock-dewhddckbhxdqfclawzhypslvoim/Build/Intermediates.noindex/ImpulseBlock.build/Debug-iphonesimulator/ShieldConfigurationExtension.build/Objects-normal/arm64/ShieldConfigurationExtension_const_extract_protocols.json -Xcc -iquote -Xcc /Users/shotaebi/Library/Developer/Xcode/DerivedData/ImpulseBlock-dewhddckbhxdqfclawzhypslvoim/Build/Intermediates.noindex/ImpulseBlock.build/Debug-iphonesimulator/ShieldConfigurationExtension.build/ShieldConfigurationExtension-generated-files.hmap -Xcc -I/Users/shotaebi/Library/Developer/Xcode/DerivedData/ImpulseBlock-dewhddckbhxdqfclawzhypslvoim/Build/Intermediates.noindex/ImpulseBlock.build/Debug-iphonesimulator/ShieldConfigurationExtension.build/ShieldConfigurationExtension-own-target-headers.hmap -Xcc -I/Users/shotaebi/Library/Developer/Xcode/DerivedData/ImpulseBlock-dewhddckbhxdqfclawzhypslvoim/Build/Intermediates.noindex/ImpulseBlock.build/Debug-iphonesimulator/ShieldConfigurationExtension.build/ShieldConfigurationExtension-all-target-headers.hmap -Xcc -iquote -Xcc /Users/shotaebi/Library/Developer/Xcode/DerivedData/ImpulseBlock-dewhddckbhxdqfclawzhypslvoim/Build/Intermediates.noindex/ImpulseBlock.build/Debug-iphonesimulator/ShieldConfigurationExtension.build/ShieldConfigurationExtension-project-headers.hmap -Xcc -I/Users/shotaebi/Library/Developer/Xcode/DerivedData/ImpulseBlock-dewhddckbhxdqfclawzhypslvoim/Build/Products/Debug-iphonesimulator/include -Xcc -I/Users/shotaebi/Library/Developer/Xcode/DerivedData/ImpulseBlock-dewhddckbhxdqfclawzhypslvoim/Build/Intermediates.noindex/ImpulseBlock.build/Debug-iphonesimulator/ShieldConfigurationExtension.build/DerivedSources-normal/arm64 -Xcc -I/Users/shotaebi/Library/Developer/Xcode/DerivedData/ImpulseBlock-dewhddckbhxdqfclawzhypslvoim/Build/Intermediates.noindex/ImpulseBlock.build/Debug-iphonesimulator/ShieldConfigurationExtension.build/DerivedSources/arm64 -Xcc -I/Users/shotaebi/Library/Developer/Xcode/DerivedData/ImpulseBlock-dewhddckbhxdqfclawzhypslvoim/Build/Intermediates.noindex/ImpulseBlock.build/Debug-iphonesimulator/ShieldConfigurationExtension.build/DerivedSources -Xcc -DDEBUG\=1 -emit-objc-header -emit-objc-header-path /Users/shotaebi/Library/Developer/Xcode/DerivedData/ImpulseBlock-dewhddckbhxdqfclawzhypslvoim/Build/Intermediates.noindex/ImpulseBlock.build/Debug-iphonesimulator/ShieldConfigurationExtension.build/Objects-normal/arm64/ShieldConfigurationExtension-Swift.h -working-directory /Users/shotaebi/Desktop/projects/personal/vibecoding/pd-extension/mobile/ios -experimental-emit-module-separately -disable-cmo

Copy /Users/shotaebi/Library/Developer/Xcode/DerivedData/ImpulseBlock-dewhddckbhxdqfclawzhypslvoim/Build/Products/Debug-iphonesimulator/ShieldConfigurationExtension.swiftmodule/x86_64-apple-ios-simulator.swiftdoc /Users/shotaebi/Library/Developer/Xcode/DerivedData/ImpulseBlock-dewhddckbhxdqfclawzhypslvoim/Build/Intermediates.noindex/ImpulseBlock.build/Debug-iphonesimulator/ShieldConfigurationExtension.build/Objects-normal/x86_64/ShieldConfigurationExtension.swiftdoc (in target 'ShieldConfigurationExtension' from project 'ImpulseBlock')
    cd /Users/shotaebi/Desktop/projects/personal/vibecoding/pd-extension/mobile/ios
    builtin-copy -exclude .DS_Store -exclude CVS -exclude .svn -exclude .git -exclude .hg -resolve-src-symlinks -rename /Users/shotaebi/Library/Developer/Xcode/DerivedData/ImpulseBlock-dewhddckbhxdqfclawzhypslvoim/Build/Intermediates.noindex/ImpulseBlock.build/Debug-iphonesimulator/ShieldConfigurationExtension.build/Objects-normal/x86_64/ShieldConfigurationExtension.swiftdoc /Users/shotaebi/Library/Developer/Xcode/DerivedData/ImpulseBlock-dewhddckbhxdqfclawzhypslvoim/Build/Products/Debug-iphonesimulator/ShieldConfigurationExtension.swiftmodule/x86_64-apple-ios-simulator.swiftdoc

SwiftMergeGeneratedHeaders /Users/shotaebi/Library/Developer/Xcode/DerivedData/ImpulseBlock-dewhddckbhxdqfclawzhypslvoim/Build/Intermediates.noindex/ImpulseBlock.build/Debug-iphonesimulator/ShieldConfigurationExtension.build/DerivedSources/ShieldConfigurationExtension-Swift.h /Users/shotaebi/Library/Developer/Xcode/DerivedData/ImpulseBlock-dewhddckbhxdqfclawzhypslvoim/Build/Intermediates.noindex/ImpulseBlock.build/Debug-iphonesimulator/ShieldConfigurationExtension.build/Objects-normal/arm64/ShieldConfigurationExtension-Swift.h /Users/shotaebi/Library/Developer/Xcode/DerivedData/ImpulseBlock-dewhddckbhxdqfclawzhypslvoim/Build/Intermediates.noindex/ImpulseBlock.build/Debug-iphonesimulator/ShieldConfigurationExtension.build/Objects-normal/x86_64/ShieldConfigurationExtension-Swift.h (in target 'ShieldConfigurationExtension' from project 'ImpulseBlock')
    cd /Users/shotaebi/Desktop/projects/personal/vibecoding/pd-extension/mobile/ios
    builtin-swiftHeaderTool -arch arm64 /Users/shotaebi/Library/Developer/Xcode/DerivedData/ImpulseBlock-dewhddckbhxdqfclawzhypslvoim/Build/Intermediates.noindex/ImpulseBlock.build/Debug-iphonesimulator/ShieldConfigurationExtension.build/Objects-normal/arm64/ShieldConfigurationExtension-Swift.h -arch x86_64 /Users/shotaebi/Library/Developer/Xcode/DerivedData/ImpulseBlock-dewhddckbhxdqfclawzhypslvoim/Build/Intermediates.noindex/ImpulseBlock.build/Debug-iphonesimulator/ShieldConfigurationExtension.build/Objects-normal/x86_64/ShieldConfigurationExtension-Swift.h -o /Users/shotaebi/Library/Developer/Xcode/DerivedData/ImpulseBlock-dewhddckbhxdqfclawzhypslvoim/Build/Intermediates.noindex/ImpulseBlock.build/Debug-iphonesimulator/ShieldConfigurationExtension.build/DerivedSources/ShieldConfigurationExtension-Swift.h

Copy /Users/shotaebi/Library/Developer/Xcode/DerivedData/ImpulseBlock-dewhddckbhxdqfclawzhypslvoim/Build/Products/Debug-iphonesimulator/ShieldConfigurationExtension.swiftmodule/x86_64-apple-ios-simulator.abi.json /Users/shotaebi/Library/Developer/Xcode/DerivedData/ImpulseBlock-dewhddckbhxdqfclawzhypslvoim/Build/Intermediates.noindex/ImpulseBlock.build/Debug-iphonesimulator/ShieldConfigurationExtension.build/Objects-normal/x86_64/ShieldConfigurationExtension.abi.json (in target 'ShieldConfigurationExtension' from project 'ImpulseBlock')
    cd /Users/shotaebi/Desktop/projects/personal/vibecoding/pd-extension/mobile/ios
    builtin-copy -exclude .DS_Store -exclude CVS -exclude .svn -exclude .git -exclude .hg -resolve-src-symlinks -rename /Users/shotaebi/Library/Developer/Xcode/DerivedData/ImpulseBlock-dewhddckbhxdqfclawzhypslvoim/Build/Intermediates.noindex/ImpulseBlock.build/Debug-iphonesimulator/ShieldConfigurationExtension.build/Objects-normal/x86_64/ShieldConfigurationExtension.abi.json /Users/shotaebi/Library/Developer/Xcode/DerivedData/ImpulseBlock-dewhddckbhxdqfclawzhypslvoim/Build/Products/Debug-iphonesimulator/ShieldConfigurationExtension.swiftmodule/x86_64-apple-ios-simulator.abi.json

Copy /Users/shotaebi/Library/Developer/Xcode/DerivedData/ImpulseBlock-dewhddckbhxdqfclawzhypslvoim/Build/Products/Debug-iphonesimulator/ShieldConfigurationExtension.swiftmodule/arm64-apple-ios-simulator.swiftmodule /Users/shotaebi/Library/Developer/Xcode/DerivedData/ImpulseBlock-dewhddckbhxdqfclawzhypslvoim/Build/Intermediates.noindex/ImpulseBlock.build/Debug-iphonesimulator/ShieldConfigurationExtension.build/Objects-normal/arm64/ShieldConfigurationExtension.swiftmodule (in target 'ShieldConfigurationExtension' from project 'ImpulseBlock')
    cd /Users/shotaebi/Desktop/projects/personal/vibecoding/pd-extension/mobile/ios
    builtin-copy -exclude .DS_Store -exclude CVS -exclude .svn -exclude .git -exclude .hg -resolve-src-symlinks -rename /Users/shotaebi/Library/Developer/Xcode/DerivedData/ImpulseBlock-dewhddckbhxdqfclawzhypslvoim/Build/Intermediates.noindex/ImpulseBlock.build/Debug-iphonesimulator/ShieldConfigurationExtension.build/Objects-normal/arm64/ShieldConfigurationExtension.swiftmodule /Users/shotaebi/Library/Developer/Xcode/DerivedData/ImpulseBlock-dewhddckbhxdqfclawzhypslvoim/Build/Products/Debug-iphonesimulator/ShieldConfigurationExtension.swiftmodule/arm64-apple-ios-simulator.swiftmodule

Copy /Users/shotaebi/Library/Developer/Xcode/DerivedData/ImpulseBlock-dewhddckbhxdqfclawzhypslvoim/Build/Products/Debug-iphonesimulator/ShieldConfigurationExtension.swiftmodule/arm64-apple-ios-simulator.swiftdoc /Users/shotaebi/Library/Developer/Xcode/DerivedData/ImpulseBlock-dewhddckbhxdqfclawzhypslvoim/Build/Intermediates.noindex/ImpulseBlock.build/Debug-iphonesimulator/ShieldConfigurationExtension.build/Objects-normal/arm64/ShieldConfigurationExtension.swiftdoc (in target 'ShieldConfigurationExtension' from project 'ImpulseBlock')
    cd /Users/shotaebi/Desktop/projects/personal/vibecoding/pd-extension/mobile/ios
    builtin-copy -exclude .DS_Store -exclude CVS -exclude .svn -exclude .git -exclude .hg -resolve-src-symlinks -rename /Users/shotaebi/Library/Developer/Xcode/DerivedData/ImpulseBlock-dewhddckbhxdqfclawzhypslvoim/Build/Intermediates.noindex/ImpulseBlock.build/Debug-iphonesimulator/ShieldConfigurationExtension.build/Objects-normal/arm64/ShieldConfigurationExtension.swiftdoc /Users/shotaebi/Library/Developer/Xcode/DerivedData/ImpulseBlock-dewhddckbhxdqfclawzhypslvoim/Build/Products/Debug-iphonesimulator/ShieldConfigurationExtension.swiftmodule/arm64-apple-ios-simulator.swiftdoc

Copy /Users/shotaebi/Library/Developer/Xcode/DerivedData/ImpulseBlock-dewhddckbhxdqfclawzhypslvoim/Build/Products/Debug-iphonesimulator/ShieldConfigurationExtension.swiftmodule/arm64-apple-ios-simulator.abi.json /Users/shotaebi/Library/Developer/Xcode/DerivedData/ImpulseBlock-dewhddckbhxdqfclawzhypslvoim/Build/Intermediates.noindex/ImpulseBlock.build/Debug-iphonesimulator/ShieldConfigurationExtension.build/Objects-normal/arm64/ShieldConfigurationExtension.abi.json (in target 'ShieldConfigurationExtension' from project 'ImpulseBlock')
    cd /Users/shotaebi/Desktop/projects/personal/vibecoding/pd-extension/mobile/ios
    builtin-copy -exclude .DS_Store -exclude CVS -exclude .svn -exclude .git -exclude .hg -resolve-src-symlinks -rename /Users/shotaebi/Library/Developer/Xcode/DerivedData/ImpulseBlock-dewhddckbhxdqfclawzhypslvoim/Build/Intermediates.noindex/ImpulseBlock.build/Debug-iphonesimulator/ShieldConfigurationExtension.build/Objects-normal/arm64/ShieldConfigurationExtension.abi.json /Users/shotaebi/Library/Developer/Xcode/DerivedData/ImpulseBlock-dewhddckbhxdqfclawzhypslvoim/Build/Products/Debug-iphonesimulator/ShieldConfigurationExtension.swiftmodule/arm64-apple-ios-simulator.abi.json

Copy /Users/shotaebi/Library/Developer/Xcode/DerivedData/ImpulseBlock-dewhddckbhxdqfclawzhypslvoim/Build/Products/Debug-iphonesimulator/ShieldConfigurationExtension.swiftmodule/Project/x86_64-apple-ios-simulator.swiftsourceinfo /Users/shotaebi/Library/Developer/Xcode/DerivedData/ImpulseBlock-dewhddckbhxdqfclawzhypslvoim/Build/Intermediates.noindex/ImpulseBlock.build/Debug-iphonesimulator/ShieldConfigurationExtension.build/Objects-normal/x86_64/ShieldConfigurationExtension.swiftsourceinfo (in target 'ShieldConfigurationExtension' from project 'ImpulseBlock')
    cd /Users/shotaebi/Desktop/projects/personal/vibecoding/pd-extension/mobile/ios
    builtin-copy -exclude .DS_Store -exclude CVS -exclude .svn -exclude .git -exclude .hg -resolve-src-symlinks -rename /Users/shotaebi/Library/Developer/Xcode/DerivedData/ImpulseBlock-dewhddckbhxdqfclawzhypslvoim/Build/Intermediates.noindex/ImpulseBlock.build/Debug-iphonesimulator/ShieldConfigurationExtension.build/Objects-normal/x86_64/ShieldConfigurationExtension.swiftsourceinfo /Users/shotaebi/Library/Developer/Xcode/DerivedData/ImpulseBlock-dewhddckbhxdqfclawzhypslvoim/Build/Products/Debug-iphonesimulator/ShieldConfigurationExtension.swiftmodule/Project/x86_64-apple-ios-simulator.swiftsourceinfo

Copy /Users/shotaebi/Library/Developer/Xcode/DerivedData/ImpulseBlock-dewhddckbhxdqfclawzhypslvoim/Build/Products/Debug-iphonesimulator/ShieldConfigurationExtension.swiftmodule/Project/arm64-apple-ios-simulator.swiftsourceinfo /Users/shotaebi/Library/Developer/Xcode/DerivedData/ImpulseBlock-dewhddckbhxdqfclawzhypslvoim/Build/Intermediates.noindex/ImpulseBlock.build/Debug-iphonesimulator/ShieldConfigurationExtension.build/Objects-normal/arm64/ShieldConfigurationExtension.swiftsourceinfo (in target 'ShieldConfigurationExtension' from project 'ImpulseBlock')
    cd /Users/shotaebi/Desktop/projects/personal/vibecoding/pd-extension/mobile/ios
    builtin-copy -exclude .DS_Store -exclude CVS -exclude .svn -exclude .git -exclude .hg -resolve-src-symlinks -rename /Users/shotaebi/Library/Developer/Xcode/DerivedData/ImpulseBlock-dewhddckbhxdqfclawzhypslvoim/Build/Intermediates.noindex/ImpulseBlock.build/Debug-iphonesimulator/ShieldConfigurationExtension.build/Objects-normal/arm64/ShieldConfigurationExtension.swiftsourceinfo /Users/shotaebi/Library/Developer/Xcode/DerivedData/ImpulseBlock-dewhddckbhxdqfclawzhypslvoim/Build/Products/Debug-iphonesimulator/ShieldConfigurationExtension.swiftmodule/Project/arm64-apple-ios-simulator.swiftsourceinfo

SwiftDriver\ Compilation\ Requirements ShieldActionExtension normal x86_64 com.apple.xcode.tools.swift.compiler (in target 'ShieldActionExtension' from project 'ImpulseBlock')
    cd /Users/shotaebi/Desktop/projects/personal/vibecoding/pd-extension/mobile/ios
    builtin-Swift-Compilation-Requirements -- /Applications/Xcode.app/Contents/Developer/Toolchains/XcodeDefault.xctoolchain/usr/bin/swiftc -module-name ShieldActionExtension -Onone -enforce-exclusivity\=checked @/Users/shotaebi/Library/Developer/Xcode/DerivedData/ImpulseBlock-dewhddckbhxdqfclawzhypslvoim/Build/Intermediates.noindex/ImpulseBlock.build/Debug-iphonesimulator/ShieldActionExtension.build/Objects-normal/x86_64/ShieldActionExtension.SwiftFileList -DDEBUG -enable-bare-slash-regex -enable-experimental-feature DebugDescriptionMacro -sdk /Applications/Xcode.app/Contents/Developer/Platforms/iPhoneSimulator.platform/Developer/SDKs/iPhoneSimulator26.2.sdk -target x86_64-apple-ios16.0-simulator -g -module-cache-path /Users/shotaebi/Library/Developer/Xcode/DerivedData/ModuleCache.noindex -Xfrontend -serialize-debugging-options -application-extension -enable-testing -index-store-path /Users/shotaebi/Library/Developer/Xcode/DerivedData/ImpulseBlock-dewhddckbhxdqfclawzhypslvoim/Index.noindex/DataStore -Xcc -D_LIBCPP_HARDENING_MODE\=_LIBCPP_HARDENING_MODE_DEBUG -swift-version 5 -I /Users/shotaebi/Library/Developer/Xcode/DerivedData/ImpulseBlock-dewhddckbhxdqfclawzhypslvoim/Build/Products/Debug-iphonesimulator -F /Users/shotaebi/Library/Developer/Xcode/DerivedData/ImpulseBlock-dewhddckbhxdqfclawzhypslvoim/Build/Products/Debug-iphonesimulator -c -j14 -enable-batch-mode -incremental -Xcc -ivfsstatcache -Xcc /Users/shotaebi/Library/Developer/Xcode/DerivedData/SDKStatCaches.noindex/iphonesimulator26.2-23C57-7d00a8b37fbd7999ea79df8ebc024bf0.sdkstatcache -output-file-map /Users/shotaebi/Library/Developer/Xcode/DerivedData/ImpulseBlock-dewhddckbhxdqfclawzhypslvoim/Build/Intermediates.noindex/ImpulseBlock.build/Debug-iphonesimulator/ShieldActionExtension.build/Objects-normal/x86_64/ShieldActionExtension-OutputFileMap.json -use-frontend-parseable-output -save-temps -no-color-diagnostics -explicit-module-build -module-cache-path /Users/shotaebi/Library/Developer/Xcode/DerivedData/ImpulseBlock-dewhddckbhxdqfclawzhypslvoim/Build/Intermediates.noindex/SwiftExplicitPrecompiledModules -clang-scanner-module-cache-path /Users/shotaebi/Library/Developer/Xcode/DerivedData/ModuleCache.noindex -sdk-module-cache-path /Users/shotaebi/Library/Developer/Xcode/DerivedData/ModuleCache.noindex -serialize-diagnostics -emit-dependencies -emit-module -emit-module-path /Users/shotaebi/Library/Developer/Xcode/DerivedData/ImpulseBlock-dewhddckbhxdqfclawzhypslvoim/Build/Intermediates.noindex/ImpulseBlock.build/Debug-iphonesimulator/ShieldActionExtension.build/Objects-normal/x86_64/ShieldActionExtension.swiftmodule -validate-clang-modules-once -clang-build-session-file /Users/shotaebi/Library/Developer/Xcode/DerivedData/ModuleCache.noindex/Session.modulevalidation -Xcc -I/Users/shotaebi/Library/Developer/Xcode/DerivedData/ImpulseBlock-dewhddckbhxdqfclawzhypslvoim/Build/Intermediates.noindex/ImpulseBlock.build/Debug-iphonesimulator/ShieldActionExtension.build/swift-overrides.hmap -emit-const-values -Xfrontend -const-gather-protocols-file -Xfrontend /Users/shotaebi/Library/Developer/Xcode/DerivedData/ImpulseBlock-dewhddckbhxdqfclawzhypslvoim/Build/Intermediates.noindex/ImpulseBlock.build/Debug-iphonesimulator/ShieldActionExtension.build/Objects-normal/x86_64/ShieldActionExtension_const_extract_protocols.json -Xcc -iquote -Xcc /Users/shotaebi/Library/Developer/Xcode/DerivedData/ImpulseBlock-dewhddckbhxdqfclawzhypslvoim/Build/Intermediates.noindex/ImpulseBlock.build/Debug-iphonesimulator/ShieldActionExtension.build/ShieldActionExtension-generated-files.hmap -Xcc -I/Users/shotaebi/Library/Developer/Xcode/DerivedData/ImpulseBlock-dewhddckbhxdqfclawzhypslvoim/Build/Intermediates.noindex/ImpulseBlock.build/Debug-iphonesimulator/ShieldActionExtension.build/ShieldActionExtension-own-target-headers.hmap -Xcc -I/Users/shotaebi/Library/Developer/Xcode/DerivedData/ImpulseBlock-dewhddckbhxdqfclawzhypslvoim/Build/Intermediates.noindex/ImpulseBlock.build/Debug-iphonesimulator/ShieldActionExtension.build/ShieldActionExtension-all-target-headers.hmap -Xcc -iquote -Xcc /Users/shotaebi/Library/Developer/Xcode/DerivedData/ImpulseBlock-dewhddckbhxdqfclawzhypslvoim/Build/Intermediates.noindex/ImpulseBlock.build/Debug-iphonesimulator/ShieldActionExtension.build/ShieldActionExtension-project-headers.hmap -Xcc -I/Users/shotaebi/Library/Developer/Xcode/DerivedData/ImpulseBlock-dewhddckbhxdqfclawzhypslvoim/Build/Products/Debug-iphonesimulator/include -Xcc -I/Users/shotaebi/Library/Developer/Xcode/DerivedData/ImpulseBlock-dewhddckbhxdqfclawzhypslvoim/Build/Intermediates.noindex/ImpulseBlock.build/Debug-iphonesimulator/ShieldActionExtension.build/DerivedSources-normal/x86_64 -Xcc -I/Users/shotaebi/Library/Developer/Xcode/DerivedData/ImpulseBlock-dewhddckbhxdqfclawzhypslvoim/Build/Intermediates.noindex/ImpulseBlock.build/Debug-iphonesimulator/ShieldActionExtension.build/DerivedSources/x86_64 -Xcc -I/Users/shotaebi/Library/Developer/Xcode/DerivedData/ImpulseBlock-dewhddckbhxdqfclawzhypslvoim/Build/Intermediates.noindex/ImpulseBlock.build/Debug-iphonesimulator/ShieldActionExtension.build/DerivedSources -Xcc -DDEBUG\=1 -emit-objc-header -emit-objc-header-path /Users/shotaebi/Library/Developer/Xcode/DerivedData/ImpulseBlock-dewhddckbhxdqfclawzhypslvoim/Build/Intermediates.noindex/ImpulseBlock.build/Debug-iphonesimulator/ShieldActionExtension.build/Objects-normal/x86_64/ShieldActionExtension-Swift.h -working-directory /Users/shotaebi/Desktop/projects/personal/vibecoding/pd-extension/mobile/ios -experimental-emit-module-separately -disable-cmo

SwiftEmitModule normal arm64 Emitting\ module\ for\ ShieldActionExtension (in target 'ShieldActionExtension' from project 'ImpulseBlock')

EmitSwiftModule normal arm64 (in target 'ShieldActionExtension' from project 'ImpulseBlock')
    cd /Users/shotaebi/Desktop/projects/personal/vibecoding/pd-extension/mobile/ios
    

Copy /Users/shotaebi/Library/Developer/Xcode/DerivedData/ImpulseBlock-dewhddckbhxdqfclawzhypslvoim/Build/Products/Debug-iphonesimulator/ShieldActionExtension.swiftmodule/x86_64-apple-ios-simulator.swiftmodule /Users/shotaebi/Library/Developer/Xcode/DerivedData/ImpulseBlock-dewhddckbhxdqfclawzhypslvoim/Build/Intermediates.noindex/ImpulseBlock.build/Debug-iphonesimulator/ShieldActionExtension.build/Objects-normal/x86_64/ShieldActionExtension.swiftmodule (in target 'ShieldActionExtension' from project 'ImpulseBlock')
    cd /Users/shotaebi/Desktop/projects/personal/vibecoding/pd-extension/mobile/ios
    builtin-copy -exclude .DS_Store -exclude CVS -exclude .svn -exclude .git -exclude .hg -resolve-src-symlinks -rename /Users/shotaebi/Library/Developer/Xcode/DerivedData/ImpulseBlock-dewhddckbhxdqfclawzhypslvoim/Build/Intermediates.noindex/ImpulseBlock.build/Debug-iphonesimulator/ShieldActionExtension.build/Objects-normal/x86_64/ShieldActionExtension.swiftmodule /Users/shotaebi/Library/Developer/Xcode/DerivedData/ImpulseBlock-dewhddckbhxdqfclawzhypslvoim/Build/Products/Debug-iphonesimulator/ShieldActionExtension.swiftmodule/x86_64-apple-ios-simulator.swiftmodule

SwiftDriverJobDiscovery normal arm64 Emitting module for ShieldActionExtension (in target 'ShieldActionExtension' from project 'ImpulseBlock')

SwiftDriver\ Compilation\ Requirements ShieldActionExtension normal arm64 com.apple.xcode.tools.swift.compiler (in target 'ShieldActionExtension' from project 'ImpulseBlock')
    cd /Users/shotaebi/Desktop/projects/personal/vibecoding/pd-extension/mobile/ios
    builtin-Swift-Compilation-Requirements -- /Applications/Xcode.app/Contents/Developer/Toolchains/XcodeDefault.xctoolchain/usr/bin/swiftc -module-name ShieldActionExtension -Onone -enforce-exclusivity\=checked @/Users/shotaebi/Library/Developer/Xcode/DerivedData/ImpulseBlock-dewhddckbhxdqfclawzhypslvoim/Build/Intermediates.noindex/ImpulseBlock.build/Debug-iphonesimulator/ShieldActionExtension.build/Objects-normal/arm64/ShieldActionExtension.SwiftFileList -DDEBUG -enable-bare-slash-regex -enable-experimental-feature DebugDescriptionMacro -sdk /Applications/Xcode.app/Contents/Developer/Platforms/iPhoneSimulator.platform/Developer/SDKs/iPhoneSimulator26.2.sdk -target arm64-apple-ios16.0-simulator -g -module-cache-path /Users/shotaebi/Library/Developer/Xcode/DerivedData/ModuleCache.noindex -Xfrontend -serialize-debugging-options -application-extension -enable-testing -index-store-path /Users/shotaebi/Library/Developer/Xcode/DerivedData/ImpulseBlock-dewhddckbhxdqfclawzhypslvoim/Index.noindex/DataStore -Xcc -D_LIBCPP_HARDENING_MODE\=_LIBCPP_HARDENING_MODE_DEBUG -swift-version 5 -I /Users/shotaebi/Library/Developer/Xcode/DerivedData/ImpulseBlock-dewhddckbhxdqfclawzhypslvoim/Build/Products/Debug-iphonesimulator -F /Users/shotaebi/Library/Developer/Xcode/DerivedData/ImpulseBlock-dewhddckbhxdqfclawzhypslvoim/Build/Products/Debug-iphonesimulator -c -j14 -enable-batch-mode -incremental -Xcc -ivfsstatcache -Xcc /Users/shotaebi/Library/Developer/Xcode/DerivedData/SDKStatCaches.noindex/iphonesimulator26.2-23C57-7d00a8b37fbd7999ea79df8ebc024bf0.sdkstatcache -output-file-map /Users/shotaebi/Library/Developer/Xcode/DerivedData/ImpulseBlock-dewhddckbhxdqfclawzhypslvoim/Build/Intermediates.noindex/ImpulseBlock.build/Debug-iphonesimulator/ShieldActionExtension.build/Objects-normal/arm64/ShieldActionExtension-OutputFileMap.json -use-frontend-parseable-output -save-temps -no-color-diagnostics -explicit-module-build -module-cache-path /Users/shotaebi/Library/Developer/Xcode/DerivedData/ImpulseBlock-dewhddckbhxdqfclawzhypslvoim/Build/Intermediates.noindex/SwiftExplicitPrecompiledModules -clang-scanner-module-cache-path /Users/shotaebi/Library/Developer/Xcode/DerivedData/ModuleCache.noindex -sdk-module-cache-path /Users/shotaebi/Library/Developer/Xcode/DerivedData/ModuleCache.noindex -serialize-diagnostics -emit-dependencies -emit-module -emit-module-path /Users/shotaebi/Library/Developer/Xcode/DerivedData/ImpulseBlock-dewhddckbhxdqfclawzhypslvoim/Build/Intermediates.noindex/ImpulseBlock.build/Debug-iphonesimulator/ShieldActionExtension.build/Objects-normal/arm64/ShieldActionExtension.swiftmodule -validate-clang-modules-once -clang-build-session-file /Users/shotaebi/Library/Developer/Xcode/DerivedData/ModuleCache.noindex/Session.modulevalidation -Xcc -I/Users/shotaebi/Library/Developer/Xcode/DerivedData/ImpulseBlock-dewhddckbhxdqfclawzhypslvoim/Build/Intermediates.noindex/ImpulseBlock.build/Debug-iphonesimulator/ShieldActionExtension.build/swift-overrides.hmap -emit-const-values -Xfrontend -const-gather-protocols-file -Xfrontend /Users/shotaebi/Library/Developer/Xcode/DerivedData/ImpulseBlock-dewhddckbhxdqfclawzhypslvoim/Build/Intermediates.noindex/ImpulseBlock.build/Debug-iphonesimulator/ShieldActionExtension.build/Objects-normal/arm64/ShieldActionExtension_const_extract_protocols.json -Xcc -iquote -Xcc /Users/shotaebi/Library/Developer/Xcode/DerivedData/ImpulseBlock-dewhddckbhxdqfclawzhypslvoim/Build/Intermediates.noindex/ImpulseBlock.build/Debug-iphonesimulator/ShieldActionExtension.build/ShieldActionExtension-generated-files.hmap -Xcc -I/Users/shotaebi/Library/Developer/Xcode/DerivedData/ImpulseBlock-dewhddckbhxdqfclawzhypslvoim/Build/Intermediates.noindex/ImpulseBlock.build/Debug-iphonesimulator/ShieldActionExtension.build/ShieldActionExtension-own-target-headers.hmap -Xcc -I/Users/shotaebi/Library/Developer/Xcode/DerivedData/ImpulseBlock-dewhddckbhxdqfclawzhypslvoim/Build/Intermediates.noindex/ImpulseBlock.build/Debug-iphonesimulator/ShieldActionExtension.build/ShieldActionExtension-all-target-headers.hmap -Xcc -iquote -Xcc /Users/shotaebi/Library/Developer/Xcode/DerivedData/ImpulseBlock-dewhddckbhxdqfclawzhypslvoim/Build/Intermediates.noindex/ImpulseBlock.build/Debug-iphonesimulator/ShieldActionExtension.build/ShieldActionExtension-project-headers.hmap -Xcc -I/Users/shotaebi/Library/Developer/Xcode/DerivedData/ImpulseBlock-dewhddckbhxdqfclawzhypslvoim/Build/Products/Debug-iphonesimulator/include -Xcc -I/Users/shotaebi/Library/Developer/Xcode/DerivedData/ImpulseBlock-dewhddckbhxdqfclawzhypslvoim/Build/Intermediates.noindex/ImpulseBlock.build/Debug-iphonesimulator/ShieldActionExtension.build/DerivedSources-normal/arm64 -Xcc -I/Users/shotaebi/Library/Developer/Xcode/DerivedData/ImpulseBlock-dewhddckbhxdqfclawzhypslvoim/Build/Intermediates.noindex/ImpulseBlock.build/Debug-iphonesimulator/ShieldActionExtension.build/DerivedSources/arm64 -Xcc -I/Users/shotaebi/Library/Developer/Xcode/DerivedData/ImpulseBlock-dewhddckbhxdqfclawzhypslvoim/Build/Intermediates.noindex/ImpulseBlock.build/Debug-iphonesimulator/ShieldActionExtension.build/DerivedSources -Xcc -DDEBUG\=1 -emit-objc-header -emit-objc-header-path /Users/shotaebi/Library/Developer/Xcode/DerivedData/ImpulseBlock-dewhddckbhxdqfclawzhypslvoim/Build/Intermediates.noindex/ImpulseBlock.build/Debug-iphonesimulator/ShieldActionExtension.build/Objects-normal/arm64/ShieldActionExtension-Swift.h -working-directory /Users/shotaebi/Desktop/projects/personal/vibecoding/pd-extension/mobile/ios -experimental-emit-module-separately -disable-cmo

Copy /Users/shotaebi/Library/Developer/Xcode/DerivedData/ImpulseBlock-dewhddckbhxdqfclawzhypslvoim/Build/Products/Debug-iphonesimulator/ShieldActionExtension.swiftmodule/x86_64-apple-ios-simulator.swiftdoc /Users/shotaebi/Library/Developer/Xcode/DerivedData/ImpulseBlock-dewhddckbhxdqfclawzhypslvoim/Build/Intermediates.noindex/ImpulseBlock.build/Debug-iphonesimulator/ShieldActionExtension.build/Objects-normal/x86_64/ShieldActionExtension.swiftdoc (in target 'ShieldActionExtension' from project 'ImpulseBlock')
    cd /Users/shotaebi/Desktop/projects/personal/vibecoding/pd-extension/mobile/ios
    builtin-copy -exclude .DS_Store -exclude CVS -exclude .svn -exclude .git -exclude .hg -resolve-src-symlinks -rename /Users/shotaebi/Library/Developer/Xcode/DerivedData/ImpulseBlock-dewhddckbhxdqfclawzhypslvoim/Build/Intermediates.noindex/ImpulseBlock.build/Debug-iphonesimulator/ShieldActionExtension.build/Objects-normal/x86_64/ShieldActionExtension.swiftdoc /Users/shotaebi/Library/Developer/Xcode/DerivedData/ImpulseBlock-dewhddckbhxdqfclawzhypslvoim/Build/Products/Debug-iphonesimulator/ShieldActionExtension.swiftmodule/x86_64-apple-ios-simulator.swiftdoc

SwiftMergeGeneratedHeaders /Users/shotaebi/Library/Developer/Xcode/DerivedData/ImpulseBlock-dewhddckbhxdqfclawzhypslvoim/Build/Intermediates.noindex/ImpulseBlock.build/Debug-iphonesimulator/ShieldActionExtension.build/DerivedSources/ShieldActionExtension-Swift.h /Users/shotaebi/Library/Developer/Xcode/DerivedData/ImpulseBlock-dewhddckbhxdqfclawzhypslvoim/Build/Intermediates.noindex/ImpulseBlock.build/Debug-iphonesimulator/ShieldActionExtension.build/Objects-normal/arm64/ShieldActionExtension-Swift.h /Users/shotaebi/Library/Developer/Xcode/DerivedData/ImpulseBlock-dewhddckbhxdqfclawzhypslvoim/Build/Intermediates.noindex/ImpulseBlock.build/Debug-iphonesimulator/ShieldActionExtension.build/Objects-normal/x86_64/ShieldActionExtension-Swift.h (in target 'ShieldActionExtension' from project 'ImpulseBlock')
    cd /Users/shotaebi/Desktop/projects/personal/vibecoding/pd-extension/mobile/ios
    builtin-swiftHeaderTool -arch arm64 /Users/shotaebi/Library/Developer/Xcode/DerivedData/ImpulseBlock-dewhddckbhxdqfclawzhypslvoim/Build/Intermediates.noindex/ImpulseBlock.build/Debug-iphonesimulator/ShieldActionExtension.build/Objects-normal/arm64/ShieldActionExtension-Swift.h -arch x86_64 /Users/shotaebi/Library/Developer/Xcode/DerivedData/ImpulseBlock-dewhddckbhxdqfclawzhypslvoim/Build/Intermediates.noindex/ImpulseBlock.build/Debug-iphonesimulator/ShieldActionExtension.build/Objects-normal/x86_64/ShieldActionExtension-Swift.h -o /Users/shotaebi/Library/Developer/Xcode/DerivedData/ImpulseBlock-dewhddckbhxdqfclawzhypslvoim/Build/Intermediates.noindex/ImpulseBlock.build/Debug-iphonesimulator/ShieldActionExtension.build/DerivedSources/ShieldActionExtension-Swift.h

Copy /Users/shotaebi/Library/Developer/Xcode/DerivedData/ImpulseBlock-dewhddckbhxdqfclawzhypslvoim/Build/Products/Debug-iphonesimulator/ShieldActionExtension.swiftmodule/x86_64-apple-ios-simulator.abi.json /Users/shotaebi/Library/Developer/Xcode/DerivedData/ImpulseBlock-dewhddckbhxdqfclawzhypslvoim/Build/Intermediates.noindex/ImpulseBlock.build/Debug-iphonesimulator/ShieldActionExtension.build/Objects-normal/x86_64/ShieldActionExtension.abi.json (in target 'ShieldActionExtension' from project 'ImpulseBlock')
    cd /Users/shotaebi/Desktop/projects/personal/vibecoding/pd-extension/mobile/ios
    builtin-copy -exclude .DS_Store -exclude CVS -exclude .svn -exclude .git -exclude .hg -resolve-src-symlinks -rename /Users/shotaebi/Library/Developer/Xcode/DerivedData/ImpulseBlock-dewhddckbhxdqfclawzhypslvoim/Build/Intermediates.noindex/ImpulseBlock.build/Debug-iphonesimulator/ShieldActionExtension.build/Objects-normal/x86_64/ShieldActionExtension.abi.json /Users/shotaebi/Library/Developer/Xcode/DerivedData/ImpulseBlock-dewhddckbhxdqfclawzhypslvoim/Build/Products/Debug-iphonesimulator/ShieldActionExtension.swiftmodule/x86_64-apple-ios-simulator.abi.json

Copy /Users/shotaebi/Library/Developer/Xcode/DerivedData/ImpulseBlock-dewhddckbhxdqfclawzhypslvoim/Build/Products/Debug-iphonesimulator/ShieldActionExtension.swiftmodule/arm64-apple-ios-simulator.swiftmodule /Users/shotaebi/Library/Developer/Xcode/DerivedData/ImpulseBlock-dewhddckbhxdqfclawzhypslvoim/Build/Intermediates.noindex/ImpulseBlock.build/Debug-iphonesimulator/ShieldActionExtension.build/Objects-normal/arm64/ShieldActionExtension.swiftmodule (in target 'ShieldActionExtension' from project 'ImpulseBlock')
    cd /Users/shotaebi/Desktop/projects/personal/vibecoding/pd-extension/mobile/ios
    builtin-copy -exclude .DS_Store -exclude CVS -exclude .svn -exclude .git -exclude .hg -resolve-src-symlinks -rename /Users/shotaebi/Library/Developer/Xcode/DerivedData/ImpulseBlock-dewhddckbhxdqfclawzhypslvoim/Build/Intermediates.noindex/ImpulseBlock.build/Debug-iphonesimulator/ShieldActionExtension.build/Objects-normal/arm64/ShieldActionExtension.swiftmodule /Users/shotaebi/Library/Developer/Xcode/DerivedData/ImpulseBlock-dewhddckbhxdqfclawzhypslvoim/Build/Products/Debug-iphonesimulator/ShieldActionExtension.swiftmodule/arm64-apple-ios-simulator.swiftmodule

Copy /Users/shotaebi/Library/Developer/Xcode/DerivedData/ImpulseBlock-dewhddckbhxdqfclawzhypslvoim/Build/Products/Debug-iphonesimulator/ShieldActionExtension.swiftmodule/arm64-apple-ios-simulator.swiftdoc /Users/shotaebi/Library/Developer/Xcode/DerivedData/ImpulseBlock-dewhddckbhxdqfclawzhypslvoim/Build/Intermediates.noindex/ImpulseBlock.build/Debug-iphonesimulator/ShieldActionExtension.build/Objects-normal/arm64/ShieldActionExtension.swiftdoc (in target 'ShieldActionExtension' from project 'ImpulseBlock')
    cd /Users/shotaebi/Desktop/projects/personal/vibecoding/pd-extension/mobile/ios
    builtin-copy -exclude .DS_Store -exclude CVS -exclude .svn -exclude .git -exclude .hg -resolve-src-symlinks -rename /Users/shotaebi/Library/Developer/Xcode/DerivedData/ImpulseBlock-dewhddckbhxdqfclawzhypslvoim/Build/Intermediates.noindex/ImpulseBlock.build/Debug-iphonesimulator/ShieldActionExtension.build/Objects-normal/arm64/ShieldActionExtension.swiftdoc /Users/shotaebi/Library/Developer/Xcode/DerivedData/ImpulseBlock-dewhddckbhxdqfclawzhypslvoim/Build/Products/Debug-iphonesimulator/ShieldActionExtension.swiftmodule/arm64-apple-ios-simulator.swiftdoc

Copy /Users/shotaebi/Library/Developer/Xcode/DerivedData/ImpulseBlock-dewhddckbhxdqfclawzhypslvoim/Build/Products/Debug-iphonesimulator/ShieldActionExtension.swiftmodule/arm64-apple-ios-simulator.abi.json /Users/shotaebi/Library/Developer/Xcode/DerivedData/ImpulseBlock-dewhddckbhxdqfclawzhypslvoim/Build/Intermediates.noindex/ImpulseBlock.build/Debug-iphonesimulator/ShieldActionExtension.build/Objects-normal/arm64/ShieldActionExtension.abi.json (in target 'ShieldActionExtension' from project 'ImpulseBlock')
    cd /Users/shotaebi/Desktop/projects/personal/vibecoding/pd-extension/mobile/ios
    builtin-copy -exclude .DS_Store -exclude CVS -exclude .svn -exclude .git -exclude .hg -resolve-src-symlinks -rename /Users/shotaebi/Library/Developer/Xcode/DerivedData/ImpulseBlock-dewhddckbhxdqfclawzhypslvoim/Build/Intermediates.noindex/ImpulseBlock.build/Debug-iphonesimulator/ShieldActionExtension.build/Objects-normal/arm64/ShieldActionExtension.abi.json /Users/shotaebi/Library/Developer/Xcode/DerivedData/ImpulseBlock-dewhddckbhxdqfclawzhypslvoim/Build/Products/Debug-iphonesimulator/ShieldActionExtension.swiftmodule/arm64-apple-ios-simulator.abi.json

Copy /Users/shotaebi/Library/Developer/Xcode/DerivedData/ImpulseBlock-dewhddckbhxdqfclawzhypslvoim/Build/Products/Debug-iphonesimulator/ShieldActionExtension.swiftmodule/Project/x86_64-apple-ios-simulator.swiftsourceinfo /Users/shotaebi/Library/Developer/Xcode/DerivedData/ImpulseBlock-dewhddckbhxdqfclawzhypslvoim/Build/Intermediates.noindex/ImpulseBlock.build/Debug-iphonesimulator/ShieldActionExtension.build/Objects-normal/x86_64/ShieldActionExtension.swiftsourceinfo (in target 'ShieldActionExtension' from project 'ImpulseBlock')
    cd /Users/shotaebi/Desktop/projects/personal/vibecoding/pd-extension/mobile/ios
    builtin-copy -exclude .DS_Store -exclude CVS -exclude .svn -exclude .git -exclude .hg -resolve-src-symlinks -rename /Users/shotaebi/Library/Developer/Xcode/DerivedData/ImpulseBlock-dewhddckbhxdqfclawzhypslvoim/Build/Intermediates.noindex/ImpulseBlock.build/Debug-iphonesimulator/ShieldActionExtension.build/Objects-normal/x86_64/ShieldActionExtension.swiftsourceinfo /Users/shotaebi/Library/Developer/Xcode/DerivedData/ImpulseBlock-dewhddckbhxdqfclawzhypslvoim/Build/Products/Debug-iphonesimulator/ShieldActionExtension.swiftmodule/Project/x86_64-apple-ios-simulator.swiftsourceinfo

Copy /Users/shotaebi/Library/Developer/Xcode/DerivedData/ImpulseBlock-dewhddckbhxdqfclawzhypslvoim/Build/Products/Debug-iphonesimulator/ShieldActionExtension.swiftmodule/Project/arm64-apple-ios-simulator.swiftsourceinfo /Users/shotaebi/Library/Developer/Xcode/DerivedData/ImpulseBlock-dewhddckbhxdqfclawzhypslvoim/Build/Intermediates.noindex/ImpulseBlock.build/Debug-iphonesimulator/ShieldActionExtension.build/Objects-normal/arm64/ShieldActionExtension.swiftsourceinfo (in target 'ShieldActionExtension' from project 'ImpulseBlock')
    cd /Users/shotaebi/Desktop/projects/personal/vibecoding/pd-extension/mobile/ios
    builtin-copy -exclude .DS_Store -exclude CVS -exclude .svn -exclude .git -exclude .hg -resolve-src-symlinks -rename /Users/shotaebi/Library/Developer/Xcode/DerivedData/ImpulseBlock-dewhddckbhxdqfclawzhypslvoim/Build/Intermediates.noindex/ImpulseBlock.build/Debug-iphonesimulator/ShieldActionExtension.build/Objects-normal/arm64/ShieldActionExtension.swiftsourceinfo /Users/shotaebi/Library/Developer/Xcode/DerivedData/ImpulseBlock-dewhddckbhxdqfclawzhypslvoim/Build/Products/Debug-iphonesimulator/ShieldActionExtension.swiftmodule/Project/arm64-apple-ios-simulator.swiftsourceinfo

SwiftEmitModule normal arm64 Emitting\ module\ for\ DeviceActivityMonitorExtension (in target 'DeviceActivityMonitorExtension' from project 'ImpulseBlock')

EmitSwiftModule normal arm64 (in target 'DeviceActivityMonitorExtension' from project 'ImpulseBlock')
    cd /Users/shotaebi/Desktop/projects/personal/vibecoding/pd-extension/mobile/ios
    

SwiftDriverJobDiscovery normal arm64 Emitting module for DeviceActivityMonitorExtension (in target 'DeviceActivityMonitorExtension' from project 'ImpulseBlock')

SwiftDriver\ Compilation\ Requirements DeviceActivityMonitorExtension normal x86_64 com.apple.xcode.tools.swift.compiler (in target 'DeviceActivityMonitorExtension' from project 'ImpulseBlock')
    cd /Users/shotaebi/Desktop/projects/personal/vibecoding/pd-extension/mobile/ios
    builtin-Swift-Compilation-Requirements -- /Applications/Xcode.app/Contents/Developer/Toolchains/XcodeDefault.xctoolchain/usr/bin/swiftc -module-name DeviceActivityMonitorExtension -Onone -enforce-exclusivity\=checked @/Users/shotaebi/Library/Developer/Xcode/DerivedData/ImpulseBlock-dewhddckbhxdqfclawzhypslvoim/Build/Intermediates.noindex/ImpulseBlock.build/Debug-iphonesimulator/DeviceActivityMonitorExtension.build/Objects-normal/x86_64/DeviceActivityMonitorExtension.SwiftFileList -DDEBUG -enable-bare-slash-regex -enable-experimental-feature DebugDescriptionMacro -sdk /Applications/Xcode.app/Contents/Developer/Platforms/iPhoneSimulator.platform/Developer/SDKs/iPhoneSimulator26.2.sdk -target x86_64-apple-ios16.0-simulator -g -module-cache-path /Users/shotaebi/Library/Developer/Xcode/DerivedData/ModuleCache.noindex -Xfrontend -serialize-debugging-options -application-extension -enable-testing -index-store-path /Users/shotaebi/Library/Developer/Xcode/DerivedData/ImpulseBlock-dewhddckbhxdqfclawzhypslvoim/Index.noindex/DataStore -Xcc -D_LIBCPP_HARDENING_MODE\=_LIBCPP_HARDENING_MODE_DEBUG -swift-version 5 -I /Users/shotaebi/Library/Developer/Xcode/DerivedData/ImpulseBlock-dewhddckbhxdqfclawzhypslvoim/Build/Products/Debug-iphonesimulator -F /Users/shotaebi/Library/Developer/Xcode/DerivedData/ImpulseBlock-dewhddckbhxdqfclawzhypslvoim/Build/Products/Debug-iphonesimulator -c -j14 -enable-batch-mode -incremental -Xcc -ivfsstatcache -Xcc /Users/shotaebi/Library/Developer/Xcode/DerivedData/SDKStatCaches.noindex/iphonesimulator26.2-23C57-7d00a8b37fbd7999ea79df8ebc024bf0.sdkstatcache -output-file-map /Users/shotaebi/Library/Developer/Xcode/DerivedData/ImpulseBlock-dewhddckbhxdqfclawzhypslvoim/Build/Intermediates.noindex/ImpulseBlock.build/Debug-iphonesimulator/DeviceActivityMonitorExtension.build/Objects-normal/x86_64/DeviceActivityMonitorExtension-OutputFileMap.json -use-frontend-parseable-output -save-temps -no-color-diagnostics -explicit-module-build -module-cache-path /Users/shotaebi/Library/Developer/Xcode/DerivedData/ImpulseBlock-dewhddckbhxdqfclawzhypslvoim/Build/Intermediates.noindex/SwiftExplicitPrecompiledModules -clang-scanner-module-cache-path /Users/shotaebi/Library/Developer/Xcode/DerivedData/ModuleCache.noindex -sdk-module-cache-path /Users/shotaebi/Library/Developer/Xcode/DerivedData/ModuleCache.noindex -serialize-diagnostics -emit-dependencies -emit-module -emit-module-path /Users/shotaebi/Library/Developer/Xcode/DerivedData/ImpulseBlock-dewhddckbhxdqfclawzhypslvoim/Build/Intermediates.noindex/ImpulseBlock.build/Debug-iphonesimulator/DeviceActivityMonitorExtension.build/Objects-normal/x86_64/DeviceActivityMonitorExtension.swiftmodule -validate-clang-modules-once -clang-build-session-file /Users/shotaebi/Library/Developer/Xcode/DerivedData/ModuleCache.noindex/Session.modulevalidation -Xcc -I/Users/shotaebi/Library/Developer/Xcode/DerivedData/ImpulseBlock-dewhddckbhxdqfclawzhypslvoim/Build/Intermediates.noindex/ImpulseBlock.build/Debug-iphonesimulator/DeviceActivityMonitorExtension.build/swift-overrides.hmap -emit-const-values -Xfrontend -const-gather-protocols-file -Xfrontend /Users/shotaebi/Library/Developer/Xcode/DerivedData/ImpulseBlock-dewhddckbhxdqfclawzhypslvoim/Build/Intermediates.noindex/ImpulseBlock.build/Debug-iphonesimulator/DeviceActivityMonitorExtension.build/Objects-normal/x86_64/DeviceActivityMonitorExtension_const_extract_protocols.json -Xcc -iquote -Xcc /Users/shotaebi/Library/Developer/Xcode/DerivedData/ImpulseBlock-dewhddckbhxdqfclawzhypslvoim/Build/Intermediates.noindex/ImpulseBlock.build/Debug-iphonesimulator/DeviceActivityMonitorExtension.build/DeviceActivityMonitorExtension-generated-files.hmap -Xcc -I/Users/shotaebi/Library/Developer/Xcode/DerivedData/ImpulseBlock-dewhddckbhxdqfclawzhypslvoim/Build/Intermediates.noindex/ImpulseBlock.build/Debug-iphonesimulator/DeviceActivityMonitorExtension.build/DeviceActivityMonitorExtension-own-target-headers.hmap -Xcc -I/Users/shotaebi/Library/Developer/Xcode/DerivedData/ImpulseBlock-dewhddckbhxdqfclawzhypslvoim/Build/Intermediates.noindex/ImpulseBlock.build/Debug-iphonesimulator/DeviceActivityMonitorExtension.build/DeviceActivityMonitorExtension-all-target-headers.hmap -Xcc -iquote -Xcc /Users/shotaebi/Library/Developer/Xcode/DerivedData/ImpulseBlock-dewhddckbhxdqfclawzhypslvoim/Build/Intermediates.noindex/ImpulseBlock.build/Debug-iphonesimulator/DeviceActivityMonitorExtension.build/DeviceActivityMonitorExtension-project-headers.hmap -Xcc -I/Users/shotaebi/Library/Developer/Xcode/DerivedData/ImpulseBlock-dewhddckbhxdqfclawzhypslvoim/Build/Products/Debug-iphonesimulator/include -Xcc -I/Users/shotaebi/Library/Developer/Xcode/DerivedData/ImpulseBlock-dewhddckbhxdqfclawzhypslvoim/Build/Intermediates.noindex/ImpulseBlock.build/Debug-iphonesimulator/DeviceActivityMonitorExtension.build/DerivedSources-normal/x86_64 -Xcc -I/Users/shotaebi/Library/Developer/Xcode/DerivedData/ImpulseBlock-dewhddckbhxdqfclawzhypslvoim/Build/Intermediates.noindex/ImpulseBlock.build/Debug-iphonesimulator/DeviceActivityMonitorExtension.build/DerivedSources/x86_64 -Xcc -I/Users/shotaebi/Library/Developer/Xcode/DerivedData/ImpulseBlock-dewhddckbhxdqfclawzhypslvoim/Build/Intermediates.noindex/ImpulseBlock.build/Debug-iphonesimulator/DeviceActivityMonitorExtension.build/DerivedSources -Xcc -DDEBUG\=1 -emit-objc-header -emit-objc-header-path /Users/shotaebi/Library/Developer/Xcode/DerivedData/ImpulseBlock-dewhddckbhxdqfclawzhypslvoim/Build/Intermediates.noindex/ImpulseBlock.build/Debug-iphonesimulator/DeviceActivityMonitorExtension.build/Objects-normal/x86_64/DeviceActivityMonitorExtension-Swift.h -working-directory /Users/shotaebi/Desktop/projects/personal/vibecoding/pd-extension/mobile/ios -experimental-emit-module-separately -disable-cmo

SwiftDriver\ Compilation\ Requirements DeviceActivityMonitorExtension normal arm64 com.apple.xcode.tools.swift.compiler (in target 'DeviceActivityMonitorExtension' from project 'ImpulseBlock')
    cd /Users/shotaebi/Desktop/projects/personal/vibecoding/pd-extension/mobile/ios
    builtin-Swift-Compilation-Requirements -- /Applications/Xcode.app/Contents/Developer/Toolchains/XcodeDefault.xctoolchain/usr/bin/swiftc -module-name DeviceActivityMonitorExtension -Onone -enforce-exclusivity\=checked @/Users/shotaebi/Library/Developer/Xcode/DerivedData/ImpulseBlock-dewhddckbhxdqfclawzhypslvoim/Build/Intermediates.noindex/ImpulseBlock.build/Debug-iphonesimulator/DeviceActivityMonitorExtension.build/Objects-normal/arm64/DeviceActivityMonitorExtension.SwiftFileList -DDEBUG -enable-bare-slash-regex -enable-experimental-feature DebugDescriptionMacro -sdk /Applications/Xcode.app/Contents/Developer/Platforms/iPhoneSimulator.platform/Developer/SDKs/iPhoneSimulator26.2.sdk -target arm64-apple-ios16.0-simulator -g -module-cache-path /Users/shotaebi/Library/Developer/Xcode/DerivedData/ModuleCache.noindex -Xfrontend -serialize-debugging-options -application-extension -enable-testing -index-store-path /Users/shotaebi/Library/Developer/Xcode/DerivedData/ImpulseBlock-dewhddckbhxdqfclawzhypslvoim/Index.noindex/DataStore -Xcc -D_LIBCPP_HARDENING_MODE\=_LIBCPP_HARDENING_MODE_DEBUG -swift-version 5 -I /Users/shotaebi/Library/Developer/Xcode/DerivedData/ImpulseBlock-dewhddckbhxdqfclawzhypslvoim/Build/Products/Debug-iphonesimulator -F /Users/shotaebi/Library/Developer/Xcode/DerivedData/ImpulseBlock-dewhddckbhxdqfclawzhypslvoim/Build/Products/Debug-iphonesimulator -c -j14 -enable-batch-mode -incremental -Xcc -ivfsstatcache -Xcc /Users/shotaebi/Library/Developer/Xcode/DerivedData/SDKStatCaches.noindex/iphonesimulator26.2-23C57-7d00a8b37fbd7999ea79df8ebc024bf0.sdkstatcache -output-file-map /Users/shotaebi/Library/Developer/Xcode/DerivedData/ImpulseBlock-dewhddckbhxdqfclawzhypslvoim/Build/Intermediates.noindex/ImpulseBlock.build/Debug-iphonesimulator/DeviceActivityMonitorExtension.build/Objects-normal/arm64/DeviceActivityMonitorExtension-OutputFileMap.json -use-frontend-parseable-output -save-temps -no-color-diagnostics -explicit-module-build -module-cache-path /Users/shotaebi/Library/Developer/Xcode/DerivedData/ImpulseBlock-dewhddckbhxdqfclawzhypslvoim/Build/Intermediates.noindex/SwiftExplicitPrecompiledModules -clang-scanner-module-cache-path /Users/shotaebi/Library/Developer/Xcode/DerivedData/ModuleCache.noindex -sdk-module-cache-path /Users/shotaebi/Library/Developer/Xcode/DerivedData/ModuleCache.noindex -serialize-diagnostics -emit-dependencies -emit-module -emit-module-path /Users/shotaebi/Library/Developer/Xcode/DerivedData/ImpulseBlock-dewhddckbhxdqfclawzhypslvoim/Build/Intermediates.noindex/ImpulseBlock.build/Debug-iphonesimulator/DeviceActivityMonitorExtension.build/Objects-normal/arm64/DeviceActivityMonitorExtension.swiftmodule -validate-clang-modules-once -clang-build-session-file /Users/shotaebi/Library/Developer/Xcode/DerivedData/ModuleCache.noindex/Session.modulevalidation -Xcc -I/Users/shotaebi/Library/Developer/Xcode/DerivedData/ImpulseBlock-dewhddckbhxdqfclawzhypslvoim/Build/Intermediates.noindex/ImpulseBlock.build/Debug-iphonesimulator/DeviceActivityMonitorExtension.build/swift-overrides.hmap -emit-const-values -Xfrontend -const-gather-protocols-file -Xfrontend /Users/shotaebi/Library/Developer/Xcode/DerivedData/ImpulseBlock-dewhddckbhxdqfclawzhypslvoim/Build/Intermediates.noindex/ImpulseBlock.build/Debug-iphonesimulator/DeviceActivityMonitorExtension.build/Objects-normal/arm64/DeviceActivityMonitorExtension_const_extract_protocols.json -Xcc -iquote -Xcc /Users/shotaebi/Library/Developer/Xcode/DerivedData/ImpulseBlock-dewhddckbhxdqfclawzhypslvoim/Build/Intermediates.noindex/ImpulseBlock.build/Debug-iphonesimulator/DeviceActivityMonitorExtension.build/DeviceActivityMonitorExtension-generated-files.hmap -Xcc -I/Users/shotaebi/Library/Developer/Xcode/DerivedData/ImpulseBlock-dewhddckbhxdqfclawzhypslvoim/Build/Intermediates.noindex/ImpulseBlock.build/Debug-iphonesimulator/DeviceActivityMonitorExtension.build/DeviceActivityMonitorExtension-own-target-headers.hmap -Xcc -I/Users/shotaebi/Library/Developer/Xcode/DerivedData/ImpulseBlock-dewhddckbhxdqfclawzhypslvoim/Build/Intermediates.noindex/ImpulseBlock.build/Debug-iphonesimulator/DeviceActivityMonitorExtension.build/DeviceActivityMonitorExtension-all-target-headers.hmap -Xcc -iquote -Xcc /Users/shotaebi/Library/Developer/Xcode/DerivedData/ImpulseBlock-dewhddckbhxdqfclawzhypslvoim/Build/Intermediates.noindex/ImpulseBlock.build/Debug-iphonesimulator/DeviceActivityMonitorExtension.build/DeviceActivityMonitorExtension-project-headers.hmap -Xcc -I/Users/shotaebi/Library/Developer/Xcode/DerivedData/ImpulseBlock-dewhddckbhxdqfclawzhypslvoim/Build/Products/Debug-iphonesimulator/include -Xcc -I/Users/shotaebi/Library/Developer/Xcode/DerivedData/ImpulseBlock-dewhddckbhxdqfclawzhypslvoim/Build/Intermediates.noindex/ImpulseBlock.build/Debug-iphonesimulator/DeviceActivityMonitorExtension.build/DerivedSources-normal/arm64 -Xcc -I/Users/shotaebi/Library/Developer/Xcode/DerivedData/ImpulseBlock-dewhddckbhxdqfclawzhypslvoim/Build/Intermediates.noindex/ImpulseBlock.build/Debug-iphonesimulator/DeviceActivityMonitorExtension.build/DerivedSources/arm64 -Xcc -I/Users/shotaebi/Library/Developer/Xcode/DerivedData/ImpulseBlock-dewhddckbhxdqfclawzhypslvoim/Build/Intermediates.noindex/ImpulseBlock.build/Debug-iphonesimulator/DeviceActivityMonitorExtension.build/DerivedSources -Xcc -DDEBUG\=1 -emit-objc-header -emit-objc-header-path /Users/shotaebi/Library/Developer/Xcode/DerivedData/ImpulseBlock-dewhddckbhxdqfclawzhypslvoim/Build/Intermediates.noindex/ImpulseBlock.build/Debug-iphonesimulator/DeviceActivityMonitorExtension.build/Objects-normal/arm64/DeviceActivityMonitorExtension-Swift.h -working-directory /Users/shotaebi/Desktop/projects/personal/vibecoding/pd-extension/mobile/ios -experimental-emit-module-separately -disable-cmo

Copy /Users/shotaebi/Library/Developer/Xcode/DerivedData/ImpulseBlock-dewhddckbhxdqfclawzhypslvoim/Build/Products/Debug-iphonesimulator/DeviceActivityMonitorExtension.swiftmodule/x86_64-apple-ios-simulator.swiftmodule /Users/shotaebi/Library/Developer/Xcode/DerivedData/ImpulseBlock-dewhddckbhxdqfclawzhypslvoim/Build/Intermediates.noindex/ImpulseBlock.build/Debug-iphonesimulator/DeviceActivityMonitorExtension.build/Objects-normal/x86_64/DeviceActivityMonitorExtension.swiftmodule (in target 'DeviceActivityMonitorExtension' from project 'ImpulseBlock')
    cd /Users/shotaebi/Desktop/projects/personal/vibecoding/pd-extension/mobile/ios
    builtin-copy -exclude .DS_Store -exclude CVS -exclude .svn -exclude .git -exclude .hg -resolve-src-symlinks -rename /Users/shotaebi/Library/Developer/Xcode/DerivedData/ImpulseBlock-dewhddckbhxdqfclawzhypslvoim/Build/Intermediates.noindex/ImpulseBlock.build/Debug-iphonesimulator/DeviceActivityMonitorExtension.build/Objects-normal/x86_64/DeviceActivityMonitorExtension.swiftmodule /Users/shotaebi/Library/Developer/Xcode/DerivedData/ImpulseBlock-dewhddckbhxdqfclawzhypslvoim/Build/Products/Debug-iphonesimulator/DeviceActivityMonitorExtension.swiftmodule/x86_64-apple-ios-simulator.swiftmodule

SwiftMergeGeneratedHeaders /Users/shotaebi/Library/Developer/Xcode/DerivedData/ImpulseBlock-dewhddckbhxdqfclawzhypslvoim/Build/Intermediates.noindex/ImpulseBlock.build/Debug-iphonesimulator/DeviceActivityMonitorExtension.build/DerivedSources/DeviceActivityMonitorExtension-Swift.h /Users/shotaebi/Library/Developer/Xcode/DerivedData/ImpulseBlock-dewhddckbhxdqfclawzhypslvoim/Build/Intermediates.noindex/ImpulseBlock.build/Debug-iphonesimulator/DeviceActivityMonitorExtension.build/Objects-normal/arm64/DeviceActivityMonitorExtension-Swift.h /Users/shotaebi/Library/Developer/Xcode/DerivedData/ImpulseBlock-dewhddckbhxdqfclawzhypslvoim/Build/Intermediates.noindex/ImpulseBlock.build/Debug-iphonesimulator/DeviceActivityMonitorExtension.build/Objects-normal/x86_64/DeviceActivityMonitorExtension-Swift.h (in target 'DeviceActivityMonitorExtension' from project 'ImpulseBlock')
    cd /Users/shotaebi/Desktop/projects/personal/vibecoding/pd-extension/mobile/ios
    builtin-swiftHeaderTool -arch arm64 /Users/shotaebi/Library/Developer/Xcode/DerivedData/ImpulseBlock-dewhddckbhxdqfclawzhypslvoim/Build/Intermediates.noindex/ImpulseBlock.build/Debug-iphonesimulator/DeviceActivityMonitorExtension.build/Objects-normal/arm64/DeviceActivityMonitorExtension-Swift.h -arch x86_64 /Users/shotaebi/Library/Developer/Xcode/DerivedData/ImpulseBlock-dewhddckbhxdqfclawzhypslvoim/Build/Intermediates.noindex/ImpulseBlock.build/Debug-iphonesimulator/DeviceActivityMonitorExtension.build/Objects-normal/x86_64/DeviceActivityMonitorExtension-Swift.h -o /Users/shotaebi/Library/Developer/Xcode/DerivedData/ImpulseBlock-dewhddckbhxdqfclawzhypslvoim/Build/Intermediates.noindex/ImpulseBlock.build/Debug-iphonesimulator/DeviceActivityMonitorExtension.build/DerivedSources/DeviceActivityMonitorExtension-Swift.h

Copy /Users/shotaebi/Library/Developer/Xcode/DerivedData/ImpulseBlock-dewhddckbhxdqfclawzhypslvoim/Build/Products/Debug-iphonesimulator/DeviceActivityMonitorExtension.swiftmodule/x86_64-apple-ios-simulator.swiftdoc /Users/shotaebi/Library/Developer/Xcode/DerivedData/ImpulseBlock-dewhddckbhxdqfclawzhypslvoim/Build/Intermediates.noindex/ImpulseBlock.build/Debug-iphonesimulator/DeviceActivityMonitorExtension.build/Objects-normal/x86_64/DeviceActivityMonitorExtension.swiftdoc (in target 'DeviceActivityMonitorExtension' from project 'ImpulseBlock')
    cd /Users/shotaebi/Desktop/projects/personal/vibecoding/pd-extension/mobile/ios
    builtin-copy -exclude .DS_Store -exclude CVS -exclude .svn -exclude .git -exclude .hg -resolve-src-symlinks -rename /Users/shotaebi/Library/Developer/Xcode/DerivedData/ImpulseBlock-dewhddckbhxdqfclawzhypslvoim/Build/Intermediates.noindex/ImpulseBlock.build/Debug-iphonesimulator/DeviceActivityMonitorExtension.build/Objects-normal/x86_64/DeviceActivityMonitorExtension.swiftdoc /Users/shotaebi/Library/Developer/Xcode/DerivedData/ImpulseBlock-dewhddckbhxdqfclawzhypslvoim/Build/Products/Debug-iphonesimulator/DeviceActivityMonitorExtension.swiftmodule/x86_64-apple-ios-simulator.swiftdoc

Copy /Users/shotaebi/Library/Developer/Xcode/DerivedData/ImpulseBlock-dewhddckbhxdqfclawzhypslvoim/Build/Products/Debug-iphonesimulator/DeviceActivityMonitorExtension.swiftmodule/x86_64-apple-ios-simulator.abi.json /Users/shotaebi/Library/Developer/Xcode/DerivedData/ImpulseBlock-dewhddckbhxdqfclawzhypslvoim/Build/Intermediates.noindex/ImpulseBlock.build/Debug-iphonesimulator/DeviceActivityMonitorExtension.build/Objects-normal/x86_64/DeviceActivityMonitorExtension.abi.json (in target 'DeviceActivityMonitorExtension' from project 'ImpulseBlock')
    cd /Users/shotaebi/Desktop/projects/personal/vibecoding/pd-extension/mobile/ios
    builtin-copy -exclude .DS_Store -exclude CVS -exclude .svn -exclude .git -exclude .hg -resolve-src-symlinks -rename /Users/shotaebi/Library/Developer/Xcode/DerivedData/ImpulseBlock-dewhddckbhxdqfclawzhypslvoim/Build/Intermediates.noindex/ImpulseBlock.build/Debug-iphonesimulator/DeviceActivityMonitorExtension.build/Objects-normal/x86_64/DeviceActivityMonitorExtension.abi.json /Users/shotaebi/Library/Developer/Xcode/DerivedData/ImpulseBlock-dewhddckbhxdqfclawzhypslvoim/Build/Products/Debug-iphonesimulator/DeviceActivityMonitorExtension.swiftmodule/x86_64-apple-ios-simulator.abi.json

Copy /Users/shotaebi/Library/Developer/Xcode/DerivedData/ImpulseBlock-dewhddckbhxdqfclawzhypslvoim/Build/Products/Debug-iphonesimulator/DeviceActivityMonitorExtension.swiftmodule/arm64-apple-ios-simulator.swiftmodule /Users/shotaebi/Library/Developer/Xcode/DerivedData/ImpulseBlock-dewhddckbhxdqfclawzhypslvoim/Build/Intermediates.noindex/ImpulseBlock.build/Debug-iphonesimulator/DeviceActivityMonitorExtension.build/Objects-normal/arm64/DeviceActivityMonitorExtension.swiftmodule (in target 'DeviceActivityMonitorExtension' from project 'ImpulseBlock')
    cd /Users/shotaebi/Desktop/projects/personal/vibecoding/pd-extension/mobile/ios
    builtin-copy -exclude .DS_Store -exclude CVS -exclude .svn -exclude .git -exclude .hg -resolve-src-symlinks -rename /Users/shotaebi/Library/Developer/Xcode/DerivedData/ImpulseBlock-dewhddckbhxdqfclawzhypslvoim/Build/Intermediates.noindex/ImpulseBlock.build/Debug-iphonesimulator/DeviceActivityMonitorExtension.build/Objects-normal/arm64/DeviceActivityMonitorExtension.swiftmodule /Users/shotaebi/Library/Developer/Xcode/DerivedData/ImpulseBlock-dewhddckbhxdqfclawzhypslvoim/Build/Products/Debug-iphonesimulator/DeviceActivityMonitorExtension.swiftmodule/arm64-apple-ios-simulator.swiftmodule

Copy /Users/shotaebi/Library/Developer/Xcode/DerivedData/ImpulseBlock-dewhddckbhxdqfclawzhypslvoim/Build/Products/Debug-iphonesimulator/DeviceActivityMonitorExtension.swiftmodule/arm64-apple-ios-simulator.swiftdoc /Users/shotaebi/Library/Developer/Xcode/DerivedData/ImpulseBlock-dewhddckbhxdqfclawzhypslvoim/Build/Intermediates.noindex/ImpulseBlock.build/Debug-iphonesimulator/DeviceActivityMonitorExtension.build/Objects-normal/arm64/DeviceActivityMonitorExtension.swiftdoc (in target 'DeviceActivityMonitorExtension' from project 'ImpulseBlock')
    cd /Users/shotaebi/Desktop/projects/personal/vibecoding/pd-extension/mobile/ios
    builtin-copy -exclude .DS_Store -exclude CVS -exclude .svn -exclude .git -exclude .hg -resolve-src-symlinks -rename /Users/shotaebi/Library/Developer/Xcode/DerivedData/ImpulseBlock-dewhddckbhxdqfclawzhypslvoim/Build/Intermediates.noindex/ImpulseBlock.build/Debug-iphonesimulator/DeviceActivityMonitorExtension.build/Objects-normal/arm64/DeviceActivityMonitorExtension.swiftdoc /Users/shotaebi/Library/Developer/Xcode/DerivedData/ImpulseBlock-dewhddckbhxdqfclawzhypslvoim/Build/Products/Debug-iphonesimulator/DeviceActivityMonitorExtension.swiftmodule/arm64-apple-ios-simulator.swiftdoc

Copy /Users/shotaebi/Library/Developer/Xcode/DerivedData/ImpulseBlock-dewhddckbhxdqfclawzhypslvoim/Build/Products/Debug-iphonesimulator/DeviceActivityMonitorExtension.swiftmodule/arm64-apple-ios-simulator.abi.json /Users/shotaebi/Library/Developer/Xcode/DerivedData/ImpulseBlock-dewhddckbhxdqfclawzhypslvoim/Build/Intermediates.noindex/ImpulseBlock.build/Debug-iphonesimulator/DeviceActivityMonitorExtension.build/Objects-normal/arm64/DeviceActivityMonitorExtension.abi.json (in target 'DeviceActivityMonitorExtension' from project 'ImpulseBlock')
    cd /Users/shotaebi/Desktop/projects/personal/vibecoding/pd-extension/mobile/ios
    builtin-copy -exclude .DS_Store -exclude CVS -exclude .svn -exclude .git -exclude .hg -resolve-src-symlinks -rename /Users/shotaebi/Library/Developer/Xcode/DerivedData/ImpulseBlock-dewhddckbhxdqfclawzhypslvoim/Build/Intermediates.noindex/ImpulseBlock.build/Debug-iphonesimulator/DeviceActivityMonitorExtension.build/Objects-normal/arm64/DeviceActivityMonitorExtension.abi.json /Users/shotaebi/Library/Developer/Xcode/DerivedData/ImpulseBlock-dewhddckbhxdqfclawzhypslvoim/Build/Products/Debug-iphonesimulator/DeviceActivityMonitorExtension.swiftmodule/arm64-apple-ios-simulator.abi.json

Copy /Users/shotaebi/Library/Developer/Xcode/DerivedData/ImpulseBlock-dewhddckbhxdqfclawzhypslvoim/Build/Products/Debug-iphonesimulator/DeviceActivityMonitorExtension.swiftmodule/Project/x86_64-apple-ios-simulator.swiftsourceinfo /Users/shotaebi/Library/Developer/Xcode/DerivedData/ImpulseBlock-dewhddckbhxdqfclawzhypslvoim/Build/Intermediates.noindex/ImpulseBlock.build/Debug-iphonesimulator/DeviceActivityMonitorExtension.build/Objects-normal/x86_64/DeviceActivityMonitorExtension.swiftsourceinfo (in target 'DeviceActivityMonitorExtension' from project 'ImpulseBlock')
    cd /Users/shotaebi/Desktop/projects/personal/vibecoding/pd-extension/mobile/ios
    builtin-copy -exclude .DS_Store -exclude CVS -exclude .svn -exclude .git -exclude .hg -resolve-src-symlinks -rename /Users/shotaebi/Library/Developer/Xcode/DerivedData/ImpulseBlock-dewhddckbhxdqfclawzhypslvoim/Build/Intermediates.noindex/ImpulseBlock.build/Debug-iphonesimulator/DeviceActivityMonitorExtension.build/Objects-normal/x86_64/DeviceActivityMonitorExtension.swiftsourceinfo /Users/shotaebi/Library/Developer/Xcode/DerivedData/ImpulseBlock-dewhddckbhxdqfclawzhypslvoim/Build/Products/Debug-iphonesimulator/DeviceActivityMonitorExtension.swiftmodule/Project/x86_64-apple-ios-simulator.swiftsourceinfo

Copy /Users/shotaebi/Library/Developer/Xcode/DerivedData/ImpulseBlock-dewhddckbhxdqfclawzhypslvoim/Build/Products/Debug-iphonesimulator/DeviceActivityMonitorExtension.swiftmodule/Project/arm64-apple-ios-simulator.swiftsourceinfo /Users/shotaebi/Library/Developer/Xcode/DerivedData/ImpulseBlock-dewhddckbhxdqfclawzhypslvoim/Build/Intermediates.noindex/ImpulseBlock.build/Debug-iphonesimulator/DeviceActivityMonitorExtension.build/Objects-normal/arm64/DeviceActivityMonitorExtension.swiftsourceinfo (in target 'DeviceActivityMonitorExtension' from project 'ImpulseBlock')
    cd /Users/shotaebi/Desktop/projects/personal/vibecoding/pd-extension/mobile/ios
    builtin-copy -exclude .DS_Store -exclude CVS -exclude .svn -exclude .git -exclude .hg -resolve-src-symlinks -rename /Users/shotaebi/Library/Developer/Xcode/DerivedData/ImpulseBlock-dewhddckbhxdqfclawzhypslvoim/Build/Intermediates.noindex/ImpulseBlock.build/Debug-iphonesimulator/DeviceActivityMonitorExtension.build/Objects-normal/arm64/DeviceActivityMonitorExtension.swiftsourceinfo /Users/shotaebi/Library/Developer/Xcode/DerivedData/ImpulseBlock-dewhddckbhxdqfclawzhypslvoim/Build/Products/Debug-iphonesimulator/DeviceActivityMonitorExtension.swiftmodule/Project/arm64-apple-ios-simulator.swiftsourceinfo

SwiftCompile normal arm64 Compiling\ Punycode.swift /Users/shotaebi/Desktop/projects/personal/vibecoding/pd-extension/mobile/ios/Shared/Punycode.swift (in target 'ShieldConfigurationExtension' from project 'ImpulseBlock')
SwiftCompile normal arm64 /Users/shotaebi/Desktop/projects/personal/vibecoding/pd-extension/mobile/ios/Shared/Punycode.swift (in target 'ShieldConfigurationExtension' from project 'ImpulseBlock')
    cd /Users/shotaebi/Desktop/projects/personal/vibecoding/pd-extension/mobile/ios
    

SwiftCompile normal arm64 Compiling\ SharedStore.swift /Users/shotaebi/Desktop/projects/personal/vibecoding/pd-extension/mobile/ios/Shared/SharedStore.swift (in target 'ShieldConfigurationExtension' from project 'ImpulseBlock')
SwiftCompile normal arm64 /Users/shotaebi/Desktop/projects/personal/vibecoding/pd-extension/mobile/ios/Shared/SharedStore.swift (in target 'ShieldConfigurationExtension' from project 'ImpulseBlock')
    cd /Users/shotaebi/Desktop/projects/personal/vibecoding/pd-extension/mobile/ios
    

SwiftDriverJobDiscovery normal x86_64 Compiling Punycode.swift (in target 'ShieldActionExtension' from project 'ImpulseBlock')

SwiftCompile normal arm64 Compiling\ ShieldConfigurationProvider.swift /Users/shotaebi/Desktop/projects/personal/vibecoding/pd-extension/mobile/ios/ShieldConfigurationExtension/ShieldConfigurationProvider.swift (in target 'ShieldConfigurationExtension' from project 'ImpulseBlock')

SwiftCompile normal arm64 /Users/shotaebi/Desktop/projects/personal/vibecoding/pd-extension/mobile/ios/ShieldConfigurationExtension/ShieldConfigurationProvider.swift (in target 'ShieldConfigurationExtension' from project 'ImpulseBlock')
    cd /Users/shotaebi/Desktop/projects/personal/vibecoding/pd-extension/mobile/ios
    

SwiftCompile normal arm64 Compiling\ ImportExport.swift /Users/shotaebi/Desktop/projects/personal/vibecoding/pd-extension/mobile/ios/Shared/ImportExport.swift (in target 'ShieldConfigurationExtension' from project 'ImpulseBlock')

SwiftCompile normal arm64 /Users/shotaebi/Desktop/projects/personal/vibecoding/pd-extension/mobile/ios/Shared/ImportExport.swift (in target 'ShieldConfigurationExtension' from project 'ImpulseBlock')
    cd /Users/shotaebi/Desktop/projects/personal/vibecoding/pd-extension/mobile/ios
    

SwiftCompile normal arm64 Compiling\ DomainNormalizer.swift /Users/shotaebi/Desktop/projects/personal/vibecoding/pd-extension/mobile/ios/Shared/DomainNormalizer.swift (in target 'ShieldConfigurationExtension' from project 'ImpulseBlock')

SwiftCompile normal arm64 /Users/shotaebi/Desktop/projects/personal/vibecoding/pd-extension/mobile/ios/Shared/DomainNormalizer.swift (in target 'ShieldConfigurationExtension' from project 'ImpulseBlock')
    cd /Users/shotaebi/Desktop/projects/personal/vibecoding/pd-extension/mobile/ios
    

SwiftDriverJobDiscovery normal x86_64 Compiling DomainNormalizer.swift (in target 'ShieldConfigurationExtension' from project 'ImpulseBlock')

SwiftDriverJobDiscovery normal x86_64 Compiling Punycode.swift (in target 'ShieldConfigurationExtension' from project 'ImpulseBlock')

SwiftDriverJobDiscovery normal x86_64 Compiling DomainNormalizer.swift (in target 'DeviceActivityMonitorExtension' from project 'ImpulseBlock')

SwiftCompile normal arm64 Compiling\ Models.swift /Users/shotaebi/Desktop/projects/personal/vibecoding/pd-extension/mobile/ios/Shared/Models.swift (in target 'ShieldConfigurationExtension' from project 'ImpulseBlock')
SwiftCompile normal arm64 /Users/shotaebi/Desktop/projects/personal/vibecoding/pd-extension/mobile/ios/Shared/Models.swift (in target 'ShieldConfigurationExtension' from project 'ImpulseBlock')
    cd /Users/shotaebi/Desktop/projects/personal/vibecoding/pd-extension/mobile/ios
    

SwiftDriverJobDiscovery normal x86_64 Compiling DomainNormalizer.swift (in target 'ShieldActionExtension' from project 'ImpulseBlock')

SwiftCompile normal arm64 Compiling\ ShieldApplier.swift /Users/shotaebi/Desktop/projects/personal/vibecoding/pd-extension/mobile/ios/Shared/ShieldApplier.swift (in target 'ShieldConfigurationExtension' from project 'ImpulseBlock')

SwiftCompile normal arm64 /Users/shotaebi/Desktop/projects/personal/vibecoding/pd-extension/mobile/ios/Shared/ShieldApplier.swift (in target 'ShieldConfigurationExtension' from project 'ImpulseBlock')
    cd /Users/shotaebi/Desktop/projects/personal/vibecoding/pd-extension/mobile/ios
    

SwiftDriverJobDiscovery normal x86_64 Compiling ImportExport.swift (in target 'ShieldConfigurationExtension' from project 'ImpulseBlock')

SwiftCompile normal arm64 Compiling\ Models.swift /Users/shotaebi/Desktop/projects/personal/vibecoding/pd-extension/mobile/ios/Shared/Models.swift (in target 'ShieldActionExtension' from project 'ImpulseBlock')

SwiftCompile normal arm64 /Users/shotaebi/Desktop/projects/personal/vibecoding/pd-extension/mobile/ios/Shared/Models.swift (in target 'ShieldActionExtension' from project 'ImpulseBlock')
    cd /Users/shotaebi/Desktop/projects/personal/vibecoding/pd-extension/mobile/ios
    

SwiftDriverJobDiscovery normal x86_64 Compiling ImportExport.swift (in target 'DeviceActivityMonitorExtension' from project 'ImpulseBlock')

SwiftCompile normal arm64 Compiling\ ShieldActionProvider.swift /Users/shotaebi/Desktop/projects/personal/vibecoding/pd-extension/mobile/ios/ShieldActionExtension/ShieldActionProvider.swift (in target 'ShieldActionExtension' from project 'ImpulseBlock')

SwiftCompile normal arm64 /Users/shotaebi/Desktop/projects/personal/vibecoding/pd-extension/mobile/ios/ShieldActionExtension/ShieldActionProvider.swift (in target 'ShieldActionExtension' from project 'ImpulseBlock')
    cd /Users/shotaebi/Desktop/projects/personal/vibecoding/pd-extension/mobile/ios
    

SwiftDriverJobDiscovery normal x86_64 Compiling ShieldConfigurationProvider.swift (in target 'ShieldConfigurationExtension' from project 'ImpulseBlock')

SwiftCompile normal arm64 Compiling\ SharedStore.swift /Users/shotaebi/Desktop/projects/personal/vibecoding/pd-extension/mobile/ios/Shared/SharedStore.swift (in target 'ShieldActionExtension' from project 'ImpulseBlock')

SwiftCompile normal arm64 /Users/shotaebi/Desktop/projects/personal/vibecoding/pd-extension/mobile/ios/Shared/SharedStore.swift (in target 'ShieldActionExtension' from project 'ImpulseBlock')
    cd /Users/shotaebi/Desktop/projects/personal/vibecoding/pd-extension/mobile/ios
    

SwiftDriverJobDiscovery normal x86_64 Compiling ShieldApplier.swift (in target 'ShieldConfigurationExtension' from project 'ImpulseBlock')

SwiftDriverJobDiscovery normal x86_64 Compiling SharedStore.swift (in target 'ShieldConfigurationExtension' from project 'ImpulseBlock')

SwiftCompile normal arm64 Compiling\ Punycode.swift /Users/shotaebi/Desktop/projects/personal/vibecoding/pd-extension/mobile/ios/Shared/Punycode.swift (in target 'ShieldActionExtension' from project 'ImpulseBlock')

SwiftCompile normal arm64 /Users/shotaebi/Desktop/projects/personal/vibecoding/pd-extension/mobile/ios/Shared/Punycode.swift (in target 'ShieldActionExtension' from project 'ImpulseBlock')
    cd /Users/shotaebi/Desktop/projects/personal/vibecoding/pd-extension/mobile/ios
    

SwiftCompile normal arm64 Compiling\ DomainNormalizer.swift /Users/shotaebi/Desktop/projects/personal/vibecoding/pd-extension/mobile/ios/Shared/DomainNormalizer.swift (in target 'ShieldActionExtension' from project 'ImpulseBlock')

SwiftCompile normal arm64 /Users/shotaebi/Desktop/projects/personal/vibecoding/pd-extension/mobile/ios/Shared/DomainNormalizer.swift (in target 'ShieldActionExtension' from project 'ImpulseBlock')
    cd /Users/shotaebi/Desktop/projects/personal/vibecoding/pd-extension/mobile/ios
    

SwiftDriverJobDiscovery normal x86_64 Compiling Models.swift (in target 'ShieldActionExtension' from project 'ImpulseBlock')

SwiftCompile normal x86_64 Compiling\ ImportExport.swift /Users/shotaebi/Desktop/projects/personal/vibecoding/pd-extension/mobile/ios/Shared/ImportExport.swift (in target 'ShieldActionExtension' from project 'ImpulseBlock')

SwiftCompile normal x86_64 /Users/shotaebi/Desktop/projects/personal/vibecoding/pd-extension/mobile/ios/Shared/ImportExport.swift (in target 'ShieldActionExtension' from project 'ImpulseBlock')
    cd /Users/shotaebi/Desktop/projects/personal/vibecoding/pd-extension/mobile/ios
    

SwiftDriverJobDiscovery normal x86_64 Compiling Models.swift (in target 'ShieldConfigurationExtension' from project 'ImpulseBlock')

SwiftDriver\ Compilation ShieldConfigurationExtension normal x86_64 com.apple.xcode.tools.swift.compiler (in target 'ShieldConfigurationExtension' from project 'ImpulseBlock')
    cd /Users/shotaebi/Desktop/projects/personal/vibecoding/pd-extension/mobile/ios
    builtin-Swift-Compilation -- /Applications/Xcode.app/Contents/Developer/Toolchains/XcodeDefault.xctoolchain/usr/bin/swiftc -module-name ShieldConfigurationExtension -Onone -enforce-exclusivity\=checked @/Users/shotaebi/Library/Developer/Xcode/DerivedData/ImpulseBlock-dewhddckbhxdqfclawzhypslvoim/Build/Intermediates.noindex/ImpulseBlock.build/Debug-iphonesimulator/ShieldConfigurationExtension.build/Objects-normal/x86_64/ShieldConfigurationExtension.SwiftFileList -DDEBUG -enable-bare-slash-regex -enable-experimental-feature DebugDescriptionMacro -sdk /Applications/Xcode.app/Contents/Developer/Platforms/iPhoneSimulator.platform/Developer/SDKs/iPhoneSimulator26.2.sdk -target x86_64-apple-ios16.0-simulator -g -module-cache-path /Users/shotaebi/Library/Developer/Xcode/DerivedData/ModuleCache.noindex -Xfrontend -serialize-debugging-options -application-extension -enable-testing -index-store-path /Users/shotaebi/Library/Developer/Xcode/DerivedData/ImpulseBlock-dewhddckbhxdqfclawzhypslvoim/Index.noindex/DataStore -Xcc -D_LIBCPP_HARDENING_MODE\=_LIBCPP_HARDENING_MODE_DEBUG -swift-version 5 -I /Users/shotaebi/Library/Developer/Xcode/DerivedData/ImpulseBlock-dewhddckbhxdqfclawzhypslvoim/Build/Products/Debug-iphonesimulator -F /Users/shotaebi/Library/Developer/Xcode/DerivedData/ImpulseBlock-dewhddckbhxdqfclawzhypslvoim/Build/Products/Debug-iphonesimulator -c -j14 -enable-batch-mode -incremental -Xcc -ivfsstatcache -Xcc /Users/shotaebi/Library/Developer/Xcode/DerivedData/SDKStatCaches.noindex/iphonesimulator26.2-23C57-7d00a8b37fbd7999ea79df8ebc024bf0.sdkstatcache -output-file-map /Users/shotaebi/Library/Developer/Xcode/DerivedData/ImpulseBlock-dewhddckbhxdqfclawzhypslvoim/Build/Intermediates.noindex/ImpulseBlock.build/Debug-iphonesimulator/ShieldConfigurationExtension.build/Objects-normal/x86_64/ShieldConfigurationExtension-OutputFileMap.json -use-frontend-parseable-output -save-temps -no-color-diagnostics -explicit-module-build -module-cache-path /Users/shotaebi/Library/Developer/Xcode/DerivedData/ImpulseBlock-dewhddckbhxdqfclawzhypslvoim/Build/Intermediates.noindex/SwiftExplicitPrecompiledModules -clang-scanner-module-cache-path /Users/shotaebi/Library/Developer/Xcode/DerivedData/ModuleCache.noindex -sdk-module-cache-path /Users/shotaebi/Library/Developer/Xcode/DerivedData/ModuleCache.noindex -serialize-diagnostics -emit-dependencies -emit-module -emit-module-path /Users/shotaebi/Library/Developer/Xcode/DerivedData/ImpulseBlock-dewhddckbhxdqfclawzhypslvoim/Build/Intermediates.noindex/ImpulseBlock.build/Debug-iphonesimulator/ShieldConfigurationExtension.build/Objects-normal/x86_64/ShieldConfigurationExtension.swiftmodule -validate-clang-modules-once -clang-build-session-file /Users/shotaebi/Library/Developer/Xcode/DerivedData/ModuleCache.noindex/Session.modulevalidation -Xcc -I/Users/shotaebi/Library/Developer/Xcode/DerivedData/ImpulseBlock-dewhddckbhxdqfclawzhypslvoim/Build/Intermediates.noindex/ImpulseBlock.build/Debug-iphonesimulator/ShieldConfigurationExtension.build/swift-overrides.hmap -emit-const-values -Xfrontend -const-gather-protocols-file -Xfrontend /Users/shotaebi/Library/Developer/Xcode/DerivedData/ImpulseBlock-dewhddckbhxdqfclawzhypslvoim/Build/Intermediates.noindex/ImpulseBlock.build/Debug-iphonesimulator/ShieldConfigurationExtension.build/Objects-normal/x86_64/ShieldConfigurationExtension_const_extract_protocols.json -Xcc -iquote -Xcc /Users/shotaebi/Library/Developer/Xcode/DerivedData/ImpulseBlock-dewhddckbhxdqfclawzhypslvoim/Build/Intermediates.noindex/ImpulseBlock.build/Debug-iphonesimulator/ShieldConfigurationExtension.build/ShieldConfigurationExtension-generated-files.hmap -Xcc -I/Users/shotaebi/Library/Developer/Xcode/DerivedData/ImpulseBlock-dewhddckbhxdqfclawzhypslvoim/Build/Intermediates.noindex/ImpulseBlock.build/Debug-iphonesimulator/ShieldConfigurationExtension.build/ShieldConfigurationExtension-own-target-headers.hmap -Xcc -I/Users/shotaebi/Library/Developer/Xcode/DerivedData/ImpulseBlock-dewhddckbhxdqfclawzhypslvoim/Build/Intermediates.noindex/ImpulseBlock.build/Debug-iphonesimulator/ShieldConfigurationExtension.build/ShieldConfigurationExtension-all-target-headers.hmap -Xcc -iquote -Xcc /Users/shotaebi/Library/Developer/Xcode/DerivedData/ImpulseBlock-dewhddckbhxdqfclawzhypslvoim/Build/Intermediates.noindex/ImpulseBlock.build/Debug-iphonesimulator/ShieldConfigurationExtension.build/ShieldConfigurationExtension-project-headers.hmap -Xcc -I/Users/shotaebi/Library/Developer/Xcode/DerivedData/ImpulseBlock-dewhddckbhxdqfclawzhypslvoim/Build/Products/Debug-iphonesimulator/include -Xcc -I/Users/shotaebi/Library/Developer/Xcode/DerivedData/ImpulseBlock-dewhddckbhxdqfclawzhypslvoim/Build/Intermediates.noindex/ImpulseBlock.build/Debug-iphonesimulator/ShieldConfigurationExtension.build/DerivedSources-normal/x86_64 -Xcc -I/Users/shotaebi/Library/Developer/Xcode/DerivedData/ImpulseBlock-dewhddckbhxdqfclawzhypslvoim/Build/Intermediates.noindex/ImpulseBlock.build/Debug-iphonesimulator/ShieldConfigurationExtension.build/DerivedSources/x86_64 -Xcc -I/Users/shotaebi/Library/Developer/Xcode/DerivedData/ImpulseBlock-dewhddckbhxdqfclawzhypslvoim/Build/Intermediates.noindex/ImpulseBlock.build/Debug-iphonesimulator/ShieldConfigurationExtension.build/DerivedSources -Xcc -DDEBUG\=1 -emit-objc-header -emit-objc-header-path /Users/shotaebi/Library/Developer/Xcode/DerivedData/ImpulseBlock-dewhddckbhxdqfclawzhypslvoim/Build/Intermediates.noindex/ImpulseBlock.build/Debug-iphonesimulator/ShieldConfigurationExtension.build/Objects-normal/x86_64/ShieldConfigurationExtension-Swift.h -working-directory /Users/shotaebi/Desktop/projects/personal/vibecoding/pd-extension/mobile/ios -experimental-emit-module-separately -disable-cmo

SwiftDriverJobDiscovery normal x86_64 Compiling Models.swift (in target 'DeviceActivityMonitorExtension' from project 'ImpulseBlock')

SwiftCompile normal arm64 Compiling\ ShieldApplier.swift /Users/shotaebi/Desktop/projects/personal/vibecoding/pd-extension/mobile/ios/Shared/ShieldApplier.swift (in target 'ShieldActionExtension' from project 'ImpulseBlock')

SwiftCompile normal arm64 /Users/shotaebi/Desktop/projects/personal/vibecoding/pd-extension/mobile/ios/Shared/ShieldApplier.swift (in target 'ShieldActionExtension' from project 'ImpulseBlock')
    cd /Users/shotaebi/Desktop/projects/personal/vibecoding/pd-extension/mobile/ios
    

SwiftDriverJobDiscovery normal arm64 Compiling ShieldActionProvider.swift (in target 'ShieldActionExtension' from project 'ImpulseBlock')

SwiftCompile normal x86_64 Compiling\ ShieldApplier.swift /Users/shotaebi/Desktop/projects/personal/vibecoding/pd-extension/mobile/ios/Shared/ShieldApplier.swift (in target 'ShieldActionExtension' from project 'ImpulseBlock')

SwiftCompile normal x86_64 /Users/shotaebi/Desktop/projects/personal/vibecoding/pd-extension/mobile/ios/Shared/ShieldApplier.swift (in target 'ShieldActionExtension' from project 'ImpulseBlock')
    cd /Users/shotaebi/Desktop/projects/personal/vibecoding/pd-extension/mobile/ios
    

SwiftDriverJobDiscovery normal arm64 Compiling DomainNormalizer.swift (in target 'ShieldConfigurationExtension' from project 'ImpulseBlock')

SwiftCompile normal x86_64 Compiling\ ShieldActionProvider.swift /Users/shotaebi/Desktop/projects/personal/vibecoding/pd-extension/mobile/ios/ShieldActionExtension/ShieldActionProvider.swift (in target 'ShieldActionExtension' from project 'ImpulseBlock')

SwiftCompile normal x86_64 /Users/shotaebi/Desktop/projects/personal/vibecoding/pd-extension/mobile/ios/ShieldActionExtension/ShieldActionProvider.swift (in target 'ShieldActionExtension' from project 'ImpulseBlock')
    cd /Users/shotaebi/Desktop/projects/personal/vibecoding/pd-extension/mobile/ios
    

SwiftCompile normal x86_64 Compiling\ SharedStore.swift /Users/shotaebi/Desktop/projects/personal/vibecoding/pd-extension/mobile/ios/Shared/SharedStore.swift (in target 'ShieldActionExtension' from project 'ImpulseBlock')

SwiftCompile normal x86_64 /Users/shotaebi/Desktop/projects/personal/vibecoding/pd-extension/mobile/ios/Shared/SharedStore.swift (in target 'ShieldActionExtension' from project 'ImpulseBlock')
    cd /Users/shotaebi/Desktop/projects/personal/vibecoding/pd-extension/mobile/ios
    

SwiftDriverJobDiscovery normal arm64 Compiling Punycode.swift (in target 'ShieldConfigurationExtension' from project 'ImpulseBlock')

SwiftCompile normal arm64 Compiling\ ImportExport.swift /Users/shotaebi/Desktop/projects/personal/vibecoding/pd-extension/mobile/ios/Shared/ImportExport.swift (in target 'ShieldActionExtension' from project 'ImpulseBlock')

SwiftCompile normal arm64 /Users/shotaebi/Desktop/projects/personal/vibecoding/pd-extension/mobile/ios/Shared/ImportExport.swift (in target 'ShieldActionExtension' from project 'ImpulseBlock')
    cd /Users/shotaebi/Desktop/projects/personal/vibecoding/pd-extension/mobile/ios
    

SwiftDriverJobDiscovery normal arm64 Compiling ImportExport.swift (in target 'ShieldConfigurationExtension' from project 'ImpulseBlock')

SwiftCompile normal arm64 Compiling\ DomainNormalizer.swift /Users/shotaebi/Desktop/projects/personal/vibecoding/pd-extension/mobile/ios/Shared/DomainNormalizer.swift (in target 'DeviceActivityMonitorExtension' from project 'ImpulseBlock')

SwiftCompile normal arm64 /Users/shotaebi/Desktop/projects/personal/vibecoding/pd-extension/mobile/ios/Shared/DomainNormalizer.swift (in target 'DeviceActivityMonitorExtension' from project 'ImpulseBlock')
    cd /Users/shotaebi/Desktop/projects/personal/vibecoding/pd-extension/mobile/ios
    

SwiftDriverJobDiscovery normal x86_64 Compiling ShieldActionProvider.swift (in target 'ShieldActionExtension' from project 'ImpulseBlock')

SwiftCompile normal arm64 Compiling\ ShieldApplier.swift /Users/shotaebi/Desktop/projects/personal/vibecoding/pd-extension/mobile/ios/Shared/ShieldApplier.swift (in target 'DeviceActivityMonitorExtension' from project 'ImpulseBlock')
SwiftCompile normal arm64 /Users/shotaebi/Desktop/projects/personal/vibecoding/pd-extension/mobile/ios/Shared/ShieldApplier.swift (in target 'DeviceActivityMonitorExtension' from project 'ImpulseBlock')
    cd /Users/shotaebi/Desktop/projects/personal/vibecoding/pd-extension/mobile/ios
    

SwiftDriverJobDiscovery normal arm64 Compiling DomainNormalizer.swift (in target 'ShieldActionExtension' from project 'ImpulseBlock')

SwiftCompile normal arm64 Compiling\ Punycode.swift /Users/shotaebi/Desktop/projects/personal/vibecoding/pd-extension/mobile/ios/Shared/Punycode.swift (in target 'DeviceActivityMonitorExtension' from project 'ImpulseBlock')

SwiftCompile normal arm64 /Users/shotaebi/Desktop/projects/personal/vibecoding/pd-extension/mobile/ios/Shared/Punycode.swift (in target 'DeviceActivityMonitorExtension' from project 'ImpulseBlock')
    cd /Users/shotaebi/Desktop/projects/personal/vibecoding/pd-extension/mobile/ios
    

SwiftDriverJobDiscovery normal x86_64 Compiling ShieldApplier.swift (in target 'ShieldActionExtension' from project 'ImpulseBlock')

SwiftCompile normal arm64 Compiling\ ImportExport.swift /Users/shotaebi/Desktop/projects/personal/vibecoding/pd-extension/mobile/ios/Shared/ImportExport.swift (in target 'DeviceActivityMonitorExtension' from project 'ImpulseBlock')

SwiftCompile normal arm64 /Users/shotaebi/Desktop/projects/personal/vibecoding/pd-extension/mobile/ios/Shared/ImportExport.swift (in target 'DeviceActivityMonitorExtension' from project 'ImpulseBlock')
    cd /Users/shotaebi/Desktop/projects/personal/vibecoding/pd-extension/mobile/ios
    

SwiftDriverJobDiscovery normal arm64 Compiling Punycode.swift (in target 'ShieldActionExtension' from project 'ImpulseBlock')

SwiftCompile normal x86_64 Compiling\ ActivityMonitor.swift /Users/shotaebi/Desktop/projects/personal/vibecoding/pd-extension/mobile/ios/DeviceActivityMonitorExtension/ActivityMonitor.swift (in target 'DeviceActivityMonitorExtension' from project 'ImpulseBlock')

SwiftCompile normal x86_64 /Users/shotaebi/Desktop/projects/personal/vibecoding/pd-extension/mobile/ios/DeviceActivityMonitorExtension/ActivityMonitor.swift (in target 'DeviceActivityMonitorExtension' from project 'ImpulseBlock')
    cd /Users/shotaebi/Desktop/projects/personal/vibecoding/pd-extension/mobile/ios
    

SwiftDriverJobDiscovery normal x86_64 Compiling SharedStore.swift (in target 'ShieldActionExtension' from project 'ImpulseBlock')

SwiftCompile normal x86_64 Compiling\ Punycode.swift /Users/shotaebi/Desktop/projects/personal/vibecoding/pd-extension/mobile/ios/Shared/Punycode.swift (in target 'DeviceActivityMonitorExtension' from project 'ImpulseBlock')

SwiftCompile normal x86_64 /Users/shotaebi/Desktop/projects/personal/vibecoding/pd-extension/mobile/ios/Shared/Punycode.swift (in target 'DeviceActivityMonitorExtension' from project 'ImpulseBlock')
    cd /Users/shotaebi/Desktop/projects/personal/vibecoding/pd-extension/mobile/ios
    

SwiftDriverJobDiscovery normal x86_64 Compiling ImportExport.swift (in target 'ShieldActionExtension' from project 'ImpulseBlock')

SwiftDriver\ Compilation ShieldActionExtension normal x86_64 com.apple.xcode.tools.swift.compiler (in target 'ShieldActionExtension' from project 'ImpulseBlock')
    cd /Users/shotaebi/Desktop/projects/personal/vibecoding/pd-extension/mobile/ios
    builtin-Swift-Compilation -- /Applications/Xcode.app/Contents/Developer/Toolchains/XcodeDefault.xctoolchain/usr/bin/swiftc -module-name ShieldActionExtension -Onone -enforce-exclusivity\=checked @/Users/shotaebi/Library/Developer/Xcode/DerivedData/ImpulseBlock-dewhddckbhxdqfclawzhypslvoim/Build/Intermediates.noindex/ImpulseBlock.build/Debug-iphonesimulator/ShieldActionExtension.build/Objects-normal/x86_64/ShieldActionExtension.SwiftFileList -DDEBUG -enable-bare-slash-regex -enable-experimental-feature DebugDescriptionMacro -sdk /Applications/Xcode.app/Contents/Developer/Platforms/iPhoneSimulator.platform/Developer/SDKs/iPhoneSimulator26.2.sdk -target x86_64-apple-ios16.0-simulator -g -module-cache-path /Users/shotaebi/Library/Developer/Xcode/DerivedData/ModuleCache.noindex -Xfrontend -serialize-debugging-options -application-extension -enable-testing -index-store-path /Users/shotaebi/Library/Developer/Xcode/DerivedData/ImpulseBlock-dewhddckbhxdqfclawzhypslvoim/Index.noindex/DataStore -Xcc -D_LIBCPP_HARDENING_MODE\=_LIBCPP_HARDENING_MODE_DEBUG -swift-version 5 -I /Users/shotaebi/Library/Developer/Xcode/DerivedData/ImpulseBlock-dewhddckbhxdqfclawzhypslvoim/Build/Products/Debug-iphonesimulator -F /Users/shotaebi/Library/Developer/Xcode/DerivedData/ImpulseBlock-dewhddckbhxdqfclawzhypslvoim/Build/Products/Debug-iphonesimulator -c -j14 -enable-batch-mode -incremental -Xcc -ivfsstatcache -Xcc /Users/shotaebi/Library/Developer/Xcode/DerivedData/SDKStatCaches.noindex/iphonesimulator26.2-23C57-7d00a8b37fbd7999ea79df8ebc024bf0.sdkstatcache -output-file-map /Users/shotaebi/Library/Developer/Xcode/DerivedData/ImpulseBlock-dewhddckbhxdqfclawzhypslvoim/Build/Intermediates.noindex/ImpulseBlock.build/Debug-iphonesimulator/ShieldActionExtension.build/Objects-normal/x86_64/ShieldActionExtension-OutputFileMap.json -use-frontend-parseable-output -save-temps -no-color-diagnostics -explicit-module-build -module-cache-path /Users/shotaebi/Library/Developer/Xcode/DerivedData/ImpulseBlock-dewhddckbhxdqfclawzhypslvoim/Build/Intermediates.noindex/SwiftExplicitPrecompiledModules -clang-scanner-module-cache-path /Users/shotaebi/Library/Developer/Xcode/DerivedData/ModuleCache.noindex -sdk-module-cache-path /Users/shotaebi/Library/Developer/Xcode/DerivedData/ModuleCache.noindex -serialize-diagnostics -emit-dependencies -emit-module -emit-module-path /Users/shotaebi/Library/Developer/Xcode/DerivedData/ImpulseBlock-dewhddckbhxdqfclawzhypslvoim/Build/Intermediates.noindex/ImpulseBlock.build/Debug-iphonesimulator/ShieldActionExtension.build/Objects-normal/x86_64/ShieldActionExtension.swiftmodule -validate-clang-modules-once -clang-build-session-file /Users/shotaebi/Library/Developer/Xcode/DerivedData/ModuleCache.noindex/Session.modulevalidation -Xcc -I/Users/shotaebi/Library/Developer/Xcode/DerivedData/ImpulseBlock-dewhddckbhxdqfclawzhypslvoim/Build/Intermediates.noindex/ImpulseBlock.build/Debug-iphonesimulator/ShieldActionExtension.build/swift-overrides.hmap -emit-const-values -Xfrontend -const-gather-protocols-file -Xfrontend /Users/shotaebi/Library/Developer/Xcode/DerivedData/ImpulseBlock-dewhddckbhxdqfclawzhypslvoim/Build/Intermediates.noindex/ImpulseBlock.build/Debug-iphonesimulator/ShieldActionExtension.build/Objects-normal/x86_64/ShieldActionExtension_const_extract_protocols.json -Xcc -iquote -Xcc /Users/shotaebi/Library/Developer/Xcode/DerivedData/ImpulseBlock-dewhddckbhxdqfclawzhypslvoim/Build/Intermediates.noindex/ImpulseBlock.build/Debug-iphonesimulator/ShieldActionExtension.build/ShieldActionExtension-generated-files.hmap -Xcc -I/Users/shotaebi/Library/Developer/Xcode/DerivedData/ImpulseBlock-dewhddckbhxdqfclawzhypslvoim/Build/Intermediates.noindex/ImpulseBlock.build/Debug-iphonesimulator/ShieldActionExtension.build/ShieldActionExtension-own-target-headers.hmap -Xcc -I/Users/shotaebi/Library/Developer/Xcode/DerivedData/ImpulseBlock-dewhddckbhxdqfclawzhypslvoim/Build/Intermediates.noindex/ImpulseBlock.build/Debug-iphonesimulator/ShieldActionExtension.build/ShieldActionExtension-all-target-headers.hmap -Xcc -iquote -Xcc /Users/shotaebi/Library/Developer/Xcode/DerivedData/ImpulseBlock-dewhddckbhxdqfclawzhypslvoim/Build/Intermediates.noindex/ImpulseBlock.build/Debug-iphonesimulator/ShieldActionExtension.build/ShieldActionExtension-project-headers.hmap -Xcc -I/Users/shotaebi/Library/Developer/Xcode/DerivedData/ImpulseBlock-dewhddckbhxdqfclawzhypslvoim/Build/Products/Debug-iphonesimulator/include -Xcc -I/Users/shotaebi/Library/Developer/Xcode/DerivedData/ImpulseBlock-dewhddckbhxdqfclawzhypslvoim/Build/Intermediates.noindex/ImpulseBlock.build/Debug-iphonesimulator/ShieldActionExtension.build/DerivedSources-normal/x86_64 -Xcc -I/Users/shotaebi/Library/Developer/Xcode/DerivedData/ImpulseBlock-dewhddckbhxdqfclawzhypslvoim/Build/Intermediates.noindex/ImpulseBlock.build/Debug-iphonesimulator/ShieldActionExtension.build/DerivedSources/x86_64 -Xcc -I/Users/shotaebi/Library/Developer/Xcode/DerivedData/ImpulseBlock-dewhddckbhxdqfclawzhypslvoim/Build/Intermediates.noindex/ImpulseBlock.build/Debug-iphonesimulator/ShieldActionExtension.build/DerivedSources -Xcc -DDEBUG\=1 -emit-objc-header -emit-objc-header-path /Users/shotaebi/Library/Developer/Xcode/DerivedData/ImpulseBlock-dewhddckbhxdqfclawzhypslvoim/Build/Intermediates.noindex/ImpulseBlock.build/Debug-iphonesimulator/ShieldActionExtension.build/Objects-normal/x86_64/ShieldActionExtension-Swift.h -working-directory /Users/shotaebi/Desktop/projects/personal/vibecoding/pd-extension/mobile/ios -experimental-emit-module-separately -disable-cmo

SwiftDriverJobDiscovery normal arm64 Compiling ImportExport.swift (in target 'ShieldActionExtension' from project 'ImpulseBlock')

SwiftCompile normal arm64 Compiling\ ActivityMonitor.swift /Users/shotaebi/Desktop/projects/personal/vibecoding/pd-extension/mobile/ios/DeviceActivityMonitorExtension/ActivityMonitor.swift (in target 'DeviceActivityMonitorExtension' from project 'ImpulseBlock')

SwiftCompile normal arm64 /Users/shotaebi/Desktop/projects/personal/vibecoding/pd-extension/mobile/ios/DeviceActivityMonitorExtension/ActivityMonitor.swift (in target 'DeviceActivityMonitorExtension' from project 'ImpulseBlock')
    cd /Users/shotaebi/Desktop/projects/personal/vibecoding/pd-extension/mobile/ios
    

SwiftDriverJobDiscovery normal x86_64 Compiling ActivityMonitor.swift (in target 'DeviceActivityMonitorExtension' from project 'ImpulseBlock')

SwiftCompile normal arm64 Compiling\ SharedStore.swift /Users/shotaebi/Desktop/projects/personal/vibecoding/pd-extension/mobile/ios/Shared/SharedStore.swift (in target 'DeviceActivityMonitorExtension' from project 'ImpulseBlock')
SwiftCompile normal arm64 /Users/shotaebi/Desktop/projects/personal/vibecoding/pd-extension/mobile/ios/Shared/SharedStore.swift (in target 'DeviceActivityMonitorExtension' from project 'ImpulseBlock')
    cd /Users/shotaebi/Desktop/projects/personal/vibecoding/pd-extension/mobile/ios
    

SwiftCompile normal arm64 Compiling\ Models.swift /Users/shotaebi/Desktop/projects/personal/vibecoding/pd-extension/mobile/ios/Shared/Models.swift (in target 'DeviceActivityMonitorExtension' from project 'ImpulseBlock')

SwiftCompile normal arm64 /Users/shotaebi/Desktop/projects/personal/vibecoding/pd-extension/mobile/ios/Shared/Models.swift (in target 'DeviceActivityMonitorExtension' from project 'ImpulseBlock')
    cd /Users/shotaebi/Desktop/projects/personal/vibecoding/pd-extension/mobile/ios
    

SwiftDriverJobDiscovery normal arm64 Compiling DomainNormalizer.swift (in target 'DeviceActivityMonitorExtension' from project 'ImpulseBlock')

SwiftCompile normal x86_64 Compiling\ ShieldApplier.swift /Users/shotaebi/Desktop/projects/personal/vibecoding/pd-extension/mobile/ios/Shared/ShieldApplier.swift (in target 'DeviceActivityMonitorExtension' from project 'ImpulseBlock')

SwiftCompile normal x86_64 /Users/shotaebi/Desktop/projects/personal/vibecoding/pd-extension/mobile/ios/Shared/ShieldApplier.swift (in target 'DeviceActivityMonitorExtension' from project 'ImpulseBlock')
    cd /Users/shotaebi/Desktop/projects/personal/vibecoding/pd-extension/mobile/ios
    

SwiftDriverJobDiscovery normal arm64 Compiling Punycode.swift (in target 'DeviceActivityMonitorExtension' from project 'ImpulseBlock')

SwiftCompile normal x86_64 Compiling\ SharedStore.swift /Users/shotaebi/Desktop/projects/personal/vibecoding/pd-extension/mobile/ios/Shared/SharedStore.swift (in target 'DeviceActivityMonitorExtension' from project 'ImpulseBlock')

SwiftCompile normal x86_64 /Users/shotaebi/Desktop/projects/personal/vibecoding/pd-extension/mobile/ios/Shared/SharedStore.swift (in target 'DeviceActivityMonitorExtension' from project 'ImpulseBlock')
    cd /Users/shotaebi/Desktop/projects/personal/vibecoding/pd-extension/mobile/ios
    

SwiftDriverJobDiscovery normal arm64 Compiling ImportExport.swift (in target 'DeviceActivityMonitorExtension' from project 'ImpulseBlock')

SwiftDriverJobDiscovery normal arm64 Compiling ActivityMonitor.swift (in target 'DeviceActivityMonitorExtension' from project 'ImpulseBlock')

Ld /Users/shotaebi/Library/Developer/Xcode/DerivedData/ImpulseBlock-dewhddckbhxdqfclawzhypslvoim/Build/Intermediates.noindex/ImpulseBlock.build/Debug-iphonesimulator/ShieldConfigurationExtension.build/Objects-normal/x86_64/Binary/ShieldConfigurationExtension.debug.dylib normal x86_64 (in target 'ShieldConfigurationExtension' from project 'ImpulseBlock')
    cd /Users/shotaebi/Desktop/projects/personal/vibecoding/pd-extension/mobile/ios
    /Applications/Xcode.app/Contents/Developer/Toolchains/XcodeDefault.xctoolchain/usr/bin/clang -Xlinker -reproducible -target x86_64-apple-ios16.0-simulator -dynamiclib -isysroot /Applications/Xcode.app/Contents/Developer/Platforms/iPhoneSimulator.platform/Developer/SDKs/iPhoneSimulator26.2.sdk -O0 -L/Users/shotaebi/Library/Developer/Xcode/DerivedData/ImpulseBlock-dewhddckbhxdqfclawzhypslvoim/Build/Intermediates.noindex/EagerLinkingTBDs/Debug-iphonesimulator -L/Users/shotaebi/Library/Developer/Xcode/DerivedData/ImpulseBlock-dewhddckbhxdqfclawzhypslvoim/Build/Products/Debug-iphonesimulator -F/Users/shotaebi/Library/Developer/Xcode/DerivedData/ImpulseBlock-dewhddckbhxdqfclawzhypslvoim/Build/Intermediates.noindex/EagerLinkingTBDs/Debug-iphonesimulator -F/Users/shotaebi/Library/Developer/Xcode/DerivedData/ImpulseBlock-dewhddckbhxdqfclawzhypslvoim/Build/Products/Debug-iphonesimulator -filelist /Users/shotaebi/Library/Developer/Xcode/DerivedData/ImpulseBlock-dewhddckbhxdqfclawzhypslvoim/Build/Intermediates.noindex/ImpulseBlock.build/Debug-iphonesimulator/ShieldConfigurationExtension.build/Objects-normal/x86_64/ShieldConfigurationExtension.LinkFileList -install_name @rpath/ShieldConfigurationExtension.debug.dylib -Xlinker -rpath -Xlinker /usr/lib/swift -Xlinker -rpath -Xlinker @executable_path/Frameworks -Xlinker -rpath -Xlinker @executable_path/../../Frameworks -dead_strip -Xlinker -object_path_lto -Xlinker /Users/shotaebi/Library/Developer/Xcode/DerivedData/ImpulseBlock-dewhddckbhxdqfclawzhypslvoim/Build/Intermediates.noindex/ImpulseBlock.build/Debug-iphonesimulator/ShieldConfigurationExtension.build/Objects-normal/x86_64/ShieldConfigurationExtension_lto.o -rdynamic -Xlinker -no_deduplicate -Xlinker -objc_abi_version -Xlinker 2 -Xlinker -dependency_info -Xlinker /Users/shotaebi/Library/Developer/Xcode/DerivedData/ImpulseBlock-dewhddckbhxdqfclawzhypslvoim/Build/Intermediates.noindex/ImpulseBlock.build/Debug-iphonesimulator/ShieldConfigurationExtension.build/Objects-normal/x86_64/ShieldConfigurationExtension_dependency_info.dat -fapplication-extension -fobjc-link-runtime -L/Applications/Xcode.app/Contents/Developer/Toolchains/XcodeDefault.xctoolchain/usr/lib/swift/iphonesimulator -L/usr/lib/swift -Xlinker -add_ast_path -Xlinker /Users/shotaebi/Library/Developer/Xcode/DerivedData/ImpulseBlock-dewhddckbhxdqfclawzhypslvoim/Build/Intermediates.noindex/ImpulseBlock.build/Debug-iphonesimulator/ShieldConfigurationExtension.build/Objects-normal/x86_64/ShieldConfigurationExtension.swiftmodule @/Users/shotaebi/Library/Developer/Xcode/DerivedData/ImpulseBlock-dewhddckbhxdqfclawzhypslvoim/Build/Intermediates.noindex/ImpulseBlock.build/Debug-iphonesimulator/ShieldConfigurationExtension.build/Objects-normal/x86_64/ShieldConfigurationExtension-linker-args.resp -Xlinker -alias -Xlinker _NSExtensionMain -Xlinker ___debug_main_executable_dylib_entry_point -framework FamilyControls -framework ManagedSettings -framework ManagedSettingsUI -o /Users/shotaebi/Library/Developer/Xcode/DerivedData/ImpulseBlock-dewhddckbhxdqfclawzhypslvoim/Build/Intermediates.noindex/ImpulseBlock.build/Debug-iphonesimulator/ShieldConfigurationExtension.build/Objects-normal/x86_64/Binary/ShieldConfigurationExtension.debug.dylib

Ld /Users/shotaebi/Library/Developer/Xcode/DerivedData/ImpulseBlock-dewhddckbhxdqfclawzhypslvoim/Build/Intermediates.noindex/ImpulseBlock.build/Debug-iphonesimulator/ShieldActionExtension.build/Objects-normal/x86_64/Binary/ShieldActionExtension.debug.dylib normal x86_64 (in target 'ShieldActionExtension' from project 'ImpulseBlock')
    cd /Users/shotaebi/Desktop/projects/personal/vibecoding/pd-extension/mobile/ios
    /Applications/Xcode.app/Contents/Developer/Toolchains/XcodeDefault.xctoolchain/usr/bin/clang -Xlinker -reproducible -target x86_64-apple-ios16.0-simulator -dynamiclib -isysroot /Applications/Xcode.app/Contents/Developer/Platforms/iPhoneSimulator.platform/Developer/SDKs/iPhoneSimulator26.2.sdk -O0 -L/Users/shotaebi/Library/Developer/Xcode/DerivedData/ImpulseBlock-dewhddckbhxdqfclawzhypslvoim/Build/Intermediates.noindex/EagerLinkingTBDs/Debug-iphonesimulator -L/Users/shotaebi/Library/Developer/Xcode/DerivedData/ImpulseBlock-dewhddckbhxdqfclawzhypslvoim/Build/Products/Debug-iphonesimulator -F/Users/shotaebi/Library/Developer/Xcode/DerivedData/ImpulseBlock-dewhddckbhxdqfclawzhypslvoim/Build/Intermediates.noindex/EagerLinkingTBDs/Debug-iphonesimulator -F/Users/shotaebi/Library/Developer/Xcode/DerivedData/ImpulseBlock-dewhddckbhxdqfclawzhypslvoim/Build/Products/Debug-iphonesimulator -filelist /Users/shotaebi/Library/Developer/Xcode/DerivedData/ImpulseBlock-dewhddckbhxdqfclawzhypslvoim/Build/Intermediates.noindex/ImpulseBlock.build/Debug-iphonesimulator/ShieldActionExtension.build/Objects-normal/x86_64/ShieldActionExtension.LinkFileList -install_name @rpath/ShieldActionExtension.debug.dylib -Xlinker -rpath -Xlinker /usr/lib/swift -Xlinker -rpath -Xlinker @executable_path/Frameworks -Xlinker -rpath -Xlinker @executable_path/../../Frameworks -dead_strip -Xlinker -object_path_lto -Xlinker /Users/shotaebi/Library/Developer/Xcode/DerivedData/ImpulseBlock-dewhddckbhxdqfclawzhypslvoim/Build/Intermediates.noindex/ImpulseBlock.build/Debug-iphonesimulator/ShieldActionExtension.build/Objects-normal/x86_64/ShieldActionExtension_lto.o -rdynamic -Xlinker -no_deduplicate -Xlinker -objc_abi_version -Xlinker 2 -Xlinker -dependency_info -Xlinker /Users/shotaebi/Library/Developer/Xcode/DerivedData/ImpulseBlock-dewhddckbhxdqfclawzhypslvoim/Build/Intermediates.noindex/ImpulseBlock.build/Debug-iphonesimulator/ShieldActionExtension.build/Objects-normal/x86_64/ShieldActionExtension_dependency_info.dat -fapplication-extension -fobjc-link-runtime -L/Applications/Xcode.app/Contents/Developer/Toolchains/XcodeDefault.xctoolchain/usr/lib/swift/iphonesimulator -L/usr/lib/swift -Xlinker -add_ast_path -Xlinker /Users/shotaebi/Library/Developer/Xcode/DerivedData/ImpulseBlock-dewhddckbhxdqfclawzhypslvoim/Build/Intermediates.noindex/ImpulseBlock.build/Debug-iphonesimulator/ShieldActionExtension.build/Objects-normal/x86_64/ShieldActionExtension.swiftmodule @/Users/shotaebi/Library/Developer/Xcode/DerivedData/ImpulseBlock-dewhddckbhxdqfclawzhypslvoim/Build/Intermediates.noindex/ImpulseBlock.build/Debug-iphonesimulator/ShieldActionExtension.build/Objects-normal/x86_64/ShieldActionExtension-linker-args.resp -Xlinker -alias -Xlinker _NSExtensionMain -Xlinker ___debug_main_executable_dylib_entry_point -framework FamilyControls -framework ManagedSettings -o /Users/shotaebi/Library/Developer/Xcode/DerivedData/ImpulseBlock-dewhddckbhxdqfclawzhypslvoim/Build/Intermediates.noindex/ImpulseBlock.build/Debug-iphonesimulator/ShieldActionExtension.build/Objects-normal/x86_64/Binary/ShieldActionExtension.debug.dylib

SwiftDriverJobDiscovery normal x86_64 Compiling Punycode.swift (in target 'DeviceActivityMonitorExtension' from project 'ImpulseBlock')

SwiftDriverJobDiscovery normal x86_64 Compiling ShieldApplier.swift (in target 'DeviceActivityMonitorExtension' from project 'ImpulseBlock')

MkDir /Users/shotaebi/Library/Developer/Xcode/DerivedData/ImpulseBlock-dewhddckbhxdqfclawzhypslvoim/Build/Intermediates.noindex/ImpulseBlock.build/Debug-iphonesimulator/ImpulseBlock.build/assetcatalog_output/unthinned (in target 'ImpulseBlock' from project 'ImpulseBlock')
    cd /Users/shotaebi/Desktop/projects/personal/vibecoding/pd-extension/mobile/ios
    /bin/mkdir -p /Users/shotaebi/Library/Developer/Xcode/DerivedData/ImpulseBlock-dewhddckbhxdqfclawzhypslvoim/Build/Intermediates.noindex/ImpulseBlock.build/Debug-iphonesimulator/ImpulseBlock.build/assetcatalog_output/unthinned

MkDir /Users/shotaebi/Library/Developer/Xcode/DerivedData/ImpulseBlock-dewhddckbhxdqfclawzhypslvoim/Build/Intermediates.noindex/ImpulseBlock.build/Debug-iphonesimulator/ImpulseBlock.build/assetcatalog_output/thinned (in target 'ImpulseBlock' from project 'ImpulseBlock')
    cd /Users/shotaebi/Desktop/projects/personal/vibecoding/pd-extension/mobile/ios
    /bin/mkdir -p /Users/shotaebi/Library/Developer/Xcode/DerivedData/ImpulseBlock-dewhddckbhxdqfclawzhypslvoim/Build/Intermediates.noindex/ImpulseBlock.build/Debug-iphonesimulator/ImpulseBlock.build/assetcatalog_output/thinned

GenerateAssetSymbols /Users/shotaebi/Desktop/projects/personal/vibecoding/pd-extension/mobile/ios/ImpulseBlock/Assets.xcassets (in target 'ImpulseBlock' from project 'ImpulseBlock')
    cd /Users/shotaebi/Desktop/projects/personal/vibecoding/pd-extension/mobile/ios
    /Applications/Xcode.app/Contents/Developer/usr/bin/actool /Users/shotaebi/Desktop/projects/personal/vibecoding/pd-extension/mobile/ios/ImpulseBlock/Assets.xcassets --compile /Users/shotaebi/Library/Developer/Xcode/DerivedData/ImpulseBlock-dewhddckbhxdqfclawzhypslvoim/Build/Products/Debug-iphonesimulator/ImpulseBlock.app --output-format human-readable-text --notices --warnings --export-dependency-info /Users/shotaebi/Library/Developer/Xcode/DerivedData/ImpulseBlock-dewhddckbhxdqfclawzhypslvoim/Build/Intermediates.noindex/ImpulseBlock.build/Debug-iphonesimulator/ImpulseBlock.build/assetcatalog_dependencies --output-partial-info-plist /Users/shotaebi/Library/Developer/Xcode/DerivedData/ImpulseBlock-dewhddckbhxdqfclawzhypslvoim/Build/Intermediates.noindex/ImpulseBlock.build/Debug-iphonesimulator/ImpulseBlock.build/assetcatalog_generated_info.plist --app-icon AppIcon --compress-pngs --enable-on-demand-resources YES --development-region en --target-device iphone --target-device ipad --minimum-deployment-target 16.0 --platform iphonesimulator --bundle-identifier com.example.impulseblock --generate-swift-asset-symbol-extensions NO --generate-swift-asset-symbols /Users/shotaebi/Library/Developer/Xcode/DerivedData/ImpulseBlock-dewhddckbhxdqfclawzhypslvoim/Build/Intermediates.noindex/ImpulseBlock.build/Debug-iphonesimulator/ImpulseBlock.build/DerivedSources/GeneratedAssetSymbols.swift --generate-objc-asset-symbols /Users/shotaebi/Library/Developer/Xcode/DerivedData/ImpulseBlock-dewhddckbhxdqfclawzhypslvoim/Build/Intermediates.noindex/ImpulseBlock.build/Debug-iphonesimulator/ImpulseBlock.build/DerivedSources/GeneratedAssetSymbols.h --generate-asset-symbol-index /Users/shotaebi/Library/Developer/Xcode/DerivedData/ImpulseBlock-dewhddckbhxdqfclawzhypslvoim/Build/Intermediates.noindex/ImpulseBlock.build/Debug-iphonesimulator/ImpulseBlock.build/DerivedSources/GeneratedAssetSymbols-Index.plist
/* com.apple.actool.compilation-results */
/Users/shotaebi/Library/Developer/Xcode/DerivedData/ImpulseBlock-dewhddckbhxdqfclawzhypslvoim/Build/Intermediates.noindex/ImpulseBlock.build/Debug-iphonesimulator/ImpulseBlock.build/DerivedSources/GeneratedAssetSymbols-Index.plist
/Users/shotaebi/Library/Developer/Xcode/DerivedData/ImpulseBlock-dewhddckbhxdqfclawzhypslvoim/Build/Intermediates.noindex/ImpulseBlock.build/Debug-iphonesimulator/ImpulseBlock.build/DerivedSources/GeneratedAssetSymbols.h
/Users/shotaebi/Library/Developer/Xcode/DerivedData/ImpulseBlock-dewhddckbhxdqfclawzhypslvoim/Build/Intermediates.noindex/ImpulseBlock.build/Debug-iphonesimulator/ImpulseBlock.build/DerivedSources/GeneratedAssetSymbols.swift


SwiftDriverJobDiscovery normal x86_64 Compiling SharedStore.swift (in target 'DeviceActivityMonitorExtension' from project 'ImpulseBlock')

CompileAssetCatalogVariant thinned /Users/shotaebi/Library/Developer/Xcode/DerivedData/ImpulseBlock-dewhddckbhxdqfclawzhypslvoim/Build/Products/Debug-iphonesimulator/ImpulseBlock.app /Users/shotaebi/Desktop/projects/personal/vibecoding/pd-extension/mobile/ios/ImpulseBlock/Assets.xcassets (in target 'ImpulseBlock' from project 'ImpulseBlock')
    cd /Users/shotaebi/Desktop/projects/personal/vibecoding/pd-extension/mobile/ios
    /Applications/Xcode.app/Contents/Developer/usr/bin/actool /Users/shotaebi/Desktop/projects/personal/vibecoding/pd-extension/mobile/ios/ImpulseBlock/Assets.xcassets --compile /Users/shotaebi/Library/Developer/Xcode/DerivedData/ImpulseBlock-dewhddckbhxdqfclawzhypslvoim/Build/Intermediates.noindex/ImpulseBlock.build/Debug-iphonesimulator/ImpulseBlock.build/assetcatalog_output/thinned --output-format human-readable-text --notices --warnings --export-dependency-info /Users/shotaebi/Library/Developer/Xcode/DerivedData/ImpulseBlock-dewhddckbhxdqfclawzhypslvoim/Build/Intermediates.noindex/ImpulseBlock.build/Debug-iphonesimulator/ImpulseBlock.build/assetcatalog_dependencies_thinned --output-partial-info-plist /Users/shotaebi/Library/Developer/Xcode/DerivedData/ImpulseBlock-dewhddckbhxdqfclawzhypslvoim/Build/Intermediates.noindex/ImpulseBlock.build/Debug-iphonesimulator/ImpulseBlock.build/assetcatalog_generated_info.plist_thinned --app-icon AppIcon --compress-pngs --enable-on-demand-resources YES --development-region en --target-device iphone --target-device ipad --minimum-deployment-target 16.0 --platform iphonesimulator
/* com.apple.actool.compilation-results */
/Users/shotaebi/Library/Developer/Xcode/DerivedData/ImpulseBlock-dewhddckbhxdqfclawzhypslvoim/Build/Intermediates.noindex/ImpulseBlock.build/Debug-iphonesimulator/ImpulseBlock.build/assetcatalog_generated_info.plist_thinned
/Users/shotaebi/Library/Developer/Xcode/DerivedData/ImpulseBlock-dewhddckbhxdqfclawzhypslvoim/Build/Intermediates.noindex/ImpulseBlock.build/Debug-iphonesimulator/ImpulseBlock.build/assetcatalog_output/thinned/AppIcon60x60@2x.png
/Users/shotaebi/Library/Developer/Xcode/DerivedData/ImpulseBlock-dewhddckbhxdqfclawzhypslvoim/Build/Intermediates.noindex/ImpulseBlock.build/Debug-iphonesimulator/ImpulseBlock.build/assetcatalog_output/thinned/AppIcon76x76@2x~ipad.png
/Users/shotaebi/Library/Developer/Xcode/DerivedData/ImpulseBlock-dewhddckbhxdqfclawzhypslvoim/Build/Intermediates.noindex/ImpulseBlock.build/Debug-iphonesimulator/ImpulseBlock.build/assetcatalog_output/thinned/Assets.car


SwiftDriver\ Compilation DeviceActivityMonitorExtension normal x86_64 com.apple.xcode.tools.swift.compiler (in target 'DeviceActivityMonitorExtension' from project 'ImpulseBlock')
    cd /Users/shotaebi/Desktop/projects/personal/vibecoding/pd-extension/mobile/ios
    builtin-Swift-Compilation -- /Applications/Xcode.app/Contents/Developer/Toolchains/XcodeDefault.xctoolchain/usr/bin/swiftc -module-name DeviceActivityMonitorExtension -Onone -enforce-exclusivity\=checked @/Users/shotaebi/Library/Developer/Xcode/DerivedData/ImpulseBlock-dewhddckbhxdqfclawzhypslvoim/Build/Intermediates.noindex/ImpulseBlock.build/Debug-iphonesimulator/DeviceActivityMonitorExtension.build/Objects-normal/x86_64/DeviceActivityMonitorExtension.SwiftFileList -DDEBUG -enable-bare-slash-regex -enable-experimental-feature DebugDescriptionMacro -sdk /Applications/Xcode.app/Contents/Developer/Platforms/iPhoneSimulator.platform/Developer/SDKs/iPhoneSimulator26.2.sdk -target x86_64-apple-ios16.0-simulator -g -module-cache-path /Users/shotaebi/Library/Developer/Xcode/DerivedData/ModuleCache.noindex -Xfrontend -serialize-debugging-options -application-extension -enable-testing -index-store-path /Users/shotaebi/Library/Developer/Xcode/DerivedData/ImpulseBlock-dewhddckbhxdqfclawzhypslvoim/Index.noindex/DataStore -Xcc -D_LIBCPP_HARDENING_MODE\=_LIBCPP_HARDENING_MODE_DEBUG -swift-version 5 -I /Users/shotaebi/Library/Developer/Xcode/DerivedData/ImpulseBlock-dewhddckbhxdqfclawzhypslvoim/Build/Products/Debug-iphonesimulator -F /Users/shotaebi/Library/Developer/Xcode/DerivedData/ImpulseBlock-dewhddckbhxdqfclawzhypslvoim/Build/Products/Debug-iphonesimulator -c -j14 -enable-batch-mode -incremental -Xcc -ivfsstatcache -Xcc /Users/shotaebi/Library/Developer/Xcode/DerivedData/SDKStatCaches.noindex/iphonesimulator26.2-23C57-7d00a8b37fbd7999ea79df8ebc024bf0.sdkstatcache -output-file-map /Users/shotaebi/Library/Developer/Xcode/DerivedData/ImpulseBlock-dewhddckbhxdqfclawzhypslvoim/Build/Intermediates.noindex/ImpulseBlock.build/Debug-iphonesimulator/DeviceActivityMonitorExtension.build/Objects-normal/x86_64/DeviceActivityMonitorExtension-OutputFileMap.json -use-frontend-parseable-output -save-temps -no-color-diagnostics -explicit-module-build -module-cache-path /Users/shotaebi/Library/Developer/Xcode/DerivedData/ImpulseBlock-dewhddckbhxdqfclawzhypslvoim/Build/Intermediates.noindex/SwiftExplicitPrecompiledModules -clang-scanner-module-cache-path /Users/shotaebi/Library/Developer/Xcode/DerivedData/ModuleCache.noindex -sdk-module-cache-path /Users/shotaebi/Library/Developer/Xcode/DerivedData/ModuleCache.noindex -serialize-diagnostics -emit-dependencies -emit-module -emit-module-path /Users/shotaebi/Library/Developer/Xcode/DerivedData/ImpulseBlock-dewhddckbhxdqfclawzhypslvoim/Build/Intermediates.noindex/ImpulseBlock.build/Debug-iphonesimulator/DeviceActivityMonitorExtension.build/Objects-normal/x86_64/DeviceActivityMonitorExtension.swiftmodule -validate-clang-modules-once -clang-build-session-file /Users/shotaebi/Library/Developer/Xcode/DerivedData/ModuleCache.noindex/Session.modulevalidation -Xcc -I/Users/shotaebi/Library/Developer/Xcode/DerivedData/ImpulseBlock-dewhddckbhxdqfclawzhypslvoim/Build/Intermediates.noindex/ImpulseBlock.build/Debug-iphonesimulator/DeviceActivityMonitorExtension.build/swift-overrides.hmap -emit-const-values -Xfrontend -const-gather-protocols-file -Xfrontend /Users/shotaebi/Library/Developer/Xcode/DerivedData/ImpulseBlock-dewhddckbhxdqfclawzhypslvoim/Build/Intermediates.noindex/ImpulseBlock.build/Debug-iphonesimulator/DeviceActivityMonitorExtension.build/Objects-normal/x86_64/DeviceActivityMonitorExtension_const_extract_protocols.json -Xcc -iquote -Xcc /Users/shotaebi/Library/Developer/Xcode/DerivedData/ImpulseBlock-dewhddckbhxdqfclawzhypslvoim/Build/Intermediates.noindex/ImpulseBlock.build/Debug-iphonesimulator/DeviceActivityMonitorExtension.build/DeviceActivityMonitorExtension-generated-files.hmap -Xcc -I/Users/shotaebi/Library/Developer/Xcode/DerivedData/ImpulseBlock-dewhddckbhxdqfclawzhypslvoim/Build/Intermediates.noindex/ImpulseBlock.build/Debug-iphonesimulator/DeviceActivityMonitorExtension.build/DeviceActivityMonitorExtension-own-target-headers.hmap -Xcc -I/Users/shotaebi/Library/Developer/Xcode/DerivedData/ImpulseBlock-dewhddckbhxdqfclawzhypslvoim/Build/Intermediates.noindex/ImpulseBlock.build/Debug-iphonesimulator/DeviceActivityMonitorExtension.build/DeviceActivityMonitorExtension-all-target-headers.hmap -Xcc -iquote -Xcc /Users/shotaebi/Library/Developer/Xcode/DerivedData/ImpulseBlock-dewhddckbhxdqfclawzhypslvoim/Build/Intermediates.noindex/ImpulseBlock.build/Debug-iphonesimulator/DeviceActivityMonitorExtension.build/DeviceActivityMonitorExtension-project-headers.hmap -Xcc -I/Users/shotaebi/Library/Developer/Xcode/DerivedData/ImpulseBlock-dewhddckbhxdqfclawzhypslvoim/Build/Products/Debug-iphonesimulator/include -Xcc -I/Users/shotaebi/Library/Developer/Xcode/DerivedData/ImpulseBlock-dewhddckbhxdqfclawzhypslvoim/Build/Intermediates.noindex/ImpulseBlock.build/Debug-iphonesimulator/DeviceActivityMonitorExtension.build/DerivedSources-normal/x86_64 -Xcc -I/Users/shotaebi/Library/Developer/Xcode/DerivedData/ImpulseBlock-dewhddckbhxdqfclawzhypslvoim/Build/Intermediates.noindex/ImpulseBlock.build/Debug-iphonesimulator/DeviceActivityMonitorExtension.build/DerivedSources/x86_64 -Xcc -I/Users/shotaebi/Library/Developer/Xcode/DerivedData/ImpulseBlock-dewhddckbhxdqfclawzhypslvoim/Build/Intermediates.noindex/ImpulseBlock.build/Debug-iphonesimulator/DeviceActivityMonitorExtension.build/DerivedSources -Xcc -DDEBUG\=1 -emit-objc-header -emit-objc-header-path /Users/shotaebi/Library/Developer/Xcode/DerivedData/ImpulseBlock-dewhddckbhxdqfclawzhypslvoim/Build/Intermediates.noindex/ImpulseBlock.build/Debug-iphonesimulator/DeviceActivityMonitorExtension.build/Objects-normal/x86_64/DeviceActivityMonitorExtension-Swift.h -working-directory /Users/shotaebi/Desktop/projects/personal/vibecoding/pd-extension/mobile/ios -experimental-emit-module-separately -disable-cmo

SwiftDriverJobDiscovery normal arm64 Compiling Models.swift (in target 'DeviceActivityMonitorExtension' from project 'ImpulseBlock')

SwiftDriver ImpulseBlock normal x86_64 com.apple.xcode.tools.swift.compiler (in target 'ImpulseBlock' from project 'ImpulseBlock')
    cd /Users/shotaebi/Desktop/projects/personal/vibecoding/pd-extension/mobile/ios
    builtin-SwiftDriver -- /Applications/Xcode.app/Contents/Developer/Toolchains/XcodeDefault.xctoolchain/usr/bin/swiftc -module-name ImpulseBlock -Onone -enforce-exclusivity\=checked @/Users/shotaebi/Library/Developer/Xcode/DerivedData/ImpulseBlock-dewhddckbhxdqfclawzhypslvoim/Build/Intermediates.noindex/ImpulseBlock.build/Debug-iphonesimulator/ImpulseBlock.build/Objects-normal/x86_64/ImpulseBlock.SwiftFileList -DDEBUG -enable-bare-slash-regex -enable-experimental-feature DebugDescriptionMacro -sdk /Applications/Xcode.app/Contents/Developer/Platforms/iPhoneSimulator.platform/Developer/SDKs/iPhoneSimulator26.2.sdk -target x86_64-apple-ios16.0-simulator -g -module-cache-path /Users/shotaebi/Library/Developer/Xcode/DerivedData/ModuleCache.noindex -Xfrontend -serialize-debugging-options -enable-testing -index-store-path /Users/shotaebi/Library/Developer/Xcode/DerivedData/ImpulseBlock-dewhddckbhxdqfclawzhypslvoim/Index.noindex/DataStore -Xcc -D_LIBCPP_HARDENING_MODE\=_LIBCPP_HARDENING_MODE_DEBUG -swift-version 5 -I /Users/shotaebi/Library/Developer/Xcode/DerivedData/ImpulseBlock-dewhddckbhxdqfclawzhypslvoim/Build/Products/Debug-iphonesimulator -F /Users/shotaebi/Library/Developer/Xcode/DerivedData/ImpulseBlock-dewhddckbhxdqfclawzhypslvoim/Build/Products/Debug-iphonesimulator -c -j14 -enable-batch-mode -incremental -Xcc -ivfsstatcache -Xcc /Users/shotaebi/Library/Developer/Xcode/DerivedData/SDKStatCaches.noindex/iphonesimulator26.2-23C57-7d00a8b37fbd7999ea79df8ebc024bf0.sdkstatcache -output-file-map /Users/shotaebi/Library/Developer/Xcode/DerivedData/ImpulseBlock-dewhddckbhxdqfclawzhypslvoim/Build/Intermediates.noindex/ImpulseBlock.build/Debug-iphonesimulator/ImpulseBlock.build/Objects-normal/x86_64/ImpulseBlock-OutputFileMap.json -use-frontend-parseable-output -save-temps -no-color-diagnostics -explicit-module-build -module-cache-path /Users/shotaebi/Library/Developer/Xcode/DerivedData/ImpulseBlock-dewhddckbhxdqfclawzhypslvoim/Build/Intermediates.noindex/SwiftExplicitPrecompiledModules -clang-scanner-module-cache-path /Users/shotaebi/Library/Developer/Xcode/DerivedData/ModuleCache.noindex -sdk-module-cache-path /Users/shotaebi/Library/Developer/Xcode/DerivedData/ModuleCache.noindex -serialize-diagnostics -emit-dependencies -emit-module -emit-module-path /Users/shotaebi/Library/Developer/Xcode/DerivedData/ImpulseBlock-dewhddckbhxdqfclawzhypslvoim/Build/Intermediates.noindex/ImpulseBlock.build/Debug-iphonesimulator/ImpulseBlock.build/Objects-normal/x86_64/ImpulseBlock.swiftmodule -validate-clang-modules-once -clang-build-session-file /Users/shotaebi/Library/Developer/Xcode/DerivedData/ModuleCache.noindex/Session.modulevalidation -Xcc -I/Users/shotaebi/Library/Developer/Xcode/DerivedData/ImpulseBlock-dewhddckbhxdqfclawzhypslvoim/Build/Intermediates.noindex/ImpulseBlock.build/Debug-iphonesimulator/ImpulseBlock.build/swift-overrides.hmap -emit-const-values -Xfrontend -const-gather-protocols-file -Xfrontend /Users/shotaebi/Library/Developer/Xcode/DerivedData/ImpulseBlock-dewhddckbhxdqfclawzhypslvoim/Build/Intermediates.noindex/ImpulseBlock.build/Debug-iphonesimulator/ImpulseBlock.build/Objects-normal/x86_64/ImpulseBlock_const_extract_protocols.json -Xcc -iquote -Xcc /Users/shotaebi/Library/Developer/Xcode/DerivedData/ImpulseBlock-dewhddckbhxdqfclawzhypslvoim/Build/Intermediates.noindex/ImpulseBlock.build/Debug-iphonesimulator/ImpulseBlock.build/ImpulseBlock-generated-files.hmap -Xcc -I/Users/shotaebi/Library/Developer/Xcode/DerivedData/ImpulseBlock-dewhddckbhxdqfclawzhypslvoim/Build/Intermediates.noindex/ImpulseBlock.build/Debug-iphonesimulator/ImpulseBlock.build/ImpulseBlock-own-target-headers.hmap -Xcc -I/Users/shotaebi/Library/Developer/Xcode/DerivedData/ImpulseBlock-dewhddckbhxdqfclawzhypslvoim/Build/Intermediates.noindex/ImpulseBlock.build/Debug-iphonesimulator/ImpulseBlock.build/ImpulseBlock-all-target-headers.hmap -Xcc -iquote -Xcc /Users/shotaebi/Library/Developer/Xcode/DerivedData/ImpulseBlock-dewhddckbhxdqfclawzhypslvoim/Build/Intermediates.noindex/ImpulseBlock.build/Debug-iphonesimulator/ImpulseBlock.build/ImpulseBlock-project-headers.hmap -Xcc -I/Users/shotaebi/Library/Developer/Xcode/DerivedData/ImpulseBlock-dewhddckbhxdqfclawzhypslvoim/Build/Products/Debug-iphonesimulator/include -Xcc -I/Users/shotaebi/Library/Developer/Xcode/DerivedData/ImpulseBlock-dewhddckbhxdqfclawzhypslvoim/Build/Intermediates.noindex/ImpulseBlock.build/Debug-iphonesimulator/ImpulseBlock.build/DerivedSources-normal/x86_64 -Xcc -I/Users/shotaebi/Library/Developer/Xcode/DerivedData/ImpulseBlock-dewhddckbhxdqfclawzhypslvoim/Build/Intermediates.noindex/ImpulseBlock.build/Debug-iphonesimulator/ImpulseBlock.build/DerivedSources/x86_64 -Xcc -I/Users/shotaebi/Library/Developer/Xcode/DerivedData/ImpulseBlock-dewhddckbhxdqfclawzhypslvoim/Build/Intermediates.noindex/ImpulseBlock.build/Debug-iphonesimulator/ImpulseBlock.build/DerivedSources -Xcc -DDEBUG\=1 -emit-objc-header -emit-objc-header-path /Users/shotaebi/Library/Developer/Xcode/DerivedData/ImpulseBlock-dewhddckbhxdqfclawzhypslvoim/Build/Intermediates.noindex/ImpulseBlock.build/Debug-iphonesimulator/ImpulseBlock.build/Objects-normal/x86_64/ImpulseBlock-Swift.h -working-directory /Users/shotaebi/Desktop/projects/personal/vibecoding/pd-extension/mobile/ios -experimental-emit-module-separately -disable-cmo

SwiftDriver ImpulseBlock normal arm64 com.apple.xcode.tools.swift.compiler (in target 'ImpulseBlock' from project 'ImpulseBlock')
    cd /Users/shotaebi/Desktop/projects/personal/vibecoding/pd-extension/mobile/ios
    builtin-SwiftDriver -- /Applications/Xcode.app/Contents/Developer/Toolchains/XcodeDefault.xctoolchain/usr/bin/swiftc -module-name ImpulseBlock -Onone -enforce-exclusivity\=checked @/Users/shotaebi/Library/Developer/Xcode/DerivedData/ImpulseBlock-dewhddckbhxdqfclawzhypslvoim/Build/Intermediates.noindex/ImpulseBlock.build/Debug-iphonesimulator/ImpulseBlock.build/Objects-normal/arm64/ImpulseBlock.SwiftFileList -DDEBUG -enable-bare-slash-regex -enable-experimental-feature DebugDescriptionMacro -sdk /Applications/Xcode.app/Contents/Developer/Platforms/iPhoneSimulator.platform/Developer/SDKs/iPhoneSimulator26.2.sdk -target arm64-apple-ios16.0-simulator -g -module-cache-path /Users/shotaebi/Library/Developer/Xcode/DerivedData/ModuleCache.noindex -Xfrontend -serialize-debugging-options -enable-testing -index-store-path /Users/shotaebi/Library/Developer/Xcode/DerivedData/ImpulseBlock-dewhddckbhxdqfclawzhypslvoim/Index.noindex/DataStore -Xcc -D_LIBCPP_HARDENING_MODE\=_LIBCPP_HARDENING_MODE_DEBUG -swift-version 5 -I /Users/shotaebi/Library/Developer/Xcode/DerivedData/ImpulseBlock-dewhddckbhxdqfclawzhypslvoim/Build/Products/Debug-iphonesimulator -F /Users/shotaebi/Library/Developer/Xcode/DerivedData/ImpulseBlock-dewhddckbhxdqfclawzhypslvoim/Build/Products/Debug-iphonesimulator -c -j14 -enable-batch-mode -incremental -Xcc -ivfsstatcache -Xcc /Users/shotaebi/Library/Developer/Xcode/DerivedData/SDKStatCaches.noindex/iphonesimulator26.2-23C57-7d00a8b37fbd7999ea79df8ebc024bf0.sdkstatcache -output-file-map /Users/shotaebi/Library/Developer/Xcode/DerivedData/ImpulseBlock-dewhddckbhxdqfclawzhypslvoim/Build/Intermediates.noindex/ImpulseBlock.build/Debug-iphonesimulator/ImpulseBlock.build/Objects-normal/arm64/ImpulseBlock-OutputFileMap.json -use-frontend-parseable-output -save-temps -no-color-diagnostics -explicit-module-build -module-cache-path /Users/shotaebi/Library/Developer/Xcode/DerivedData/ImpulseBlock-dewhddckbhxdqfclawzhypslvoim/Build/Intermediates.noindex/SwiftExplicitPrecompiledModules -clang-scanner-module-cache-path /Users/shotaebi/Library/Developer/Xcode/DerivedData/ModuleCache.noindex -sdk-module-cache-path /Users/shotaebi/Library/Developer/Xcode/DerivedData/ModuleCache.noindex -serialize-diagnostics -emit-dependencies -emit-module -emit-module-path /Users/shotaebi/Library/Developer/Xcode/DerivedData/ImpulseBlock-dewhddckbhxdqfclawzhypslvoim/Build/Intermediates.noindex/ImpulseBlock.build/Debug-iphonesimulator/ImpulseBlock.build/Objects-normal/arm64/ImpulseBlock.swiftmodule -validate-clang-modules-once -clang-build-session-file /Users/shotaebi/Library/Developer/Xcode/DerivedData/ModuleCache.noindex/Session.modulevalidation -Xcc -I/Users/shotaebi/Library/Developer/Xcode/DerivedData/ImpulseBlock-dewhddckbhxdqfclawzhypslvoim/Build/Intermediates.noindex/ImpulseBlock.build/Debug-iphonesimulator/ImpulseBlock.build/swift-overrides.hmap -emit-const-values -Xfrontend -const-gather-protocols-file -Xfrontend /Users/shotaebi/Library/Developer/Xcode/DerivedData/ImpulseBlock-dewhddckbhxdqfclawzhypslvoim/Build/Intermediates.noindex/ImpulseBlock.build/Debug-iphonesimulator/ImpulseBlock.build/Objects-normal/arm64/ImpulseBlock_const_extract_protocols.json -Xcc -iquote -Xcc /Users/shotaebi/Library/Developer/Xcode/DerivedData/ImpulseBlock-dewhddckbhxdqfclawzhypslvoim/Build/Intermediates.noindex/ImpulseBlock.build/Debug-iphonesimulator/ImpulseBlock.build/ImpulseBlock-generated-files.hmap -Xcc -I/Users/shotaebi/Library/Developer/Xcode/DerivedData/ImpulseBlock-dewhddckbhxdqfclawzhypslvoim/Build/Intermediates.noindex/ImpulseBlock.build/Debug-iphonesimulator/ImpulseBlock.build/ImpulseBlock-own-target-headers.hmap -Xcc -I/Users/shotaebi/Library/Developer/Xcode/DerivedData/ImpulseBlock-dewhddckbhxdqfclawzhypslvoim/Build/Intermediates.noindex/ImpulseBlock.build/Debug-iphonesimulator/ImpulseBlock.build/ImpulseBlock-all-target-headers.hmap -Xcc -iquote -Xcc /Users/shotaebi/Library/Developer/Xcode/DerivedData/ImpulseBlock-dewhddckbhxdqfclawzhypslvoim/Build/Intermediates.noindex/ImpulseBlock.build/Debug-iphonesimulator/ImpulseBlock.build/ImpulseBlock-project-headers.hmap -Xcc -I/Users/shotaebi/Library/Developer/Xcode/DerivedData/ImpulseBlock-dewhddckbhxdqfclawzhypslvoim/Build/Products/Debug-iphonesimulator/include -Xcc -I/Users/shotaebi/Library/Developer/Xcode/DerivedData/ImpulseBlock-dewhddckbhxdqfclawzhypslvoim/Build/Intermediates.noindex/ImpulseBlock.build/Debug-iphonesimulator/ImpulseBlock.build/DerivedSources-normal/arm64 -Xcc -I/Users/shotaebi/Library/Developer/Xcode/DerivedData/ImpulseBlock-dewhddckbhxdqfclawzhypslvoim/Build/Intermediates.noindex/ImpulseBlock.build/Debug-iphonesimulator/ImpulseBlock.build/DerivedSources/arm64 -Xcc -I/Users/shotaebi/Library/Developer/Xcode/DerivedData/ImpulseBlock-dewhddckbhxdqfclawzhypslvoim/Build/Intermediates.noindex/ImpulseBlock.build/Debug-iphonesimulator/ImpulseBlock.build/DerivedSources -Xcc -DDEBUG\=1 -emit-objc-header -emit-objc-header-path /Users/shotaebi/Library/Developer/Xcode/DerivedData/ImpulseBlock-dewhddckbhxdqfclawzhypslvoim/Build/Intermediates.noindex/ImpulseBlock.build/Debug-iphonesimulator/ImpulseBlock.build/Objects-normal/arm64/ImpulseBlock-Swift.h -working-directory /Users/shotaebi/Desktop/projects/personal/vibecoding/pd-extension/mobile/ios -experimental-emit-module-separately -disable-cmo

SwiftDriverJobDiscovery normal arm64 Compiling ShieldConfigurationProvider.swift (in target 'ShieldConfigurationExtension' from project 'ImpulseBlock')

SwiftDriverJobDiscovery normal arm64 Compiling SharedStore.swift (in target 'ShieldActionExtension' from project 'ImpulseBlock')

Ld /Users/shotaebi/Library/Developer/Xcode/DerivedData/ImpulseBlock-dewhddckbhxdqfclawzhypslvoim/Build/Intermediates.noindex/ImpulseBlock.build/Debug-iphonesimulator/DeviceActivityMonitorExtension.build/Objects-normal/x86_64/Binary/DeviceActivityMonitorExtension.debug.dylib normal x86_64 (in target 'DeviceActivityMonitorExtension' from project 'ImpulseBlock')
    cd /Users/shotaebi/Desktop/projects/personal/vibecoding/pd-extension/mobile/ios
    /Applications/Xcode.app/Contents/Developer/Toolchains/XcodeDefault.xctoolchain/usr/bin/clang -Xlinker -reproducible -target x86_64-apple-ios16.0-simulator -dynamiclib -isysroot /Applications/Xcode.app/Contents/Developer/Platforms/iPhoneSimulator.platform/Developer/SDKs/iPhoneSimulator26.2.sdk -O0 -L/Users/shotaebi/Library/Developer/Xcode/DerivedData/ImpulseBlock-dewhddckbhxdqfclawzhypslvoim/Build/Intermediates.noindex/EagerLinkingTBDs/Debug-iphonesimulator -L/Users/shotaebi/Library/Developer/Xcode/DerivedData/ImpulseBlock-dewhddckbhxdqfclawzhypslvoim/Build/Products/Debug-iphonesimulator -F/Users/shotaebi/Library/Developer/Xcode/DerivedData/ImpulseBlock-dewhddckbhxdqfclawzhypslvoim/Build/Intermediates.noindex/EagerLinkingTBDs/Debug-iphonesimulator -F/Users/shotaebi/Library/Developer/Xcode/DerivedData/ImpulseBlock-dewhddckbhxdqfclawzhypslvoim/Build/Products/Debug-iphonesimulator -filelist /Users/shotaebi/Library/Developer/Xcode/DerivedData/ImpulseBlock-dewhddckbhxdqfclawzhypslvoim/Build/Intermediates.noindex/ImpulseBlock.build/Debug-iphonesimulator/DeviceActivityMonitorExtension.build/Objects-normal/x86_64/DeviceActivityMonitorExtension.LinkFileList -install_name @rpath/DeviceActivityMonitorExtension.debug.dylib -Xlinker -rpath -Xlinker /usr/lib/swift -Xlinker -rpath -Xlinker @executable_path/Frameworks -Xlinker -rpath -Xlinker @executable_path/../../Frameworks -dead_strip -Xlinker -object_path_lto -Xlinker /Users/shotaebi/Library/Developer/Xcode/DerivedData/ImpulseBlock-dewhddckbhxdqfclawzhypslvoim/Build/Intermediates.noindex/ImpulseBlock.build/Debug-iphonesimulator/DeviceActivityMonitorExtension.build/Objects-normal/x86_64/DeviceActivityMonitorExtension_lto.o -rdynamic -Xlinker -no_deduplicate -Xlinker -objc_abi_version -Xlinker 2 -Xlinker -dependency_info -Xlinker /Users/shotaebi/Library/Developer/Xcode/DerivedData/ImpulseBlock-dewhddckbhxdqfclawzhypslvoim/Build/Intermediates.noindex/ImpulseBlock.build/Debug-iphonesimulator/DeviceActivityMonitorExtension.build/Objects-normal/x86_64/DeviceActivityMonitorExtension_dependency_info.dat -fapplication-extension -fobjc-link-runtime -L/Applications/Xcode.app/Contents/Developer/Toolchains/XcodeDefault.xctoolchain/usr/lib/swift/iphonesimulator -L/usr/lib/swift -Xlinker -add_ast_path -Xlinker /Users/shotaebi/Library/Developer/Xcode/DerivedData/ImpulseBlock-dewhddckbhxdqfclawzhypslvoim/Build/Intermediates.noindex/ImpulseBlock.build/Debug-iphonesimulator/DeviceActivityMonitorExtension.build/Objects-normal/x86_64/DeviceActivityMonitorExtension.swiftmodule @/Users/shotaebi/Library/Developer/Xcode/DerivedData/ImpulseBlock-dewhddckbhxdqfclawzhypslvoim/Build/Intermediates.noindex/ImpulseBlock.build/Debug-iphonesimulator/DeviceActivityMonitorExtension.build/Objects-normal/x86_64/DeviceActivityMonitorExtension-linker-args.resp -Xlinker -alias -Xlinker _NSExtensionMain -Xlinker ___debug_main_executable_dylib_entry_point -framework FamilyControls -framework ManagedSettings -framework DeviceActivity -o /Users/shotaebi/Library/Developer/Xcode/DerivedData/ImpulseBlock-dewhddckbhxdqfclawzhypslvoim/Build/Intermediates.noindex/ImpulseBlock.build/Debug-iphonesimulator/DeviceActivityMonitorExtension.build/Objects-normal/x86_64/Binary/DeviceActivityMonitorExtension.debug.dylib

SwiftDriverJobDiscovery normal arm64 Compiling SharedStore.swift (in target 'ShieldConfigurationExtension' from project 'ImpulseBlock')

SwiftDriverJobDiscovery normal arm64 Compiling ShieldApplier.swift (in target 'ShieldActionExtension' from project 'ImpulseBlock')

SwiftDriverJobDiscovery normal arm64 Compiling ShieldApplier.swift (in target 'ShieldConfigurationExtension' from project 'ImpulseBlock')

SwiftDriverJobDiscovery normal arm64 Compiling Models.swift (in target 'ShieldActionExtension' from project 'ImpulseBlock')

SwiftDriver\ Compilation ShieldActionExtension normal arm64 com.apple.xcode.tools.swift.compiler (in target 'ShieldActionExtension' from project 'ImpulseBlock')
    cd /Users/shotaebi/Desktop/projects/personal/vibecoding/pd-extension/mobile/ios
    builtin-Swift-Compilation -- /Applications/Xcode.app/Contents/Developer/Toolchains/XcodeDefault.xctoolchain/usr/bin/swiftc -module-name ShieldActionExtension -Onone -enforce-exclusivity\=checked @/Users/shotaebi/Library/Developer/Xcode/DerivedData/ImpulseBlock-dewhddckbhxdqfclawzhypslvoim/Build/Intermediates.noindex/ImpulseBlock.build/Debug-iphonesimulator/ShieldActionExtension.build/Objects-normal/arm64/ShieldActionExtension.SwiftFileList -DDEBUG -enable-bare-slash-regex -enable-experimental-feature DebugDescriptionMacro -sdk /Applications/Xcode.app/Contents/Developer/Platforms/iPhoneSimulator.platform/Developer/SDKs/iPhoneSimulator26.2.sdk -target arm64-apple-ios16.0-simulator -g -module-cache-path /Users/shotaebi/Library/Developer/Xcode/DerivedData/ModuleCache.noindex -Xfrontend -serialize-debugging-options -application-extension -enable-testing -index-store-path /Users/shotaebi/Library/Developer/Xcode/DerivedData/ImpulseBlock-dewhddckbhxdqfclawzhypslvoim/Index.noindex/DataStore -Xcc -D_LIBCPP_HARDENING_MODE\=_LIBCPP_HARDENING_MODE_DEBUG -swift-version 5 -I /Users/shotaebi/Library/Developer/Xcode/DerivedData/ImpulseBlock-dewhddckbhxdqfclawzhypslvoim/Build/Products/Debug-iphonesimulator -F /Users/shotaebi/Library/Developer/Xcode/DerivedData/ImpulseBlock-dewhddckbhxdqfclawzhypslvoim/Build/Products/Debug-iphonesimulator -c -j14 -enable-batch-mode -incremental -Xcc -ivfsstatcache -Xcc /Users/shotaebi/Library/Developer/Xcode/DerivedData/SDKStatCaches.noindex/iphonesimulator26.2-23C57-7d00a8b37fbd7999ea79df8ebc024bf0.sdkstatcache -output-file-map /Users/shotaebi/Library/Developer/Xcode/DerivedData/ImpulseBlock-dewhddckbhxdqfclawzhypslvoim/Build/Intermediates.noindex/ImpulseBlock.build/Debug-iphonesimulator/ShieldActionExtension.build/Objects-normal/arm64/ShieldActionExtension-OutputFileMap.json -use-frontend-parseable-output -save-temps -no-color-diagnostics -explicit-module-build -module-cache-path /Users/shotaebi/Library/Developer/Xcode/DerivedData/ImpulseBlock-dewhddckbhxdqfclawzhypslvoim/Build/Intermediates.noindex/SwiftExplicitPrecompiledModules -clang-scanner-module-cache-path /Users/shotaebi/Library/Developer/Xcode/DerivedData/ModuleCache.noindex -sdk-module-cache-path /Users/shotaebi/Library/Developer/Xcode/DerivedData/ModuleCache.noindex -serialize-diagnostics -emit-dependencies -emit-module -emit-module-path /Users/shotaebi/Library/Developer/Xcode/DerivedData/ImpulseBlock-dewhddckbhxdqfclawzhypslvoim/Build/Intermediates.noindex/ImpulseBlock.build/Debug-iphonesimulator/ShieldActionExtension.build/Objects-normal/arm64/ShieldActionExtension.swiftmodule -validate-clang-modules-once -clang-build-session-file /Users/shotaebi/Library/Developer/Xcode/DerivedData/ModuleCache.noindex/Session.modulevalidation -Xcc -I/Users/shotaebi/Library/Developer/Xcode/DerivedData/ImpulseBlock-dewhddckbhxdqfclawzhypslvoim/Build/Intermediates.noindex/ImpulseBlock.build/Debug-iphonesimulator/ShieldActionExtension.build/swift-overrides.hmap -emit-const-values -Xfrontend -const-gather-protocols-file -Xfrontend /Users/shotaebi/Library/Developer/Xcode/DerivedData/ImpulseBlock-dewhddckbhxdqfclawzhypslvoim/Build/Intermediates.noindex/ImpulseBlock.build/Debug-iphonesimulator/ShieldActionExtension.build/Objects-normal/arm64/ShieldActionExtension_const_extract_protocols.json -Xcc -iquote -Xcc /Users/shotaebi/Library/Developer/Xcode/DerivedData/ImpulseBlock-dewhddckbhxdqfclawzhypslvoim/Build/Intermediates.noindex/ImpulseBlock.build/Debug-iphonesimulator/ShieldActionExtension.build/ShieldActionExtension-generated-files.hmap -Xcc -I/Users/shotaebi/Library/Developer/Xcode/DerivedData/ImpulseBlock-dewhddckbhxdqfclawzhypslvoim/Build/Intermediates.noindex/ImpulseBlock.build/Debug-iphonesimulator/ShieldActionExtension.build/ShieldActionExtension-own-target-headers.hmap -Xcc -I/Users/shotaebi/Library/Developer/Xcode/DerivedData/ImpulseBlock-dewhddckbhxdqfclawzhypslvoim/Build/Intermediates.noindex/ImpulseBlock.build/Debug-iphonesimulator/ShieldActionExtension.build/ShieldActionExtension-all-target-headers.hmap -Xcc -iquote -Xcc /Users/shotaebi/Library/Developer/Xcode/DerivedData/ImpulseBlock-dewhddckbhxdqfclawzhypslvoim/Build/Intermediates.noindex/ImpulseBlock.build/Debug-iphonesimulator/ShieldActionExtension.build/ShieldActionExtension-project-headers.hmap -Xcc -I/Users/shotaebi/Library/Developer/Xcode/DerivedData/ImpulseBlock-dewhddckbhxdqfclawzhypslvoim/Build/Products/Debug-iphonesimulator/include -Xcc -I/Users/shotaebi/Library/Developer/Xcode/DerivedData/ImpulseBlock-dewhddckbhxdqfclawzhypslvoim/Build/Intermediates.noindex/ImpulseBlock.build/Debug-iphonesimulator/ShieldActionExtension.build/DerivedSources-normal/arm64 -Xcc -I/Users/shotaebi/Library/Developer/Xcode/DerivedData/ImpulseBlock-dewhddckbhxdqfclawzhypslvoim/Build/Intermediates.noindex/ImpulseBlock.build/Debug-iphonesimulator/ShieldActionExtension.build/DerivedSources/arm64 -Xcc -I/Users/shotaebi/Library/Developer/Xcode/DerivedData/ImpulseBlock-dewhddckbhxdqfclawzhypslvoim/Build/Intermediates.noindex/ImpulseBlock.build/Debug-iphonesimulator/ShieldActionExtension.build/DerivedSources -Xcc -DDEBUG\=1 -emit-objc-header -emit-objc-header-path /Users/shotaebi/Library/Developer/Xcode/DerivedData/ImpulseBlock-dewhddckbhxdqfclawzhypslvoim/Build/Intermediates.noindex/ImpulseBlock.build/Debug-iphonesimulator/ShieldActionExtension.build/Objects-normal/arm64/ShieldActionExtension-Swift.h -working-directory /Users/shotaebi/Desktop/projects/personal/vibecoding/pd-extension/mobile/ios -experimental-emit-module-separately -disable-cmo

SwiftDriverJobDiscovery normal arm64 Compiling Models.swift (in target 'ShieldConfigurationExtension' from project 'ImpulseBlock')

SwiftDriver\ Compilation ShieldConfigurationExtension normal arm64 com.apple.xcode.tools.swift.compiler (in target 'ShieldConfigurationExtension' from project 'ImpulseBlock')
    cd /Users/shotaebi/Desktop/projects/personal/vibecoding/pd-extension/mobile/ios
    builtin-Swift-Compilation -- /Applications/Xcode.app/Contents/Developer/Toolchains/XcodeDefault.xctoolchain/usr/bin/swiftc -module-name ShieldConfigurationExtension -Onone -enforce-exclusivity\=checked @/Users/shotaebi/Library/Developer/Xcode/DerivedData/ImpulseBlock-dewhddckbhxdqfclawzhypslvoim/Build/Intermediates.noindex/ImpulseBlock.build/Debug-iphonesimulator/ShieldConfigurationExtension.build/Objects-normal/arm64/ShieldConfigurationExtension.SwiftFileList -DDEBUG -enable-bare-slash-regex -enable-experimental-feature DebugDescriptionMacro -sdk /Applications/Xcode.app/Contents/Developer/Platforms/iPhoneSimulator.platform/Developer/SDKs/iPhoneSimulator26.2.sdk -target arm64-apple-ios16.0-simulator -g -module-cache-path /Users/shotaebi/Library/Developer/Xcode/DerivedData/ModuleCache.noindex -Xfrontend -serialize-debugging-options -application-extension -enable-testing -index-store-path /Users/shotaebi/Library/Developer/Xcode/DerivedData/ImpulseBlock-dewhddckbhxdqfclawzhypslvoim/Index.noindex/DataStore -Xcc -D_LIBCPP_HARDENING_MODE\=_LIBCPP_HARDENING_MODE_DEBUG -swift-version 5 -I /Users/shotaebi/Library/Developer/Xcode/DerivedData/ImpulseBlock-dewhddckbhxdqfclawzhypslvoim/Build/Products/Debug-iphonesimulator -F /Users/shotaebi/Library/Developer/Xcode/DerivedData/ImpulseBlock-dewhddckbhxdqfclawzhypslvoim/Build/Products/Debug-iphonesimulator -c -j14 -enable-batch-mode -incremental -Xcc -ivfsstatcache -Xcc /Users/shotaebi/Library/Developer/Xcode/DerivedData/SDKStatCaches.noindex/iphonesimulator26.2-23C57-7d00a8b37fbd7999ea79df8ebc024bf0.sdkstatcache -output-file-map /Users/shotaebi/Library/Developer/Xcode/DerivedData/ImpulseBlock-dewhddckbhxdqfclawzhypslvoim/Build/Intermediates.noindex/ImpulseBlock.build/Debug-iphonesimulator/ShieldConfigurationExtension.build/Objects-normal/arm64/ShieldConfigurationExtension-OutputFileMap.json -use-frontend-parseable-output -save-temps -no-color-diagnostics -explicit-module-build -module-cache-path /Users/shotaebi/Library/Developer/Xcode/DerivedData/ImpulseBlock-dewhddckbhxdqfclawzhypslvoim/Build/Intermediates.noindex/SwiftExplicitPrecompiledModules -clang-scanner-module-cache-path /Users/shotaebi/Library/Developer/Xcode/DerivedData/ModuleCache.noindex -sdk-module-cache-path /Users/shotaebi/Library/Developer/Xcode/DerivedData/ModuleCache.noindex -serialize-diagnostics -emit-dependencies -emit-module -emit-module-path /Users/shotaebi/Library/Developer/Xcode/DerivedData/ImpulseBlock-dewhddckbhxdqfclawzhypslvoim/Build/Intermediates.noindex/ImpulseBlock.build/Debug-iphonesimulator/ShieldConfigurationExtension.build/Objects-normal/arm64/ShieldConfigurationExtension.swiftmodule -validate-clang-modules-once -clang-build-session-file /Users/shotaebi/Library/Developer/Xcode/DerivedData/ModuleCache.noindex/Session.modulevalidation -Xcc -I/Users/shotaebi/Library/Developer/Xcode/DerivedData/ImpulseBlock-dewhddckbhxdqfclawzhypslvoim/Build/Intermediates.noindex/ImpulseBlock.build/Debug-iphonesimulator/ShieldConfigurationExtension.build/swift-overrides.hmap -emit-const-values -Xfrontend -const-gather-protocols-file -Xfrontend /Users/shotaebi/Library/Developer/Xcode/DerivedData/ImpulseBlock-dewhddckbhxdqfclawzhypslvoim/Build/Intermediates.noindex/ImpulseBlock.build/Debug-iphonesimulator/ShieldConfigurationExtension.build/Objects-normal/arm64/ShieldConfigurationExtension_const_extract_protocols.json -Xcc -iquote -Xcc /Users/shotaebi/Library/Developer/Xcode/DerivedData/ImpulseBlock-dewhddckbhxdqfclawzhypslvoim/Build/Intermediates.noindex/ImpulseBlock.build/Debug-iphonesimulator/ShieldConfigurationExtension.build/ShieldConfigurationExtension-generated-files.hmap -Xcc -I/Users/shotaebi/Library/Developer/Xcode/DerivedData/ImpulseBlock-dewhddckbhxdqfclawzhypslvoim/Build/Intermediates.noindex/ImpulseBlock.build/Debug-iphonesimulator/ShieldConfigurationExtension.build/ShieldConfigurationExtension-own-target-headers.hmap -Xcc -I/Users/shotaebi/Library/Developer/Xcode/DerivedData/ImpulseBlock-dewhddckbhxdqfclawzhypslvoim/Build/Intermediates.noindex/ImpulseBlock.build/Debug-iphonesimulator/ShieldConfigurationExtension.build/ShieldConfigurationExtension-all-target-headers.hmap -Xcc -iquote -Xcc /Users/shotaebi/Library/Developer/Xcode/DerivedData/ImpulseBlock-dewhddckbhxdqfclawzhypslvoim/Build/Intermediates.noindex/ImpulseBlock.build/Debug-iphonesimulator/ShieldConfigurationExtension.build/ShieldConfigurationExtension-project-headers.hmap -Xcc -I/Users/shotaebi/Library/Developer/Xcode/DerivedData/ImpulseBlock-dewhddckbhxdqfclawzhypslvoim/Build/Products/Debug-iphonesimulator/include -Xcc -I/Users/shotaebi/Library/Developer/Xcode/DerivedData/ImpulseBlock-dewhddckbhxdqfclawzhypslvoim/Build/Intermediates.noindex/ImpulseBlock.build/Debug-iphonesimulator/ShieldConfigurationExtension.build/DerivedSources-normal/arm64 -Xcc -I/Users/shotaebi/Library/Developer/Xcode/DerivedData/ImpulseBlock-dewhddckbhxdqfclawzhypslvoim/Build/Intermediates.noindex/ImpulseBlock.build/Debug-iphonesimulator/ShieldConfigurationExtension.build/DerivedSources/arm64 -Xcc -I/Users/shotaebi/Library/Developer/Xcode/DerivedData/ImpulseBlock-dewhddckbhxdqfclawzhypslvoim/Build/Intermediates.noindex/ImpulseBlock.build/Debug-iphonesimulator/ShieldConfigurationExtension.build/DerivedSources -Xcc -DDEBUG\=1 -emit-objc-header -emit-objc-header-path /Users/shotaebi/Library/Developer/Xcode/DerivedData/ImpulseBlock-dewhddckbhxdqfclawzhypslvoim/Build/Intermediates.noindex/ImpulseBlock.build/Debug-iphonesimulator/ShieldConfigurationExtension.build/Objects-normal/arm64/ShieldConfigurationExtension-Swift.h -working-directory /Users/shotaebi/Desktop/projects/personal/vibecoding/pd-extension/mobile/ios -experimental-emit-module-separately -disable-cmo

SwiftDriverJobDiscovery normal arm64 Compiling ShieldApplier.swift (in target 'DeviceActivityMonitorExtension' from project 'ImpulseBlock')

Ld /Users/shotaebi/Library/Developer/Xcode/DerivedData/ImpulseBlock-dewhddckbhxdqfclawzhypslvoim/Build/Intermediates.noindex/ImpulseBlock.build/Debug-iphonesimulator/ShieldConfigurationExtension.build/Objects-normal/arm64/Binary/ShieldConfigurationExtension.debug.dylib normal arm64 (in target 'ShieldConfigurationExtension' from project 'ImpulseBlock')
    cd /Users/shotaebi/Desktop/projects/personal/vibecoding/pd-extension/mobile/ios
    /Applications/Xcode.app/Contents/Developer/Toolchains/XcodeDefault.xctoolchain/usr/bin/clang -Xlinker -reproducible -target arm64-apple-ios16.0-simulator -dynamiclib -isysroot /Applications/Xcode.app/Contents/Developer/Platforms/iPhoneSimulator.platform/Developer/SDKs/iPhoneSimulator26.2.sdk -O0 -L/Users/shotaebi/Library/Developer/Xcode/DerivedData/ImpulseBlock-dewhddckbhxdqfclawzhypslvoim/Build/Intermediates.noindex/EagerLinkingTBDs/Debug-iphonesimulator -L/Users/shotaebi/Library/Developer/Xcode/DerivedData/ImpulseBlock-dewhddckbhxdqfclawzhypslvoim/Build/Products/Debug-iphonesimulator -F/Users/shotaebi/Library/Developer/Xcode/DerivedData/ImpulseBlock-dewhddckbhxdqfclawzhypslvoim/Build/Intermediates.noindex/EagerLinkingTBDs/Debug-iphonesimulator -F/Users/shotaebi/Library/Developer/Xcode/DerivedData/ImpulseBlock-dewhddckbhxdqfclawzhypslvoim/Build/Products/Debug-iphonesimulator -filelist /Users/shotaebi/Library/Developer/Xcode/DerivedData/ImpulseBlock-dewhddckbhxdqfclawzhypslvoim/Build/Intermediates.noindex/ImpulseBlock.build/Debug-iphonesimulator/ShieldConfigurationExtension.build/Objects-normal/arm64/ShieldConfigurationExtension.LinkFileList -install_name @rpath/ShieldConfigurationExtension.debug.dylib -Xlinker -rpath -Xlinker /usr/lib/swift -Xlinker -rpath -Xlinker @executable_path/Frameworks -Xlinker -rpath -Xlinker @executable_path/../../Frameworks -dead_strip -Xlinker -object_path_lto -Xlinker /Users/shotaebi/Library/Developer/Xcode/DerivedData/ImpulseBlock-dewhddckbhxdqfclawzhypslvoim/Build/Intermediates.noindex/ImpulseBlock.build/Debug-iphonesimulator/ShieldConfigurationExtension.build/Objects-normal/arm64/ShieldConfigurationExtension_lto.o -rdynamic -Xlinker -no_deduplicate -Xlinker -objc_abi_version -Xlinker 2 -Xlinker -dependency_info -Xlinker /Users/shotaebi/Library/Developer/Xcode/DerivedData/ImpulseBlock-dewhddckbhxdqfclawzhypslvoim/Build/Intermediates.noindex/ImpulseBlock.build/Debug-iphonesimulator/ShieldConfigurationExtension.build/Objects-normal/arm64/ShieldConfigurationExtension_dependency_info.dat -fapplication-extension -fobjc-link-runtime -L/Applications/Xcode.app/Contents/Developer/Toolchains/XcodeDefault.xctoolchain/usr/lib/swift/iphonesimulator -L/usr/lib/swift -Xlinker -add_ast_path -Xlinker /Users/shotaebi/Library/Developer/Xcode/DerivedData/ImpulseBlock-dewhddckbhxdqfclawzhypslvoim/Build/Intermediates.noindex/ImpulseBlock.build/Debug-iphonesimulator/ShieldConfigurationExtension.build/Objects-normal/arm64/ShieldConfigurationExtension.swiftmodule @/Users/shotaebi/Library/Developer/Xcode/DerivedData/ImpulseBlock-dewhddckbhxdqfclawzhypslvoim/Build/Intermediates.noindex/ImpulseBlock.build/Debug-iphonesimulator/ShieldConfigurationExtension.build/Objects-normal/arm64/ShieldConfigurationExtension-linker-args.resp -Xlinker -alias -Xlinker _NSExtensionMain -Xlinker ___debug_main_executable_dylib_entry_point -framework FamilyControls -framework ManagedSettings -framework ManagedSettingsUI -o /Users/shotaebi/Library/Developer/Xcode/DerivedData/ImpulseBlock-dewhddckbhxdqfclawzhypslvoim/Build/Intermediates.noindex/ImpulseBlock.build/Debug-iphonesimulator/ShieldConfigurationExtension.build/Objects-normal/arm64/Binary/ShieldConfigurationExtension.debug.dylib

Ld /Users/shotaebi/Library/Developer/Xcode/DerivedData/ImpulseBlock-dewhddckbhxdqfclawzhypslvoim/Build/Intermediates.noindex/ImpulseBlock.build/Debug-iphonesimulator/ShieldActionExtension.build/Objects-normal/arm64/Binary/ShieldActionExtension.debug.dylib normal arm64 (in target 'ShieldActionExtension' from project 'ImpulseBlock')
    cd /Users/shotaebi/Desktop/projects/personal/vibecoding/pd-extension/mobile/ios
    /Applications/Xcode.app/Contents/Developer/Toolchains/XcodeDefault.xctoolchain/usr/bin/clang -Xlinker -reproducible -target arm64-apple-ios16.0-simulator -dynamiclib -isysroot /Applications/Xcode.app/Contents/Developer/Platforms/iPhoneSimulator.platform/Developer/SDKs/iPhoneSimulator26.2.sdk -O0 -L/Users/shotaebi/Library/Developer/Xcode/DerivedData/ImpulseBlock-dewhddckbhxdqfclawzhypslvoim/Build/Intermediates.noindex/EagerLinkingTBDs/Debug-iphonesimulator -L/Users/shotaebi/Library/Developer/Xcode/DerivedData/ImpulseBlock-dewhddckbhxdqfclawzhypslvoim/Build/Products/Debug-iphonesimulator -F/Users/shotaebi/Library/Developer/Xcode/DerivedData/ImpulseBlock-dewhddckbhxdqfclawzhypslvoim/Build/Intermediates.noindex/EagerLinkingTBDs/Debug-iphonesimulator -F/Users/shotaebi/Library/Developer/Xcode/DerivedData/ImpulseBlock-dewhddckbhxdqfclawzhypslvoim/Build/Products/Debug-iphonesimulator -filelist /Users/shotaebi/Library/Developer/Xcode/DerivedData/ImpulseBlock-dewhddckbhxdqfclawzhypslvoim/Build/Intermediates.noindex/ImpulseBlock.build/Debug-iphonesimulator/ShieldActionExtension.build/Objects-normal/arm64/ShieldActionExtension.LinkFileList -install_name @rpath/ShieldActionExtension.debug.dylib -Xlinker -rpath -Xlinker /usr/lib/swift -Xlinker -rpath -Xlinker @executable_path/Frameworks -Xlinker -rpath -Xlinker @executable_path/../../Frameworks -dead_strip -Xlinker -object_path_lto -Xlinker /Users/shotaebi/Library/Developer/Xcode/DerivedData/ImpulseBlock-dewhddckbhxdqfclawzhypslvoim/Build/Intermediates.noindex/ImpulseBlock.build/Debug-iphonesimulator/ShieldActionExtension.build/Objects-normal/arm64/ShieldActionExtension_lto.o -rdynamic -Xlinker -no_deduplicate -Xlinker -objc_abi_version -Xlinker 2 -Xlinker -dependency_info -Xlinker /Users/shotaebi/Library/Developer/Xcode/DerivedData/ImpulseBlock-dewhddckbhxdqfclawzhypslvoim/Build/Intermediates.noindex/ImpulseBlock.build/Debug-iphonesimulator/ShieldActionExtension.build/Objects-normal/arm64/ShieldActionExtension_dependency_info.dat -fapplication-extension -fobjc-link-runtime -L/Applications/Xcode.app/Contents/Developer/Toolchains/XcodeDefault.xctoolchain/usr/lib/swift/iphonesimulator -L/usr/lib/swift -Xlinker -add_ast_path -Xlinker /Users/shotaebi/Library/Developer/Xcode/DerivedData/ImpulseBlock-dewhddckbhxdqfclawzhypslvoim/Build/Intermediates.noindex/ImpulseBlock.build/Debug-iphonesimulator/ShieldActionExtension.build/Objects-normal/arm64/ShieldActionExtension.swiftmodule @/Users/shotaebi/Library/Developer/Xcode/DerivedData/ImpulseBlock-dewhddckbhxdqfclawzhypslvoim/Build/Intermediates.noindex/ImpulseBlock.build/Debug-iphonesimulator/ShieldActionExtension.build/Objects-normal/arm64/ShieldActionExtension-linker-args.resp -Xlinker -alias -Xlinker _NSExtensionMain -Xlinker ___debug_main_executable_dylib_entry_point -framework FamilyControls -framework ManagedSettings -o /Users/shotaebi/Library/Developer/Xcode/DerivedData/ImpulseBlock-dewhddckbhxdqfclawzhypslvoim/Build/Intermediates.noindex/ImpulseBlock.build/Debug-iphonesimulator/ShieldActionExtension.build/Objects-normal/arm64/Binary/ShieldActionExtension.debug.dylib

ConstructStubExecutorLinkFileList /Users/shotaebi/Library/Developer/Xcode/DerivedData/ImpulseBlock-dewhddckbhxdqfclawzhypslvoim/Build/Intermediates.noindex/ImpulseBlock.build/Debug-iphonesimulator/ShieldConfigurationExtension.build/ShieldConfigurationExtension-ExecutorLinkFileList-normal-x86_64.txt (in target 'ShieldConfigurationExtension' from project 'ImpulseBlock')
    cd /Users/shotaebi/Desktop/projects/personal/vibecoding/pd-extension/mobile/ios
    construct-stub-executor-link-file-list /Users/shotaebi/Library/Developer/Xcode/DerivedData/ImpulseBlock-dewhddckbhxdqfclawzhypslvoim/Build/Intermediates.noindex/ImpulseBlock.build/Debug-iphonesimulator/ShieldConfigurationExtension.build/Objects-normal/x86_64/Binary/ShieldConfigurationExtension.debug.dylib /Applications/Xcode.app/Contents/Developer/Platforms/iPhoneSimulator.platform/Developer/usr/lib/libPreviewsJITStubExecutor_no_swift_entry_point.a /Applications/Xcode.app/Contents/Developer/Platforms/iPhoneSimulator.platform/Developer/usr/lib/libPreviewsJITStubExecutor.a --output /Users/shotaebi/Library/Developer/Xcode/DerivedData/ImpulseBlock-dewhddckbhxdqfclawzhypslvoim/Build/Intermediates.noindex/ImpulseBlock.build/Debug-iphonesimulator/ShieldConfigurationExtension.build/ShieldConfigurationExtension-ExecutorLinkFileList-normal-x86_64.txt
note: Using stub executor library without Swift entry point. (in target 'ShieldConfigurationExtension' from project 'ImpulseBlock')

Ld /Users/shotaebi/Library/Developer/Xcode/DerivedData/ImpulseBlock-dewhddckbhxdqfclawzhypslvoim/Build/Intermediates.noindex/ImpulseBlock.build/Debug-iphonesimulator/ShieldConfigurationExtension.build/Objects-normal/x86_64/Binary/ShieldConfigurationExtension normal x86_64 (in target 'ShieldConfigurationExtension' from project 'ImpulseBlock')
    cd /Users/shotaebi/Desktop/projects/personal/vibecoding/pd-extension/mobile/ios
    /Applications/Xcode.app/Contents/Developer/Toolchains/XcodeDefault.xctoolchain/usr/bin/clang -Xlinker -reproducible -target x86_64-apple-ios16.0-simulator -isysroot /Applications/Xcode.app/Contents/Developer/Platforms/iPhoneSimulator.platform/Developer/SDKs/iPhoneSimulator26.2.sdk -O0 -L/Users/shotaebi/Library/Developer/Xcode/DerivedData/ImpulseBlock-dewhddckbhxdqfclawzhypslvoim/Build/Products/Debug-iphonesimulator -F/Users/shotaebi/Library/Developer/Xcode/DerivedData/ImpulseBlock-dewhddckbhxdqfclawzhypslvoim/Build/Products/Debug-iphonesimulator -Xlinker -rpath -Xlinker @executable_path -Xlinker -rpath -Xlinker @executable_path/Frameworks -Xlinker -rpath -Xlinker @executable_path/../../Frameworks -rdynamic -Xlinker -no_deduplicate -Xlinker -objc_abi_version -Xlinker 2 -e ___debug_blank_executor_main -Xlinker -sectcreate -Xlinker __TEXT -Xlinker __debug_dylib -Xlinker /Users/shotaebi/Library/Developer/Xcode/DerivedData/ImpulseBlock-dewhddckbhxdqfclawzhypslvoim/Build/Intermediates.noindex/ImpulseBlock.build/Debug-iphonesimulator/ShieldConfigurationExtension.build/ShieldConfigurationExtension-DebugDylibPath-normal-x86_64.txt -Xlinker -sectcreate -Xlinker __TEXT -Xlinker __debug_entry -Xlinker /Users/shotaebi/Library/Developer/Xcode/DerivedData/ImpulseBlock-dewhddckbhxdqfclawzhypslvoim/Build/Intermediates.noindex/ImpulseBlock.build/Debug-iphonesimulator/ShieldConfigurationExtension.build/ShieldConfigurationExtension-DebugEntryPoint-normal-x86_64.txt -Xlinker -sectcreate -Xlinker __TEXT -Xlinker __debug_instlnm -Xlinker /Users/shotaebi/Library/Developer/Xcode/DerivedData/ImpulseBlock-dewhddckbhxdqfclawzhypslvoim/Build/Intermediates.noindex/ImpulseBlock.build/Debug-iphonesimulator/ShieldConfigurationExtension.build/ShieldConfigurationExtension-DebugDylibInstallName-normal-x86_64.txt -Xlinker -filelist -Xlinker /Users/shotaebi/Library/Developer/Xcode/DerivedData/ImpulseBlock-dewhddckbhxdqfclawzhypslvoim/Build/Intermediates.noindex/ImpulseBlock.build/Debug-iphonesimulator/ShieldConfigurationExtension.build/ShieldConfigurationExtension-ExecutorLinkFileList-normal-x86_64.txt /Users/shotaebi/Library/Developer/Xcode/DerivedData/ImpulseBlock-dewhddckbhxdqfclawzhypslvoim/Build/Intermediates.noindex/ImpulseBlock.build/Debug-iphonesimulator/ShieldConfigurationExtension.build/Objects-normal/x86_64/Binary/ShieldConfigurationExtension.debug.dylib -o /Users/shotaebi/Library/Developer/Xcode/DerivedData/ImpulseBlock-dewhddckbhxdqfclawzhypslvoim/Build/Intermediates.noindex/ImpulseBlock.build/Debug-iphonesimulator/ShieldConfigurationExtension.build/Objects-normal/x86_64/Binary/ShieldConfigurationExtension

ConstructStubExecutorLinkFileList /Users/shotaebi/Library/Developer/Xcode/DerivedData/ImpulseBlock-dewhddckbhxdqfclawzhypslvoim/Build/Intermediates.noindex/ImpulseBlock.build/Debug-iphonesimulator/ShieldActionExtension.build/ShieldActionExtension-ExecutorLinkFileList-normal-x86_64.txt (in target 'ShieldActionExtension' from project 'ImpulseBlock')
    cd /Users/shotaebi/Desktop/projects/personal/vibecoding/pd-extension/mobile/ios
    construct-stub-executor-link-file-list /Users/shotaebi/Library/Developer/Xcode/DerivedData/ImpulseBlock-dewhddckbhxdqfclawzhypslvoim/Build/Intermediates.noindex/ImpulseBlock.build/Debug-iphonesimulator/ShieldActionExtension.build/Objects-normal/x86_64/Binary/ShieldActionExtension.debug.dylib /Applications/Xcode.app/Contents/Developer/Platforms/iPhoneSimulator.platform/Developer/usr/lib/libPreviewsJITStubExecutor_no_swift_entry_point.a /Applications/Xcode.app/Contents/Developer/Platforms/iPhoneSimulator.platform/Developer/usr/lib/libPreviewsJITStubExecutor.a --output /Users/shotaebi/Library/Developer/Xcode/DerivedData/ImpulseBlock-dewhddckbhxdqfclawzhypslvoim/Build/Intermediates.noindex/ImpulseBlock.build/Debug-iphonesimulator/ShieldActionExtension.build/ShieldActionExtension-ExecutorLinkFileList-normal-x86_64.txt
note: Using stub executor library without Swift entry point. (in target 'ShieldActionExtension' from project 'ImpulseBlock')

Ld /Users/shotaebi/Library/Developer/Xcode/DerivedData/ImpulseBlock-dewhddckbhxdqfclawzhypslvoim/Build/Intermediates.noindex/ImpulseBlock.build/Debug-iphonesimulator/ShieldActionExtension.build/Objects-normal/x86_64/Binary/ShieldActionExtension normal x86_64 (in target 'ShieldActionExtension' from project 'ImpulseBlock')
    cd /Users/shotaebi/Desktop/projects/personal/vibecoding/pd-extension/mobile/ios
    /Applications/Xcode.app/Contents/Developer/Toolchains/XcodeDefault.xctoolchain/usr/bin/clang -Xlinker -reproducible -target x86_64-apple-ios16.0-simulator -isysroot /Applications/Xcode.app/Contents/Developer/Platforms/iPhoneSimulator.platform/Developer/SDKs/iPhoneSimulator26.2.sdk -O0 -L/Users/shotaebi/Library/Developer/Xcode/DerivedData/ImpulseBlock-dewhddckbhxdqfclawzhypslvoim/Build/Products/Debug-iphonesimulator -F/Users/shotaebi/Library/Developer/Xcode/DerivedData/ImpulseBlock-dewhddckbhxdqfclawzhypslvoim/Build/Products/Debug-iphonesimulator -Xlinker -rpath -Xlinker @executable_path -Xlinker -rpath -Xlinker @executable_path/Frameworks -Xlinker -rpath -Xlinker @executable_path/../../Frameworks -rdynamic -Xlinker -no_deduplicate -Xlinker -objc_abi_version -Xlinker 2 -e ___debug_blank_executor_main -Xlinker -sectcreate -Xlinker __TEXT -Xlinker __debug_dylib -Xlinker /Users/shotaebi/Library/Developer/Xcode/DerivedData/ImpulseBlock-dewhddckbhxdqfclawzhypslvoim/Build/Intermediates.noindex/ImpulseBlock.build/Debug-iphonesimulator/ShieldActionExtension.build/ShieldActionExtension-DebugDylibPath-normal-x86_64.txt -Xlinker -sectcreate -Xlinker __TEXT -Xlinker __debug_entry -Xlinker /Users/shotaebi/Library/Developer/Xcode/DerivedData/ImpulseBlock-dewhddckbhxdqfclawzhypslvoim/Build/Intermediates.noindex/ImpulseBlock.build/Debug-iphonesimulator/ShieldActionExtension.build/ShieldActionExtension-DebugEntryPoint-normal-x86_64.txt -Xlinker -sectcreate -Xlinker __TEXT -Xlinker __debug_instlnm -Xlinker /Users/shotaebi/Library/Developer/Xcode/DerivedData/ImpulseBlock-dewhddckbhxdqfclawzhypslvoim/Build/Intermediates.noindex/ImpulseBlock.build/Debug-iphonesimulator/ShieldActionExtension.build/ShieldActionExtension-DebugDylibInstallName-normal-x86_64.txt -Xlinker -filelist -Xlinker /Users/shotaebi/Library/Developer/Xcode/DerivedData/ImpulseBlock-dewhddckbhxdqfclawzhypslvoim/Build/Intermediates.noindex/ImpulseBlock.build/Debug-iphonesimulator/ShieldActionExtension.build/ShieldActionExtension-ExecutorLinkFileList-normal-x86_64.txt /Users/shotaebi/Library/Developer/Xcode/DerivedData/ImpulseBlock-dewhddckbhxdqfclawzhypslvoim/Build/Intermediates.noindex/ImpulseBlock.build/Debug-iphonesimulator/ShieldActionExtension.build/Objects-normal/x86_64/Binary/ShieldActionExtension.debug.dylib -o /Users/shotaebi/Library/Developer/Xcode/DerivedData/ImpulseBlock-dewhddckbhxdqfclawzhypslvoim/Build/Intermediates.noindex/ImpulseBlock.build/Debug-iphonesimulator/ShieldActionExtension.build/Objects-normal/x86_64/Binary/ShieldActionExtension

SwiftDriverJobDiscovery normal arm64 Compiling SharedStore.swift (in target 'DeviceActivityMonitorExtension' from project 'ImpulseBlock')

SwiftDriver\ Compilation DeviceActivityMonitorExtension normal arm64 com.apple.xcode.tools.swift.compiler (in target 'DeviceActivityMonitorExtension' from project 'ImpulseBlock')
    cd /Users/shotaebi/Desktop/projects/personal/vibecoding/pd-extension/mobile/ios
    builtin-Swift-Compilation -- /Applications/Xcode.app/Contents/Developer/Toolchains/XcodeDefault.xctoolchain/usr/bin/swiftc -module-name DeviceActivityMonitorExtension -Onone -enforce-exclusivity\=checked @/Users/shotaebi/Library/Developer/Xcode/DerivedData/ImpulseBlock-dewhddckbhxdqfclawzhypslvoim/Build/Intermediates.noindex/ImpulseBlock.build/Debug-iphonesimulator/DeviceActivityMonitorExtension.build/Objects-normal/arm64/DeviceActivityMonitorExtension.SwiftFileList -DDEBUG -enable-bare-slash-regex -enable-experimental-feature DebugDescriptionMacro -sdk /Applications/Xcode.app/Contents/Developer/Platforms/iPhoneSimulator.platform/Developer/SDKs/iPhoneSimulator26.2.sdk -target arm64-apple-ios16.0-simulator -g -module-cache-path /Users/shotaebi/Library/Developer/Xcode/DerivedData/ModuleCache.noindex -Xfrontend -serialize-debugging-options -application-extension -enable-testing -index-store-path /Users/shotaebi/Library/Developer/Xcode/DerivedData/ImpulseBlock-dewhddckbhxdqfclawzhypslvoim/Index.noindex/DataStore -Xcc -D_LIBCPP_HARDENING_MODE\=_LIBCPP_HARDENING_MODE_DEBUG -swift-version 5 -I /Users/shotaebi/Library/Developer/Xcode/DerivedData/ImpulseBlock-dewhddckbhxdqfclawzhypslvoim/Build/Products/Debug-iphonesimulator -F /Users/shotaebi/Library/Developer/Xcode/DerivedData/ImpulseBlock-dewhddckbhxdqfclawzhypslvoim/Build/Products/Debug-iphonesimulator -c -j14 -enable-batch-mode -incremental -Xcc -ivfsstatcache -Xcc /Users/shotaebi/Library/Developer/Xcode/DerivedData/SDKStatCaches.noindex/iphonesimulator26.2-23C57-7d00a8b37fbd7999ea79df8ebc024bf0.sdkstatcache -output-file-map /Users/shotaebi/Library/Developer/Xcode/DerivedData/ImpulseBlock-dewhddckbhxdqfclawzhypslvoim/Build/Intermediates.noindex/ImpulseBlock.build/Debug-iphonesimulator/DeviceActivityMonitorExtension.build/Objects-normal/arm64/DeviceActivityMonitorExtension-OutputFileMap.json -use-frontend-parseable-output -save-temps -no-color-diagnostics -explicit-module-build -module-cache-path /Users/shotaebi/Library/Developer/Xcode/DerivedData/ImpulseBlock-dewhddckbhxdqfclawzhypslvoim/Build/Intermediates.noindex/SwiftExplicitPrecompiledModules -clang-scanner-module-cache-path /Users/shotaebi/Library/Developer/Xcode/DerivedData/ModuleCache.noindex -sdk-module-cache-path /Users/shotaebi/Library/Developer/Xcode/DerivedData/ModuleCache.noindex -serialize-diagnostics -emit-dependencies -emit-module -emit-module-path /Users/shotaebi/Library/Developer/Xcode/DerivedData/ImpulseBlock-dewhddckbhxdqfclawzhypslvoim/Build/Intermediates.noindex/ImpulseBlock.build/Debug-iphonesimulator/DeviceActivityMonitorExtension.build/Objects-normal/arm64/DeviceActivityMonitorExtension.swiftmodule -validate-clang-modules-once -clang-build-session-file /Users/shotaebi/Library/Developer/Xcode/DerivedData/ModuleCache.noindex/Session.modulevalidation -Xcc -I/Users/shotaebi/Library/Developer/Xcode/DerivedData/ImpulseBlock-dewhddckbhxdqfclawzhypslvoim/Build/Intermediates.noindex/ImpulseBlock.build/Debug-iphonesimulator/DeviceActivityMonitorExtension.build/swift-overrides.hmap -emit-const-values -Xfrontend -const-gather-protocols-file -Xfrontend /Users/shotaebi/Library/Developer/Xcode/DerivedData/ImpulseBlock-dewhddckbhxdqfclawzhypslvoim/Build/Intermediates.noindex/ImpulseBlock.build/Debug-iphonesimulator/DeviceActivityMonitorExtension.build/Objects-normal/arm64/DeviceActivityMonitorExtension_const_extract_protocols.json -Xcc -iquote -Xcc /Users/shotaebi/Library/Developer/Xcode/DerivedData/ImpulseBlock-dewhddckbhxdqfclawzhypslvoim/Build/Intermediates.noindex/ImpulseBlock.build/Debug-iphonesimulator/DeviceActivityMonitorExtension.build/DeviceActivityMonitorExtension-generated-files.hmap -Xcc -I/Users/shotaebi/Library/Developer/Xcode/DerivedData/ImpulseBlock-dewhddckbhxdqfclawzhypslvoim/Build/Intermediates.noindex/ImpulseBlock.build/Debug-iphonesimulator/DeviceActivityMonitorExtension.build/DeviceActivityMonitorExtension-own-target-headers.hmap -Xcc -I/Users/shotaebi/Library/Developer/Xcode/DerivedData/ImpulseBlock-dewhddckbhxdqfclawzhypslvoim/Build/Intermediates.noindex/ImpulseBlock.build/Debug-iphonesimulator/DeviceActivityMonitorExtension.build/DeviceActivityMonitorExtension-all-target-headers.hmap -Xcc -iquote -Xcc /Users/shotaebi/Library/Developer/Xcode/DerivedData/ImpulseBlock-dewhddckbhxdqfclawzhypslvoim/Build/Intermediates.noindex/ImpulseBlock.build/Debug-iphonesimulator/DeviceActivityMonitorExtension.build/DeviceActivityMonitorExtension-project-headers.hmap -Xcc -I/Users/shotaebi/Library/Developer/Xcode/DerivedData/ImpulseBlock-dewhddckbhxdqfclawzhypslvoim/Build/Products/Debug-iphonesimulator/include -Xcc -I/Users/shotaebi/Library/Developer/Xcode/DerivedData/ImpulseBlock-dewhddckbhxdqfclawzhypslvoim/Build/Intermediates.noindex/ImpulseBlock.build/Debug-iphonesimulator/DeviceActivityMonitorExtension.build/DerivedSources-normal/arm64 -Xcc -I/Users/shotaebi/Library/Developer/Xcode/DerivedData/ImpulseBlock-dewhddckbhxdqfclawzhypslvoim/Build/Intermediates.noindex/ImpulseBlock.build/Debug-iphonesimulator/DeviceActivityMonitorExtension.build/DerivedSources/arm64 -Xcc -I/Users/shotaebi/Library/Developer/Xcode/DerivedData/ImpulseBlock-dewhddckbhxdqfclawzhypslvoim/Build/Intermediates.noindex/ImpulseBlock.build/Debug-iphonesimulator/DeviceActivityMonitorExtension.build/DerivedSources -Xcc -DDEBUG\=1 -emit-objc-header -emit-objc-header-path /Users/shotaebi/Library/Developer/Xcode/DerivedData/ImpulseBlock-dewhddckbhxdqfclawzhypslvoim/Build/Intermediates.noindex/ImpulseBlock.build/Debug-iphonesimulator/DeviceActivityMonitorExtension.build/Objects-normal/arm64/DeviceActivityMonitorExtension-Swift.h -working-directory /Users/shotaebi/Desktop/projects/personal/vibecoding/pd-extension/mobile/ios -experimental-emit-module-separately -disable-cmo

Ld /Users/shotaebi/Library/Developer/Xcode/DerivedData/ImpulseBlock-dewhddckbhxdqfclawzhypslvoim/Build/Intermediates.noindex/ImpulseBlock.build/Debug-iphonesimulator/DeviceActivityMonitorExtension.build/Objects-normal/arm64/Binary/DeviceActivityMonitorExtension.debug.dylib normal arm64 (in target 'DeviceActivityMonitorExtension' from project 'ImpulseBlock')
    cd /Users/shotaebi/Desktop/projects/personal/vibecoding/pd-extension/mobile/ios
    /Applications/Xcode.app/Contents/Developer/Toolchains/XcodeDefault.xctoolchain/usr/bin/clang -Xlinker -reproducible -target arm64-apple-ios16.0-simulator -dynamiclib -isysroot /Applications/Xcode.app/Contents/Developer/Platforms/iPhoneSimulator.platform/Developer/SDKs/iPhoneSimulator26.2.sdk -O0 -L/Users/shotaebi/Library/Developer/Xcode/DerivedData/ImpulseBlock-dewhddckbhxdqfclawzhypslvoim/Build/Intermediates.noindex/EagerLinkingTBDs/Debug-iphonesimulator -L/Users/shotaebi/Library/Developer/Xcode/DerivedData/ImpulseBlock-dewhddckbhxdqfclawzhypslvoim/Build/Products/Debug-iphonesimulator -F/Users/shotaebi/Library/Developer/Xcode/DerivedData/ImpulseBlock-dewhddckbhxdqfclawzhypslvoim/Build/Intermediates.noindex/EagerLinkingTBDs/Debug-iphonesimulator -F/Users/shotaebi/Library/Developer/Xcode/DerivedData/ImpulseBlock-dewhddckbhxdqfclawzhypslvoim/Build/Products/Debug-iphonesimulator -filelist /Users/shotaebi/Library/Developer/Xcode/DerivedData/ImpulseBlock-dewhddckbhxdqfclawzhypslvoim/Build/Intermediates.noindex/ImpulseBlock.build/Debug-iphonesimulator/DeviceActivityMonitorExtension.build/Objects-normal/arm64/DeviceActivityMonitorExtension.LinkFileList -install_name @rpath/DeviceActivityMonitorExtension.debug.dylib -Xlinker -rpath -Xlinker /usr/lib/swift -Xlinker -rpath -Xlinker @executable_path/Frameworks -Xlinker -rpath -Xlinker @executable_path/../../Frameworks -dead_strip -Xlinker -object_path_lto -Xlinker /Users/shotaebi/Library/Developer/Xcode/DerivedData/ImpulseBlock-dewhddckbhxdqfclawzhypslvoim/Build/Intermediates.noindex/ImpulseBlock.build/Debug-iphonesimulator/DeviceActivityMonitorExtension.build/Objects-normal/arm64/DeviceActivityMonitorExtension_lto.o -rdynamic -Xlinker -no_deduplicate -Xlinker -objc_abi_version -Xlinker 2 -Xlinker -dependency_info -Xlinker /Users/shotaebi/Library/Developer/Xcode/DerivedData/ImpulseBlock-dewhddckbhxdqfclawzhypslvoim/Build/Intermediates.noindex/ImpulseBlock.build/Debug-iphonesimulator/DeviceActivityMonitorExtension.build/Objects-normal/arm64/DeviceActivityMonitorExtension_dependency_info.dat -fapplication-extension -fobjc-link-runtime -L/Applications/Xcode.app/Contents/Developer/Toolchains/XcodeDefault.xctoolchain/usr/lib/swift/iphonesimulator -L/usr/lib/swift -Xlinker -add_ast_path -Xlinker /Users/shotaebi/Library/Developer/Xcode/DerivedData/ImpulseBlock-dewhddckbhxdqfclawzhypslvoim/Build/Intermediates.noindex/ImpulseBlock.build/Debug-iphonesimulator/DeviceActivityMonitorExtension.build/Objects-normal/arm64/DeviceActivityMonitorExtension.swiftmodule @/Users/shotaebi/Library/Developer/Xcode/DerivedData/ImpulseBlock-dewhddckbhxdqfclawzhypslvoim/Build/Intermediates.noindex/ImpulseBlock.build/Debug-iphonesimulator/DeviceActivityMonitorExtension.build/Objects-normal/arm64/DeviceActivityMonitorExtension-linker-args.resp -Xlinker -alias -Xlinker _NSExtensionMain -Xlinker ___debug_main_executable_dylib_entry_point -framework FamilyControls -framework ManagedSettings -framework DeviceActivity -o /Users/shotaebi/Library/Developer/Xcode/DerivedData/ImpulseBlock-dewhddckbhxdqfclawzhypslvoim/Build/Intermediates.noindex/ImpulseBlock.build/Debug-iphonesimulator/DeviceActivityMonitorExtension.build/Objects-normal/arm64/Binary/DeviceActivityMonitorExtension.debug.dylib

ConstructStubExecutorLinkFileList /Users/shotaebi/Library/Developer/Xcode/DerivedData/ImpulseBlock-dewhddckbhxdqfclawzhypslvoim/Build/Intermediates.noindex/ImpulseBlock.build/Debug-iphonesimulator/DeviceActivityMonitorExtension.build/DeviceActivityMonitorExtension-ExecutorLinkFileList-normal-x86_64.txt (in target 'DeviceActivityMonitorExtension' from project 'ImpulseBlock')
    cd /Users/shotaebi/Desktop/projects/personal/vibecoding/pd-extension/mobile/ios
    construct-stub-executor-link-file-list /Users/shotaebi/Library/Developer/Xcode/DerivedData/ImpulseBlock-dewhddckbhxdqfclawzhypslvoim/Build/Intermediates.noindex/ImpulseBlock.build/Debug-iphonesimulator/DeviceActivityMonitorExtension.build/Objects-normal/x86_64/Binary/DeviceActivityMonitorExtension.debug.dylib /Applications/Xcode.app/Contents/Developer/Platforms/iPhoneSimulator.platform/Developer/usr/lib/libPreviewsJITStubExecutor_no_swift_entry_point.a /Applications/Xcode.app/Contents/Developer/Platforms/iPhoneSimulator.platform/Developer/usr/lib/libPreviewsJITStubExecutor.a --output /Users/shotaebi/Library/Developer/Xcode/DerivedData/ImpulseBlock-dewhddckbhxdqfclawzhypslvoim/Build/Intermediates.noindex/ImpulseBlock.build/Debug-iphonesimulator/DeviceActivityMonitorExtension.build/DeviceActivityMonitorExtension-ExecutorLinkFileList-normal-x86_64.txt
note: Using stub executor library without Swift entry point. (in target 'DeviceActivityMonitorExtension' from project 'ImpulseBlock')

Ld /Users/shotaebi/Library/Developer/Xcode/DerivedData/ImpulseBlock-dewhddckbhxdqfclawzhypslvoim/Build/Intermediates.noindex/ImpulseBlock.build/Debug-iphonesimulator/DeviceActivityMonitorExtension.build/Objects-normal/x86_64/Binary/DeviceActivityMonitorExtension normal x86_64 (in target 'DeviceActivityMonitorExtension' from project 'ImpulseBlock')
    cd /Users/shotaebi/Desktop/projects/personal/vibecoding/pd-extension/mobile/ios
    /Applications/Xcode.app/Contents/Developer/Toolchains/XcodeDefault.xctoolchain/usr/bin/clang -Xlinker -reproducible -target x86_64-apple-ios16.0-simulator -isysroot /Applications/Xcode.app/Contents/Developer/Platforms/iPhoneSimulator.platform/Developer/SDKs/iPhoneSimulator26.2.sdk -O0 -L/Users/shotaebi/Library/Developer/Xcode/DerivedData/ImpulseBlock-dewhddckbhxdqfclawzhypslvoim/Build/Products/Debug-iphonesimulator -F/Users/shotaebi/Library/Developer/Xcode/DerivedData/ImpulseBlock-dewhddckbhxdqfclawzhypslvoim/Build/Products/Debug-iphonesimulator -Xlinker -rpath -Xlinker @executable_path -Xlinker -rpath -Xlinker @executable_path/Frameworks -Xlinker -rpath -Xlinker @executable_path/../../Frameworks -rdynamic -Xlinker -no_deduplicate -Xlinker -objc_abi_version -Xlinker 2 -e ___debug_blank_executor_main -Xlinker -sectcreate -Xlinker __TEXT -Xlinker __debug_dylib -Xlinker /Users/shotaebi/Library/Developer/Xcode/DerivedData/ImpulseBlock-dewhddckbhxdqfclawzhypslvoim/Build/Intermediates.noindex/ImpulseBlock.build/Debug-iphonesimulator/DeviceActivityMonitorExtension.build/DeviceActivityMonitorExtension-DebugDylibPath-normal-x86_64.txt -Xlinker -sectcreate -Xlinker __TEXT -Xlinker __debug_entry -Xlinker /Users/shotaebi/Library/Developer/Xcode/DerivedData/ImpulseBlock-dewhddckbhxdqfclawzhypslvoim/Build/Intermediates.noindex/ImpulseBlock.build/Debug-iphonesimulator/DeviceActivityMonitorExtension.build/DeviceActivityMonitorExtension-DebugEntryPoint-normal-x86_64.txt -Xlinker -sectcreate -Xlinker __TEXT -Xlinker __debug_instlnm -Xlinker /Users/shotaebi/Library/Developer/Xcode/DerivedData/ImpulseBlock-dewhddckbhxdqfclawzhypslvoim/Build/Intermediates.noindex/ImpulseBlock.build/Debug-iphonesimulator/DeviceActivityMonitorExtension.build/DeviceActivityMonitorExtension-DebugDylibInstallName-normal-x86_64.txt -Xlinker -filelist -Xlinker /Users/shotaebi/Library/Developer/Xcode/DerivedData/ImpulseBlock-dewhddckbhxdqfclawzhypslvoim/Build/Intermediates.noindex/ImpulseBlock.build/Debug-iphonesimulator/DeviceActivityMonitorExtension.build/DeviceActivityMonitorExtension-ExecutorLinkFileList-normal-x86_64.txt /Users/shotaebi/Library/Developer/Xcode/DerivedData/ImpulseBlock-dewhddckbhxdqfclawzhypslvoim/Build/Intermediates.noindex/ImpulseBlock.build/Debug-iphonesimulator/DeviceActivityMonitorExtension.build/Objects-normal/x86_64/Binary/DeviceActivityMonitorExtension.debug.dylib -o /Users/shotaebi/Library/Developer/Xcode/DerivedData/ImpulseBlock-dewhddckbhxdqfclawzhypslvoim/Build/Intermediates.noindex/ImpulseBlock.build/Debug-iphonesimulator/DeviceActivityMonitorExtension.build/Objects-normal/x86_64/Binary/DeviceActivityMonitorExtension

CreateUniversalBinary /Users/shotaebi/Library/Developer/Xcode/DerivedData/ImpulseBlock-dewhddckbhxdqfclawzhypslvoim/Build/Products/Debug-iphonesimulator/ShieldConfigurationExtension.appex/ShieldConfigurationExtension.debug.dylib normal arm64\ x86_64 (in target 'ShieldConfigurationExtension' from project 'ImpulseBlock')
    cd /Users/shotaebi/Desktop/projects/personal/vibecoding/pd-extension/mobile/ios
    /Applications/Xcode.app/Contents/Developer/Toolchains/XcodeDefault.xctoolchain/usr/bin/lipo -create /Users/shotaebi/Library/Developer/Xcode/DerivedData/ImpulseBlock-dewhddckbhxdqfclawzhypslvoim/Build/Intermediates.noindex/ImpulseBlock.build/Debug-iphonesimulator/ShieldConfigurationExtension.build/Objects-normal/arm64/Binary/ShieldConfigurationExtension.debug.dylib /Users/shotaebi/Library/Developer/Xcode/DerivedData/ImpulseBlock-dewhddckbhxdqfclawzhypslvoim/Build/Intermediates.noindex/ImpulseBlock.build/Debug-iphonesimulator/ShieldConfigurationExtension.build/Objects-normal/x86_64/Binary/ShieldConfigurationExtension.debug.dylib -output /Users/shotaebi/Library/Developer/Xcode/DerivedData/ImpulseBlock-dewhddckbhxdqfclawzhypslvoim/Build/Products/Debug-iphonesimulator/ShieldConfigurationExtension.appex/ShieldConfigurationExtension.debug.dylib

ConstructStubExecutorLinkFileList /Users/shotaebi/Library/Developer/Xcode/DerivedData/ImpulseBlock-dewhddckbhxdqfclawzhypslvoim/Build/Intermediates.noindex/ImpulseBlock.build/Debug-iphonesimulator/ShieldConfigurationExtension.build/ShieldConfigurationExtension-ExecutorLinkFileList-normal-arm64.txt (in target 'ShieldConfigurationExtension' from project 'ImpulseBlock')
    cd /Users/shotaebi/Desktop/projects/personal/vibecoding/pd-extension/mobile/ios
    construct-stub-executor-link-file-list /Users/shotaebi/Library/Developer/Xcode/DerivedData/ImpulseBlock-dewhddckbhxdqfclawzhypslvoim/Build/Intermediates.noindex/ImpulseBlock.build/Debug-iphonesimulator/ShieldConfigurationExtension.build/Objects-normal/arm64/Binary/ShieldConfigurationExtension.debug.dylib /Applications/Xcode.app/Contents/Developer/Platforms/iPhoneSimulator.platform/Developer/usr/lib/libPreviewsJITStubExecutor_no_swift_entry_point.a /Applications/Xcode.app/Contents/Developer/Platforms/iPhoneSimulator.platform/Developer/usr/lib/libPreviewsJITStubExecutor.a --output /Users/shotaebi/Library/Developer/Xcode/DerivedData/ImpulseBlock-dewhddckbhxdqfclawzhypslvoim/Build/Intermediates.noindex/ImpulseBlock.build/Debug-iphonesimulator/ShieldConfigurationExtension.build/ShieldConfigurationExtension-ExecutorLinkFileList-normal-arm64.txt
note: Using stub executor library without Swift entry point. (in target 'ShieldConfigurationExtension' from project 'ImpulseBlock')

Ld /Users/shotaebi/Library/Developer/Xcode/DerivedData/ImpulseBlock-dewhddckbhxdqfclawzhypslvoim/Build/Intermediates.noindex/ImpulseBlock.build/Debug-iphonesimulator/ShieldConfigurationExtension.build/Objects-normal/arm64/Binary/ShieldConfigurationExtension normal arm64 (in target 'ShieldConfigurationExtension' from project 'ImpulseBlock')
    cd /Users/shotaebi/Desktop/projects/personal/vibecoding/pd-extension/mobile/ios
    /Applications/Xcode.app/Contents/Developer/Toolchains/XcodeDefault.xctoolchain/usr/bin/clang -Xlinker -reproducible -target arm64-apple-ios16.0-simulator -isysroot /Applications/Xcode.app/Contents/Developer/Platforms/iPhoneSimulator.platform/Developer/SDKs/iPhoneSimulator26.2.sdk -O0 -L/Users/shotaebi/Library/Developer/Xcode/DerivedData/ImpulseBlock-dewhddckbhxdqfclawzhypslvoim/Build/Products/Debug-iphonesimulator -F/Users/shotaebi/Library/Developer/Xcode/DerivedData/ImpulseBlock-dewhddckbhxdqfclawzhypslvoim/Build/Products/Debug-iphonesimulator -Xlinker -rpath -Xlinker @executable_path -Xlinker -rpath -Xlinker @executable_path/Frameworks -Xlinker -rpath -Xlinker @executable_path/../../Frameworks -rdynamic -Xlinker -no_deduplicate -Xlinker -objc_abi_version -Xlinker 2 -e ___debug_blank_executor_main -Xlinker -sectcreate -Xlinker __TEXT -Xlinker __debug_dylib -Xlinker /Users/shotaebi/Library/Developer/Xcode/DerivedData/ImpulseBlock-dewhddckbhxdqfclawzhypslvoim/Build/Intermediates.noindex/ImpulseBlock.build/Debug-iphonesimulator/ShieldConfigurationExtension.build/ShieldConfigurationExtension-DebugDylibPath-normal-arm64.txt -Xlinker -sectcreate -Xlinker __TEXT -Xlinker __debug_entry -Xlinker /Users/shotaebi/Library/Developer/Xcode/DerivedData/ImpulseBlock-dewhddckbhxdqfclawzhypslvoim/Build/Intermediates.noindex/ImpulseBlock.build/Debug-iphonesimulator/ShieldConfigurationExtension.build/ShieldConfigurationExtension-DebugEntryPoint-normal-arm64.txt -Xlinker -sectcreate -Xlinker __TEXT -Xlinker __debug_instlnm -Xlinker /Users/shotaebi/Library/Developer/Xcode/DerivedData/ImpulseBlock-dewhddckbhxdqfclawzhypslvoim/Build/Intermediates.noindex/ImpulseBlock.build/Debug-iphonesimulator/ShieldConfigurationExtension.build/ShieldConfigurationExtension-DebugDylibInstallName-normal-arm64.txt -Xlinker -filelist -Xlinker /Users/shotaebi/Library/Developer/Xcode/DerivedData/ImpulseBlock-dewhddckbhxdqfclawzhypslvoim/Build/Intermediates.noindex/ImpulseBlock.build/Debug-iphonesimulator/ShieldConfigurationExtension.build/ShieldConfigurationExtension-ExecutorLinkFileList-normal-arm64.txt /Users/shotaebi/Library/Developer/Xcode/DerivedData/ImpulseBlock-dewhddckbhxdqfclawzhypslvoim/Build/Intermediates.noindex/ImpulseBlock.build/Debug-iphonesimulator/ShieldConfigurationExtension.build/Objects-normal/arm64/Binary/ShieldConfigurationExtension.debug.dylib -o /Users/shotaebi/Library/Developer/Xcode/DerivedData/ImpulseBlock-dewhddckbhxdqfclawzhypslvoim/Build/Intermediates.noindex/ImpulseBlock.build/Debug-iphonesimulator/ShieldConfigurationExtension.build/Objects-normal/arm64/Binary/ShieldConfigurationExtension

CreateUniversalBinary /Users/shotaebi/Library/Developer/Xcode/DerivedData/ImpulseBlock-dewhddckbhxdqfclawzhypslvoim/Build/Products/Debug-iphonesimulator/ShieldActionExtension.appex/ShieldActionExtension.debug.dylib normal arm64\ x86_64 (in target 'ShieldActionExtension' from project 'ImpulseBlock')
    cd /Users/shotaebi/Desktop/projects/personal/vibecoding/pd-extension/mobile/ios
    /Applications/Xcode.app/Contents/Developer/Toolchains/XcodeDefault.xctoolchain/usr/bin/lipo -create /Users/shotaebi/Library/Developer/Xcode/DerivedData/ImpulseBlock-dewhddckbhxdqfclawzhypslvoim/Build/Intermediates.noindex/ImpulseBlock.build/Debug-iphonesimulator/ShieldActionExtension.build/Objects-normal/arm64/Binary/ShieldActionExtension.debug.dylib /Users/shotaebi/Library/Developer/Xcode/DerivedData/ImpulseBlock-dewhddckbhxdqfclawzhypslvoim/Build/Intermediates.noindex/ImpulseBlock.build/Debug-iphonesimulator/ShieldActionExtension.build/Objects-normal/x86_64/Binary/ShieldActionExtension.debug.dylib -output /Users/shotaebi/Library/Developer/Xcode/DerivedData/ImpulseBlock-dewhddckbhxdqfclawzhypslvoim/Build/Products/Debug-iphonesimulator/ShieldActionExtension.appex/ShieldActionExtension.debug.dylib

ConstructStubExecutorLinkFileList /Users/shotaebi/Library/Developer/Xcode/DerivedData/ImpulseBlock-dewhddckbhxdqfclawzhypslvoim/Build/Intermediates.noindex/ImpulseBlock.build/Debug-iphonesimulator/ShieldActionExtension.build/ShieldActionExtension-ExecutorLinkFileList-normal-arm64.txt (in target 'ShieldActionExtension' from project 'ImpulseBlock')
    cd /Users/shotaebi/Desktop/projects/personal/vibecoding/pd-extension/mobile/ios
    construct-stub-executor-link-file-list /Users/shotaebi/Library/Developer/Xcode/DerivedData/ImpulseBlock-dewhddckbhxdqfclawzhypslvoim/Build/Intermediates.noindex/ImpulseBlock.build/Debug-iphonesimulator/ShieldActionExtension.build/Objects-normal/arm64/Binary/ShieldActionExtension.debug.dylib /Applications/Xcode.app/Contents/Developer/Platforms/iPhoneSimulator.platform/Developer/usr/lib/libPreviewsJITStubExecutor_no_swift_entry_point.a /Applications/Xcode.app/Contents/Developer/Platforms/iPhoneSimulator.platform/Developer/usr/lib/libPreviewsJITStubExecutor.a --output /Users/shotaebi/Library/Developer/Xcode/DerivedData/ImpulseBlock-dewhddckbhxdqfclawzhypslvoim/Build/Intermediates.noindex/ImpulseBlock.build/Debug-iphonesimulator/ShieldActionExtension.build/ShieldActionExtension-ExecutorLinkFileList-normal-arm64.txt
note: Using stub executor library without Swift entry point. (in target 'ShieldActionExtension' from project 'ImpulseBlock')

Ld /Users/shotaebi/Library/Developer/Xcode/DerivedData/ImpulseBlock-dewhddckbhxdqfclawzhypslvoim/Build/Intermediates.noindex/ImpulseBlock.build/Debug-iphonesimulator/ShieldActionExtension.build/Objects-normal/arm64/Binary/ShieldActionExtension normal arm64 (in target 'ShieldActionExtension' from project 'ImpulseBlock')
    cd /Users/shotaebi/Desktop/projects/personal/vibecoding/pd-extension/mobile/ios
    /Applications/Xcode.app/Contents/Developer/Toolchains/XcodeDefault.xctoolchain/usr/bin/clang -Xlinker -reproducible -target arm64-apple-ios16.0-simulator -isysroot /Applications/Xcode.app/Contents/Developer/Platforms/iPhoneSimulator.platform/Developer/SDKs/iPhoneSimulator26.2.sdk -O0 -L/Users/shotaebi/Library/Developer/Xcode/DerivedData/ImpulseBlock-dewhddckbhxdqfclawzhypslvoim/Build/Products/Debug-iphonesimulator -F/Users/shotaebi/Library/Developer/Xcode/DerivedData/ImpulseBlock-dewhddckbhxdqfclawzhypslvoim/Build/Products/Debug-iphonesimulator -Xlinker -rpath -Xlinker @executable_path -Xlinker -rpath -Xlinker @executable_path/Frameworks -Xlinker -rpath -Xlinker @executable_path/../../Frameworks -rdynamic -Xlinker -no_deduplicate -Xlinker -objc_abi_version -Xlinker 2 -e ___debug_blank_executor_main -Xlinker -sectcreate -Xlinker __TEXT -Xlinker __debug_dylib -Xlinker /Users/shotaebi/Library/Developer/Xcode/DerivedData/ImpulseBlock-dewhddckbhxdqfclawzhypslvoim/Build/Intermediates.noindex/ImpulseBlock.build/Debug-iphonesimulator/ShieldActionExtension.build/ShieldActionExtension-DebugDylibPath-normal-arm64.txt -Xlinker -sectcreate -Xlinker __TEXT -Xlinker __debug_entry -Xlinker /Users/shotaebi/Library/Developer/Xcode/DerivedData/ImpulseBlock-dewhddckbhxdqfclawzhypslvoim/Build/Intermediates.noindex/ImpulseBlock.build/Debug-iphonesimulator/ShieldActionExtension.build/ShieldActionExtension-DebugEntryPoint-normal-arm64.txt -Xlinker -sectcreate -Xlinker __TEXT -Xlinker __debug_instlnm -Xlinker /Users/shotaebi/Library/Developer/Xcode/DerivedData/ImpulseBlock-dewhddckbhxdqfclawzhypslvoim/Build/Intermediates.noindex/ImpulseBlock.build/Debug-iphonesimulator/ShieldActionExtension.build/ShieldActionExtension-DebugDylibInstallName-normal-arm64.txt -Xlinker -filelist -Xlinker /Users/shotaebi/Library/Developer/Xcode/DerivedData/ImpulseBlock-dewhddckbhxdqfclawzhypslvoim/Build/Intermediates.noindex/ImpulseBlock.build/Debug-iphonesimulator/ShieldActionExtension.build/ShieldActionExtension-ExecutorLinkFileList-normal-arm64.txt /Users/shotaebi/Library/Developer/Xcode/DerivedData/ImpulseBlock-dewhddckbhxdqfclawzhypslvoim/Build/Intermediates.noindex/ImpulseBlock.build/Debug-iphonesimulator/ShieldActionExtension.build/Objects-normal/arm64/Binary/ShieldActionExtension.debug.dylib -o /Users/shotaebi/Library/Developer/Xcode/DerivedData/ImpulseBlock-dewhddckbhxdqfclawzhypslvoim/Build/Intermediates.noindex/ImpulseBlock.build/Debug-iphonesimulator/ShieldActionExtension.build/Objects-normal/arm64/Binary/ShieldActionExtension

CreateUniversalBinary /Users/shotaebi/Library/Developer/Xcode/DerivedData/ImpulseBlock-dewhddckbhxdqfclawzhypslvoim/Build/Products/Debug-iphonesimulator/ShieldConfigurationExtension.appex/ShieldConfigurationExtension normal arm64\ x86_64 (in target 'ShieldConfigurationExtension' from project 'ImpulseBlock')
    cd /Users/shotaebi/Desktop/projects/personal/vibecoding/pd-extension/mobile/ios
    /Applications/Xcode.app/Contents/Developer/Toolchains/XcodeDefault.xctoolchain/usr/bin/lipo -create /Users/shotaebi/Library/Developer/Xcode/DerivedData/ImpulseBlock-dewhddckbhxdqfclawzhypslvoim/Build/Intermediates.noindex/ImpulseBlock.build/Debug-iphonesimulator/ShieldConfigurationExtension.build/Objects-normal/arm64/Binary/ShieldConfigurationExtension /Users/shotaebi/Library/Developer/Xcode/DerivedData/ImpulseBlock-dewhddckbhxdqfclawzhypslvoim/Build/Intermediates.noindex/ImpulseBlock.build/Debug-iphonesimulator/ShieldConfigurationExtension.build/Objects-normal/x86_64/Binary/ShieldConfigurationExtension -output /Users/shotaebi/Library/Developer/Xcode/DerivedData/ImpulseBlock-dewhddckbhxdqfclawzhypslvoim/Build/Products/Debug-iphonesimulator/ShieldConfigurationExtension.appex/ShieldConfigurationExtension

ExtractAppIntentsMetadata (in target 'ShieldConfigurationExtension' from project 'ImpulseBlock')
    cd /Users/shotaebi/Desktop/projects/personal/vibecoding/pd-extension/mobile/ios
    /Applications/Xcode.app/Contents/Developer/Toolchains/XcodeDefault.xctoolchain/usr/bin/appintentsmetadataprocessor --toolchain-dir /Applications/Xcode.app/Contents/Developer/Toolchains/XcodeDefault.xctoolchain --module-name ShieldConfigurationExtension --sdk-root /Applications/Xcode.app/Contents/Developer/Platforms/iPhoneSimulator.platform/Developer/SDKs/iPhoneSimulator26.2.sdk --xcode-version 17C529 --platform-family iOS --deployment-target 16.0 --bundle-identifier com.example.impulseblock.shieldconfig --output /Users/shotaebi/Library/Developer/Xcode/DerivedData/ImpulseBlock-dewhddckbhxdqfclawzhypslvoim/Build/Products/Debug-iphonesimulator/ShieldConfigurationExtension.appex --target-triple arm64-apple-ios16.0-simulator --target-triple x86_64-apple-ios16.0-simulator --binary-file /Users/shotaebi/Library/Developer/Xcode/DerivedData/ImpulseBlock-dewhddckbhxdqfclawzhypslvoim/Build/Products/Debug-iphonesimulator/ShieldConfigurationExtension.appex/ShieldConfigurationExtension --dependency-file /Users/shotaebi/Library/Developer/Xcode/DerivedData/ImpulseBlock-dewhddckbhxdqfclawzhypslvoim/Build/Intermediates.noindex/ImpulseBlock.build/Debug-iphonesimulator/ShieldConfigurationExtension.build/Objects-normal/arm64/ShieldConfigurationExtension_dependency_info.dat --dependency-file /Users/shotaebi/Library/Developer/Xcode/DerivedData/ImpulseBlock-dewhddckbhxdqfclawzhypslvoim/Build/Intermediates.noindex/ImpulseBlock.build/Debug-iphonesimulator/ShieldConfigurationExtension.build/Objects-normal/x86_64/ShieldConfigurationExtension_dependency_info.dat --stringsdata-file /Users/shotaebi/Library/Developer/Xcode/DerivedData/ImpulseBlock-dewhddckbhxdqfclawzhypslvoim/Build/Intermediates.noindex/ImpulseBlock.build/Debug-iphonesimulator/ShieldConfigurationExtension.build/Objects-normal/arm64/ExtractedAppShortcutsMetadata.stringsdata --stringsdata-file /Users/shotaebi/Library/Developer/Xcode/DerivedData/ImpulseBlock-dewhddckbhxdqfclawzhypslvoim/Build/Intermediates.noindex/ImpulseBlock.build/Debug-iphonesimulator/ShieldConfigurationExtension.build/Objects-normal/x86_64/ExtractedAppShortcutsMetadata.stringsdata --source-file-list /Users/shotaebi/Library/Developer/Xcode/DerivedData/ImpulseBlock-dewhddckbhxdqfclawzhypslvoim/Build/Intermediates.noindex/ImpulseBlock.build/Debug-iphonesimulator/ShieldConfigurationExtension.build/Objects-normal/arm64/ShieldConfigurationExtension.SwiftFileList --source-file-list /Users/shotaebi/Library/Developer/Xcode/DerivedData/ImpulseBlock-dewhddckbhxdqfclawzhypslvoim/Build/Intermediates.noindex/ImpulseBlock.build/Debug-iphonesimulator/ShieldConfigurationExtension.build/Objects-normal/x86_64/ShieldConfigurationExtension.SwiftFileList --metadata-file-list /Users/shotaebi/Library/Developer/Xcode/DerivedData/ImpulseBlock-dewhddckbhxdqfclawzhypslvoim/Build/Intermediates.noindex/ImpulseBlock.build/Debug-iphonesimulator/ShieldConfigurationExtension.build/ShieldConfigurationExtension.DependencyMetadataFileList --static-metadata-file-list /Users/shotaebi/Library/Developer/Xcode/DerivedData/ImpulseBlock-dewhddckbhxdqfclawzhypslvoim/Build/Intermediates.noindex/ImpulseBlock.build/Debug-iphonesimulator/ShieldConfigurationExtension.build/ShieldConfigurationExtension.DependencyStaticMetadataFileList --swift-const-vals-list /Users/shotaebi/Library/Developer/Xcode/DerivedData/ImpulseBlock-dewhddckbhxdqfclawzhypslvoim/Build/Intermediates.noindex/ImpulseBlock.build/Debug-iphonesimulator/ShieldConfigurationExtension.build/Objects-normal/arm64/ShieldConfigurationExtension.SwiftConstValuesFileList --swift-const-vals-list /Users/shotaebi/Library/Developer/Xcode/DerivedData/ImpulseBlock-dewhddckbhxdqfclawzhypslvoim/Build/Intermediates.noindex/ImpulseBlock.build/Debug-iphonesimulator/ShieldConfigurationExtension.build/Objects-normal/x86_64/ShieldConfigurationExtension.SwiftConstValuesFileList --compile-time-extraction --deployment-aware-processing --validate-assistant-intents --no-app-shortcuts-localization
2026-07-27 08:10:02.526 appintentsmetadataprocessor[92003:3241800] Starting appintentsmetadataprocessor export
2026-07-27 08:10:02.528 appintentsmetadataprocessor[92003:3241800] warning: Metadata extraction skipped. No AppIntents.framework dependency found.

CreateUniversalBinary /Users/shotaebi/Library/Developer/Xcode/DerivedData/ImpulseBlock-dewhddckbhxdqfclawzhypslvoim/Build/Products/Debug-iphonesimulator/ShieldActionExtension.appex/ShieldActionExtension normal arm64\ x86_64 (in target 'ShieldActionExtension' from project 'ImpulseBlock')
    cd /Users/shotaebi/Desktop/projects/personal/vibecoding/pd-extension/mobile/ios
    /Applications/Xcode.app/Contents/Developer/Toolchains/XcodeDefault.xctoolchain/usr/bin/lipo -create /Users/shotaebi/Library/Developer/Xcode/DerivedData/ImpulseBlock-dewhddckbhxdqfclawzhypslvoim/Build/Intermediates.noindex/ImpulseBlock.build/Debug-iphonesimulator/ShieldActionExtension.build/Objects-normal/arm64/Binary/ShieldActionExtension /Users/shotaebi/Library/Developer/Xcode/DerivedData/ImpulseBlock-dewhddckbhxdqfclawzhypslvoim/Build/Intermediates.noindex/ImpulseBlock.build/Debug-iphonesimulator/ShieldActionExtension.build/Objects-normal/x86_64/Binary/ShieldActionExtension -output /Users/shotaebi/Library/Developer/Xcode/DerivedData/ImpulseBlock-dewhddckbhxdqfclawzhypslvoim/Build/Products/Debug-iphonesimulator/ShieldActionExtension.appex/ShieldActionExtension

ExtractAppIntentsMetadata (in target 'ShieldActionExtension' from project 'ImpulseBlock')
    cd /Users/shotaebi/Desktop/projects/personal/vibecoding/pd-extension/mobile/ios
    /Applications/Xcode.app/Contents/Developer/Toolchains/XcodeDefault.xctoolchain/usr/bin/appintentsmetadataprocessor --toolchain-dir /Applications/Xcode.app/Contents/Developer/Toolchains/XcodeDefault.xctoolchain --module-name ShieldActionExtension --sdk-root /Applications/Xcode.app/Contents/Developer/Platforms/iPhoneSimulator.platform/Developer/SDKs/iPhoneSimulator26.2.sdk --xcode-version 17C529 --platform-family iOS --deployment-target 16.0 --bundle-identifier com.example.impulseblock.shieldaction --output /Users/shotaebi/Library/Developer/Xcode/DerivedData/ImpulseBlock-dewhddckbhxdqfclawzhypslvoim/Build/Products/Debug-iphonesimulator/ShieldActionExtension.appex --target-triple arm64-apple-ios16.0-simulator --target-triple x86_64-apple-ios16.0-simulator --binary-file /Users/shotaebi/Library/Developer/Xcode/DerivedData/ImpulseBlock-dewhddckbhxdqfclawzhypslvoim/Build/Products/Debug-iphonesimulator/ShieldActionExtension.appex/ShieldActionExtension --dependency-file /Users/shotaebi/Library/Developer/Xcode/DerivedData/ImpulseBlock-dewhddckbhxdqfclawzhypslvoim/Build/Intermediates.noindex/ImpulseBlock.build/Debug-iphonesimulator/ShieldActionExtension.build/Objects-normal/arm64/ShieldActionExtension_dependency_info.dat --dependency-file /Users/shotaebi/Library/Developer/Xcode/DerivedData/ImpulseBlock-dewhddckbhxdqfclawzhypslvoim/Build/Intermediates.noindex/ImpulseBlock.build/Debug-iphonesimulator/ShieldActionExtension.build/Objects-normal/x86_64/ShieldActionExtension_dependency_info.dat --stringsdata-file /Users/shotaebi/Library/Developer/Xcode/DerivedData/ImpulseBlock-dewhddckbhxdqfclawzhypslvoim/Build/Intermediates.noindex/ImpulseBlock.build/Debug-iphonesimulator/ShieldActionExtension.build/Objects-normal/arm64/ExtractedAppShortcutsMetadata.stringsdata --stringsdata-file /Users/shotaebi/Library/Developer/Xcode/DerivedData/ImpulseBlock-dewhddckbhxdqfclawzhypslvoim/Build/Intermediates.noindex/ImpulseBlock.build/Debug-iphonesimulator/ShieldActionExtension.build/Objects-normal/x86_64/ExtractedAppShortcutsMetadata.stringsdata --source-file-list /Users/shotaebi/Library/Developer/Xcode/DerivedData/ImpulseBlock-dewhddckbhxdqfclawzhypslvoim/Build/Intermediates.noindex/ImpulseBlock.build/Debug-iphonesimulator/ShieldActionExtension.build/Objects-normal/arm64/ShieldActionExtension.SwiftFileList --source-file-list /Users/shotaebi/Library/Developer/Xcode/DerivedData/ImpulseBlock-dewhddckbhxdqfclawzhypslvoim/Build/Intermediates.noindex/ImpulseBlock.build/Debug-iphonesimulator/ShieldActionExtension.build/Objects-normal/x86_64/ShieldActionExtension.SwiftFileList --metadata-file-list /Users/shotaebi/Library/Developer/Xcode/DerivedData/ImpulseBlock-dewhddckbhxdqfclawzhypslvoim/Build/Intermediates.noindex/ImpulseBlock.build/Debug-iphonesimulator/ShieldActionExtension.build/ShieldActionExtension.DependencyMetadataFileList --static-metadata-file-list /Users/shotaebi/Library/Developer/Xcode/DerivedData/ImpulseBlock-dewhddckbhxdqfclawzhypslvoim/Build/Intermediates.noindex/ImpulseBlock.build/Debug-iphonesimulator/ShieldActionExtension.build/ShieldActionExtension.DependencyStaticMetadataFileList --swift-const-vals-list /Users/shotaebi/Library/Developer/Xcode/DerivedData/ImpulseBlock-dewhddckbhxdqfclawzhypslvoim/Build/Intermediates.noindex/ImpulseBlock.build/Debug-iphonesimulator/ShieldActionExtension.build/Objects-normal/arm64/ShieldActionExtension.SwiftConstValuesFileList --swift-const-vals-list /Users/shotaebi/Library/Developer/Xcode/DerivedData/ImpulseBlock-dewhddckbhxdqfclawzhypslvoim/Build/Intermediates.noindex/ImpulseBlock.build/Debug-iphonesimulator/ShieldActionExtension.build/Objects-normal/x86_64/ShieldActionExtension.SwiftConstValuesFileList --compile-time-extraction --deployment-aware-processing --validate-assistant-intents --no-app-shortcuts-localization
2026-07-27 08:10:02.526 appintentsmetadataprocessor[92005:3241810] Starting appintentsmetadataprocessor export
2026-07-27 08:10:02.528 appintentsmetadataprocessor[92005:3241810] warning: Metadata extraction skipped. No AppIntents.framework dependency found.

SwiftExplicitDependencyGeneratePcm arm64 /Users/shotaebi/Library/Developer/Xcode/DerivedData/ModuleCache.noindex/_SwiftConcurrencyShims-1F99DQAJ5N4X3B8SVALXO94HW.pcm

SwiftExplicitDependencyGeneratePcm arm64 /Users/shotaebi/Library/Developer/Xcode/DerivedData/ModuleCache.noindex/_Builtin_stddef-ANOBU0G7GN7OK6JR41VJ7FWDG.pcm

SwiftExplicitDependencyGeneratePcm arm64 /Users/shotaebi/Library/Developer/Xcode/DerivedData/ModuleCache.noindex/ptrcheck-AD7BWGC0H5ABFFV5XDQ38SC1.pcm

SwiftExplicitDependencyGeneratePcm arm64 /Users/shotaebi/Library/Developer/Xcode/DerivedData/ModuleCache.noindex/_Builtin_float-3IHNXMA5FD8F9MMNDE0F2Z9QI.pcm

SwiftExplicitDependencyGeneratePcm arm64 /Users/shotaebi/Library/Developer/Xcode/DerivedData/ModuleCache.noindex/_AvailabilityInternal-R6RJ4CK5KGF4II0WWIBQ2SAU.pcm

SwiftExplicitDependencyGeneratePcm arm64 /Users/shotaebi/Library/Developer/Xcode/DerivedData/ModuleCache.noindex/SwiftShims-3H4MXR088RON9JPFQD37H4HMG.pcm

SwiftExplicitDependencyGeneratePcm arm64 /Users/shotaebi/Library/Developer/Xcode/DerivedData/ModuleCache.noindex/DeveloperToolsSupport-D24ROIEGJEFVIZ1MC5UUL20Y8.pcm

SwiftExplicitDependencyGeneratePcm arm64 /Users/shotaebi/Library/Developer/Xcode/DerivedData/ModuleCache.noindex/_Builtin_stdbool-120CS2SLQXGGQ06QBLPTZ2IXN.pcm

SwiftExplicitDependencyGeneratePcm arm64 /Users/shotaebi/Library/Developer/Xcode/DerivedData/ModuleCache.noindex/_Builtin_stdarg-C1S8KB7NXFRG7S19EGY09M6SV.pcm

SwiftExplicitDependencyGeneratePcm arm64 /Users/shotaebi/Library/Developer/Xcode/DerivedData/ModuleCache.noindex/ptrauth-48LF599B148KO07S39EZHIHF3.pcm

SwiftExplicitDependencyGeneratePcm x86_64 /Users/shotaebi/Library/Developer/Xcode/DerivedData/ModuleCache.noindex/_AvailabilityInternal-E8EVXTY676PODZD4S31SRQD0K.pcm

SwiftExplicitDependencyGeneratePcm x86_64 /Users/shotaebi/Library/Developer/Xcode/DerivedData/ModuleCache.noindex/_Builtin_stddef-EXFELMAJV4RL0GM14DDM00ODQ.pcm

SwiftExplicitDependencyGeneratePcm x86_64 /Users/shotaebi/Library/Developer/Xcode/DerivedData/ModuleCache.noindex/_Builtin_stdarg-6FGLW2XR8Q2MH87TNI8MH07AF.pcm

SwiftExplicitDependencyGeneratePcm x86_64 /Users/shotaebi/Library/Developer/Xcode/DerivedData/ModuleCache.noindex/SwiftShims-72T7N96WRQ7VDM983H8RK8C9O.pcm

SwiftExplicitDependencyGeneratePcm x86_64 /Users/shotaebi/Library/Developer/Xcode/DerivedData/ModuleCache.noindex/ptrauth-C9ZJNSFYGUVQ134MNOQ3EXM0J.pcm

SwiftExplicitDependencyGeneratePcm x86_64 /Users/shotaebi/Library/Developer/Xcode/DerivedData/ModuleCache.noindex/DeveloperToolsSupport-9THOZIQVU8GMZ46TNLXSQZ7N8.pcm

SwiftExplicitDependencyGeneratePcm x86_64 /Users/shotaebi/Library/Developer/Xcode/DerivedData/ModuleCache.noindex/_SwiftConcurrencyShims-86CABKY46YBM352XRSDBF9BYK.pcm

SwiftExplicitDependencyGeneratePcm x86_64 /Users/shotaebi/Library/Developer/Xcode/DerivedData/ModuleCache.noindex/_Builtin_float-EVPC5LG9G8QI20INJP59GLXSJ.pcm

SwiftExplicitDependencyGeneratePcm x86_64 /Users/shotaebi/Library/Developer/Xcode/DerivedData/ModuleCache.noindex/ptrcheck-D750OESVZT5ZQS6CFJUBVZ7IC.pcm

SwiftExplicitDependencyGeneratePcm arm64 /Users/shotaebi/Library/Developer/Xcode/DerivedData/ModuleCache.noindex/_DarwinFoundation1-RFLB9WAY8Z47LB0DBFGI7RFL.pcm

SwiftExplicitDependencyGeneratePcm x86_64 /Users/shotaebi/Library/Developer/Xcode/DerivedData/ModuleCache.noindex/_Builtin_stdbool-EIYDFBM8R7RTY327FUP7HIOOH.pcm

AppIntentsSSUTraining (in target 'ShieldConfigurationExtension' from project 'ImpulseBlock')
    cd /Users/shotaebi/Desktop/projects/personal/vibecoding/pd-extension/mobile/ios
    /Applications/Xcode.app/Contents/Developer/Toolchains/XcodeDefault.xctoolchain/usr/bin/appintentsnltrainingprocessor --infoplist-path /Users/shotaebi/Library/Developer/Xcode/DerivedData/ImpulseBlock-dewhddckbhxdqfclawzhypslvoim/Build/Products/Debug-iphonesimulator/ShieldConfigurationExtension.appex/Info.plist --temp-dir-path /Users/shotaebi/Library/Developer/Xcode/DerivedData/ImpulseBlock-dewhddckbhxdqfclawzhypslvoim/Build/Intermediates.noindex/ImpulseBlock.build/Debug-iphonesimulator/ShieldConfigurationExtension.build/ssu --bundle-id com.example.impulseblock.shieldconfig --product-path /Users/shotaebi/Library/Developer/Xcode/DerivedData/ImpulseBlock-dewhddckbhxdqfclawzhypslvoim/Build/Products/Debug-iphonesimulator/ShieldConfigurationExtension.appex --extracted-metadata-path /Users/shotaebi/Library/Developer/Xcode/DerivedData/ImpulseBlock-dewhddckbhxdqfclawzhypslvoim/Build/Products/Debug-iphonesimulator/ShieldConfigurationExtension.appex/Metadata.appintents --metadata-file-list /Users/shotaebi/Library/Developer/Xcode/DerivedData/ImpulseBlock-dewhddckbhxdqfclawzhypslvoim/Build/Intermediates.noindex/ImpulseBlock.build/Debug-iphonesimulator/ShieldConfigurationExtension.build/ShieldConfigurationExtension.DependencyMetadataFileList --archive-ssu-assets
2026-07-27 08:10:02.621 appintentsnltrainingprocessor[92027:3241853] Parsing options for appintentsnltrainingprocessor
2026-07-27 08:10:02.622 appintentsnltrainingprocessor[92027:3241853] No AppShortcuts found - Skipping.

AppIntentsSSUTraining (in target 'ShieldActionExtension' from project 'ImpulseBlock')
    cd /Users/shotaebi/Desktop/projects/personal/vibecoding/pd-extension/mobile/ios
    /Applications/Xcode.app/Contents/Developer/Toolchains/XcodeDefault.xctoolchain/usr/bin/appintentsnltrainingprocessor --infoplist-path /Users/shotaebi/Library/Developer/Xcode/DerivedData/ImpulseBlock-dewhddckbhxdqfclawzhypslvoim/Build/Products/Debug-iphonesimulator/ShieldActionExtension.appex/Info.plist --temp-dir-path /Users/shotaebi/Library/Developer/Xcode/DerivedData/ImpulseBlock-dewhddckbhxdqfclawzhypslvoim/Build/Intermediates.noindex/ImpulseBlock.build/Debug-iphonesimulator/ShieldActionExtension.build/ssu --bundle-id com.example.impulseblock.shieldaction --product-path /Users/shotaebi/Library/Developer/Xcode/DerivedData/ImpulseBlock-dewhddckbhxdqfclawzhypslvoim/Build/Products/Debug-iphonesimulator/ShieldActionExtension.appex --extracted-metadata-path /Users/shotaebi/Library/Developer/Xcode/DerivedData/ImpulseBlock-dewhddckbhxdqfclawzhypslvoim/Build/Products/Debug-iphonesimulator/ShieldActionExtension.appex/Metadata.appintents --metadata-file-list /Users/shotaebi/Library/Developer/Xcode/DerivedData/ImpulseBlock-dewhddckbhxdqfclawzhypslvoim/Build/Intermediates.noindex/ImpulseBlock.build/Debug-iphonesimulator/ShieldActionExtension.build/ShieldActionExtension.DependencyMetadataFileList --archive-ssu-assets
2026-07-27 08:10:02.622 appintentsnltrainingprocessor[92028:3241856] Parsing options for appintentsnltrainingprocessor
2026-07-27 08:10:02.622 appintentsnltrainingprocessor[92028:3241856] No AppShortcuts found - Skipping.

CreateUniversalBinary /Users/shotaebi/Library/Developer/Xcode/DerivedData/ImpulseBlock-dewhddckbhxdqfclawzhypslvoim/Build/Products/Debug-iphonesimulator/DeviceActivityMonitorExtension.appex/DeviceActivityMonitorExtension.debug.dylib normal arm64\ x86_64 (in target 'DeviceActivityMonitorExtension' from project 'ImpulseBlock')
    cd /Users/shotaebi/Desktop/projects/personal/vibecoding/pd-extension/mobile/ios
    /Applications/Xcode.app/Contents/Developer/Toolchains/XcodeDefault.xctoolchain/usr/bin/lipo -create /Users/shotaebi/Library/Developer/Xcode/DerivedData/ImpulseBlock-dewhddckbhxdqfclawzhypslvoim/Build/Intermediates.noindex/ImpulseBlock.build/Debug-iphonesimulator/DeviceActivityMonitorExtension.build/Objects-normal/arm64/Binary/DeviceActivityMonitorExtension.debug.dylib /Users/shotaebi/Library/Developer/Xcode/DerivedData/ImpulseBlock-dewhddckbhxdqfclawzhypslvoim/Build/Intermediates.noindex/ImpulseBlock.build/Debug-iphonesimulator/DeviceActivityMonitorExtension.build/Objects-normal/x86_64/Binary/DeviceActivityMonitorExtension.debug.dylib -output /Users/shotaebi/Library/Developer/Xcode/DerivedData/ImpulseBlock-dewhddckbhxdqfclawzhypslvoim/Build/Products/Debug-iphonesimulator/DeviceActivityMonitorExtension.appex/DeviceActivityMonitorExtension.debug.dylib

ConstructStubExecutorLinkFileList /Users/shotaebi/Library/Developer/Xcode/DerivedData/ImpulseBlock-dewhddckbhxdqfclawzhypslvoim/Build/Intermediates.noindex/ImpulseBlock.build/Debug-iphonesimulator/DeviceActivityMonitorExtension.build/DeviceActivityMonitorExtension-ExecutorLinkFileList-normal-arm64.txt (in target 'DeviceActivityMonitorExtension' from project 'ImpulseBlock')
    cd /Users/shotaebi/Desktop/projects/personal/vibecoding/pd-extension/mobile/ios
    construct-stub-executor-link-file-list /Users/shotaebi/Library/Developer/Xcode/DerivedData/ImpulseBlock-dewhddckbhxdqfclawzhypslvoim/Build/Intermediates.noindex/ImpulseBlock.build/Debug-iphonesimulator/DeviceActivityMonitorExtension.build/Objects-normal/arm64/Binary/DeviceActivityMonitorExtension.debug.dylib /Applications/Xcode.app/Contents/Developer/Platforms/iPhoneSimulator.platform/Developer/usr/lib/libPreviewsJITStubExecutor_no_swift_entry_point.a /Applications/Xcode.app/Contents/Developer/Platforms/iPhoneSimulator.platform/Developer/usr/lib/libPreviewsJITStubExecutor.a --output /Users/shotaebi/Library/Developer/Xcode/DerivedData/ImpulseBlock-dewhddckbhxdqfclawzhypslvoim/Build/Intermediates.noindex/ImpulseBlock.build/Debug-iphonesimulator/DeviceActivityMonitorExtension.build/DeviceActivityMonitorExtension-ExecutorLinkFileList-normal-arm64.txt
note: Using stub executor library without Swift entry point. (in target 'DeviceActivityMonitorExtension' from project 'ImpulseBlock')

Ld /Users/shotaebi/Library/Developer/Xcode/DerivedData/ImpulseBlock-dewhddckbhxdqfclawzhypslvoim/Build/Intermediates.noindex/ImpulseBlock.build/Debug-iphonesimulator/DeviceActivityMonitorExtension.build/Objects-normal/arm64/Binary/DeviceActivityMonitorExtension normal arm64 (in target 'DeviceActivityMonitorExtension' from project 'ImpulseBlock')
    cd /Users/shotaebi/Desktop/projects/personal/vibecoding/pd-extension/mobile/ios
    /Applications/Xcode.app/Contents/Developer/Toolchains/XcodeDefault.xctoolchain/usr/bin/clang -Xlinker -reproducible -target arm64-apple-ios16.0-simulator -isysroot /Applications/Xcode.app/Contents/Developer/Platforms/iPhoneSimulator.platform/Developer/SDKs/iPhoneSimulator26.2.sdk -O0 -L/Users/shotaebi/Library/Developer/Xcode/DerivedData/ImpulseBlock-dewhddckbhxdqfclawzhypslvoim/Build/Products/Debug-iphonesimulator -F/Users/shotaebi/Library/Developer/Xcode/DerivedData/ImpulseBlock-dewhddckbhxdqfclawzhypslvoim/Build/Products/Debug-iphonesimulator -Xlinker -rpath -Xlinker @executable_path -Xlinker -rpath -Xlinker @executable_path/Frameworks -Xlinker -rpath -Xlinker @executable_path/../../Frameworks -rdynamic -Xlinker -no_deduplicate -Xlinker -objc_abi_version -Xlinker 2 -e ___debug_blank_executor_main -Xlinker -sectcreate -Xlinker __TEXT -Xlinker __debug_dylib -Xlinker /Users/shotaebi/Library/Developer/Xcode/DerivedData/ImpulseBlock-dewhddckbhxdqfclawzhypslvoim/Build/Intermediates.noindex/ImpulseBlock.build/Debug-iphonesimulator/DeviceActivityMonitorExtension.build/DeviceActivityMonitorExtension-DebugDylibPath-normal-arm64.txt -Xlinker -sectcreate -Xlinker __TEXT -Xlinker __debug_entry -Xlinker /Users/shotaebi/Library/Developer/Xcode/DerivedData/ImpulseBlock-dewhddckbhxdqfclawzhypslvoim/Build/Intermediates.noindex/ImpulseBlock.build/Debug-iphonesimulator/DeviceActivityMonitorExtension.build/DeviceActivityMonitorExtension-DebugEntryPoint-normal-arm64.txt -Xlinker -sectcreate -Xlinker __TEXT -Xlinker __debug_instlnm -Xlinker /Users/shotaebi/Library/Developer/Xcode/DerivedData/ImpulseBlock-dewhddckbhxdqfclawzhypslvoim/Build/Intermediates.noindex/ImpulseBlock.build/Debug-iphonesimulator/DeviceActivityMonitorExtension.build/DeviceActivityMonitorExtension-DebugDylibInstallName-normal-arm64.txt -Xlinker -filelist -Xlinker /Users/shotaebi/Library/Developer/Xcode/DerivedData/ImpulseBlock-dewhddckbhxdqfclawzhypslvoim/Build/Intermediates.noindex/ImpulseBlock.build/Debug-iphonesimulator/DeviceActivityMonitorExtension.build/DeviceActivityMonitorExtension-ExecutorLinkFileList-normal-arm64.txt /Users/shotaebi/Library/Developer/Xcode/DerivedData/ImpulseBlock-dewhddckbhxdqfclawzhypslvoim/Build/Intermediates.noindex/ImpulseBlock.build/Debug-iphonesimulator/DeviceActivityMonitorExtension.build/Objects-normal/arm64/Binary/DeviceActivityMonitorExtension.debug.dylib -o /Users/shotaebi/Library/Developer/Xcode/DerivedData/ImpulseBlock-dewhddckbhxdqfclawzhypslvoim/Build/Intermediates.noindex/ImpulseBlock.build/Debug-iphonesimulator/DeviceActivityMonitorExtension.build/Objects-normal/arm64/Binary/DeviceActivityMonitorExtension

RegisterExecutionPolicyException /Users/shotaebi/Library/Developer/Xcode/DerivedData/ImpulseBlock-dewhddckbhxdqfclawzhypslvoim/Build/Products/Debug-iphonesimulator/ShieldConfigurationExtension.appex (in target 'ShieldConfigurationExtension' from project 'ImpulseBlock')
    cd /Users/shotaebi/Desktop/projects/personal/vibecoding/pd-extension/mobile/ios
    builtin-RegisterExecutionPolicyException /Users/shotaebi/Library/Developer/Xcode/DerivedData/ImpulseBlock-dewhddckbhxdqfclawzhypslvoim/Build/Products/Debug-iphonesimulator/ShieldConfigurationExtension.appex

RegisterExecutionPolicyException /Users/shotaebi/Library/Developer/Xcode/DerivedData/ImpulseBlock-dewhddckbhxdqfclawzhypslvoim/Build/Products/Debug-iphonesimulator/ShieldActionExtension.appex (in target 'ShieldActionExtension' from project 'ImpulseBlock')
    cd /Users/shotaebi/Desktop/projects/personal/vibecoding/pd-extension/mobile/ios
    builtin-RegisterExecutionPolicyException /Users/shotaebi/Library/Developer/Xcode/DerivedData/ImpulseBlock-dewhddckbhxdqfclawzhypslvoim/Build/Products/Debug-iphonesimulator/ShieldActionExtension.appex

SwiftExplicitDependencyGeneratePcm x86_64 /Users/shotaebi/Library/Developer/Xcode/DerivedData/ModuleCache.noindex/_DarwinFoundation1-BVRARZO6JYSGAZQDXL1Z7YUYQ.pcm

SwiftExplicitDependencyGeneratePcm arm64 /Users/shotaebi/Library/Developer/Xcode/DerivedData/ModuleCache.noindex/_DarwinFoundation2-4FT95NZ13OMCHAHVHFGPIVQTF.pcm

SwiftExplicitDependencyGeneratePcm arm64 /Users/shotaebi/Library/Developer/Xcode/DerivedData/ModuleCache.noindex/_Builtin_limits-CSML78FEMFRK0TYY4NK34O33S.pcm

Touch /Users/shotaebi/Library/Developer/Xcode/DerivedData/ImpulseBlock-dewhddckbhxdqfclawzhypslvoim/Build/Products/Debug-iphonesimulator/ShieldActionExtension.appex (in target 'ShieldActionExtension' from project 'ImpulseBlock')
    cd /Users/shotaebi/Desktop/projects/personal/vibecoding/pd-extension/mobile/ios
    /usr/bin/touch -c /Users/shotaebi/Library/Developer/Xcode/DerivedData/ImpulseBlock-dewhddckbhxdqfclawzhypslvoim/Build/Products/Debug-iphonesimulator/ShieldActionExtension.appex

CreateUniversalBinary /Users/shotaebi/Library/Developer/Xcode/DerivedData/ImpulseBlock-dewhddckbhxdqfclawzhypslvoim/Build/Products/Debug-iphonesimulator/DeviceActivityMonitorExtension.appex/DeviceActivityMonitorExtension normal arm64\ x86_64 (in target 'DeviceActivityMonitorExtension' from project 'ImpulseBlock')
    cd /Users/shotaebi/Desktop/projects/personal/vibecoding/pd-extension/mobile/ios
    /Applications/Xcode.app/Contents/Developer/Toolchains/XcodeDefault.xctoolchain/usr/bin/lipo -create /Users/shotaebi/Library/Developer/Xcode/DerivedData/ImpulseBlock-dewhddckbhxdqfclawzhypslvoim/Build/Intermediates.noindex/ImpulseBlock.build/Debug-iphonesimulator/DeviceActivityMonitorExtension.build/Objects-normal/arm64/Binary/DeviceActivityMonitorExtension /Users/shotaebi/Library/Developer/Xcode/DerivedData/ImpulseBlock-dewhddckbhxdqfclawzhypslvoim/Build/Intermediates.noindex/ImpulseBlock.build/Debug-iphonesimulator/DeviceActivityMonitorExtension.build/Objects-normal/x86_64/Binary/DeviceActivityMonitorExtension -output /Users/shotaebi/Library/Developer/Xcode/DerivedData/ImpulseBlock-dewhddckbhxdqfclawzhypslvoim/Build/Products/Debug-iphonesimulator/DeviceActivityMonitorExtension.appex/DeviceActivityMonitorExtension

ExtractAppIntentsMetadata (in target 'DeviceActivityMonitorExtension' from project 'ImpulseBlock')
    cd /Users/shotaebi/Desktop/projects/personal/vibecoding/pd-extension/mobile/ios
    /Applications/Xcode.app/Contents/Developer/Toolchains/XcodeDefault.xctoolchain/usr/bin/appintentsmetadataprocessor --toolchain-dir /Applications/Xcode.app/Contents/Developer/Toolchains/XcodeDefault.xctoolchain --module-name DeviceActivityMonitorExtension --sdk-root /Applications/Xcode.app/Contents/Developer/Platforms/iPhoneSimulator.platform/Developer/SDKs/iPhoneSimulator26.2.sdk --xcode-version 17C529 --platform-family iOS --deployment-target 16.0 --bundle-identifier com.example.impulseblock.activitymonitor --output /Users/shotaebi/Library/Developer/Xcode/DerivedData/ImpulseBlock-dewhddckbhxdqfclawzhypslvoim/Build/Products/Debug-iphonesimulator/DeviceActivityMonitorExtension.appex --target-triple arm64-apple-ios16.0-simulator --target-triple x86_64-apple-ios16.0-simulator --binary-file /Users/shotaebi/Library/Developer/Xcode/DerivedData/ImpulseBlock-dewhddckbhxdqfclawzhypslvoim/Build/Products/Debug-iphonesimulator/DeviceActivityMonitorExtension.appex/DeviceActivityMonitorExtension --dependency-file /Users/shotaebi/Library/Developer/Xcode/DerivedData/ImpulseBlock-dewhddckbhxdqfclawzhypslvoim/Build/Intermediates.noindex/ImpulseBlock.build/Debug-iphonesimulator/DeviceActivityMonitorExtension.build/Objects-normal/arm64/DeviceActivityMonitorExtension_dependency_info.dat --dependency-file /Users/shotaebi/Library/Developer/Xcode/DerivedData/ImpulseBlock-dewhddckbhxdqfclawzhypslvoim/Build/Intermediates.noindex/ImpulseBlock.build/Debug-iphonesimulator/DeviceActivityMonitorExtension.build/Objects-normal/x86_64/DeviceActivityMonitorExtension_dependency_info.dat --stringsdata-file /Users/shotaebi/Library/Developer/Xcode/DerivedData/ImpulseBlock-dewhddckbhxdqfclawzhypslvoim/Build/Intermediates.noindex/ImpulseBlock.build/Debug-iphonesimulator/DeviceActivityMonitorExtension.build/Objects-normal/arm64/ExtractedAppShortcutsMetadata.stringsdata --stringsdata-file /Users/shotaebi/Library/Developer/Xcode/DerivedData/ImpulseBlock-dewhddckbhxdqfclawzhypslvoim/Build/Intermediates.noindex/ImpulseBlock.build/Debug-iphonesimulator/DeviceActivityMonitorExtension.build/Objects-normal/x86_64/ExtractedAppShortcutsMetadata.stringsdata --source-file-list /Users/shotaebi/Library/Developer/Xcode/DerivedData/ImpulseBlock-dewhddckbhxdqfclawzhypslvoim/Build/Intermediates.noindex/ImpulseBlock.build/Debug-iphonesimulator/DeviceActivityMonitorExtension.build/Objects-normal/arm64/DeviceActivityMonitorExtension.SwiftFileList --source-file-list /Users/shotaebi/Library/Developer/Xcode/DerivedData/ImpulseBlock-dewhddckbhxdqfclawzhypslvoim/Build/Intermediates.noindex/ImpulseBlock.build/Debug-iphonesimulator/DeviceActivityMonitorExtension.build/Objects-normal/x86_64/DeviceActivityMonitorExtension.SwiftFileList --metadata-file-list /Users/shotaebi/Library/Developer/Xcode/DerivedData/ImpulseBlock-dewhddckbhxdqfclawzhypslvoim/Build/Intermediates.noindex/ImpulseBlock.build/Debug-iphonesimulator/DeviceActivityMonitorExtension.build/DeviceActivityMonitorExtension.DependencyMetadataFileList --static-metadata-file-list /Users/shotaebi/Library/Developer/Xcode/DerivedData/ImpulseBlock-dewhddckbhxdqfclawzhypslvoim/Build/Intermediates.noindex/ImpulseBlock.build/Debug-iphonesimulator/DeviceActivityMonitorExtension.build/DeviceActivityMonitorExtension.DependencyStaticMetadataFileList --swift-const-vals-list /Users/shotaebi/Library/Developer/Xcode/DerivedData/ImpulseBlock-dewhddckbhxdqfclawzhypslvoim/Build/Intermediates.noindex/ImpulseBlock.build/Debug-iphonesimulator/DeviceActivityMonitorExtension.build/Objects-normal/arm64/DeviceActivityMonitorExtension.SwiftConstValuesFileList --swift-const-vals-list /Users/shotaebi/Library/Developer/Xcode/DerivedData/ImpulseBlock-dewhddckbhxdqfclawzhypslvoim/Build/Intermediates.noindex/ImpulseBlock.build/Debug-iphonesimulator/DeviceActivityMonitorExtension.build/Objects-normal/x86_64/DeviceActivityMonitorExtension.SwiftConstValuesFileList --compile-time-extraction --deployment-aware-processing --validate-assistant-intents --no-app-shortcuts-localization
2026-07-27 08:10:02.658 appintentsmetadataprocessor[92038:3241888] Starting appintentsmetadataprocessor export
2026-07-27 08:10:02.659 appintentsmetadataprocessor[92038:3241888] warning: Metadata extraction skipped. No AppIntents.framework dependency found.

Touch /Users/shotaebi/Library/Developer/Xcode/DerivedData/ImpulseBlock-dewhddckbhxdqfclawzhypslvoim/Build/Products/Debug-iphonesimulator/ShieldConfigurationExtension.appex (in target 'ShieldConfigurationExtension' from project 'ImpulseBlock')
    cd /Users/shotaebi/Desktop/projects/personal/vibecoding/pd-extension/mobile/ios
    /usr/bin/touch -c /Users/shotaebi/Library/Developer/Xcode/DerivedData/ImpulseBlock-dewhddckbhxdqfclawzhypslvoim/Build/Products/Debug-iphonesimulator/ShieldConfigurationExtension.appex

AppIntentsSSUTraining (in target 'DeviceActivityMonitorExtension' from project 'ImpulseBlock')
    cd /Users/shotaebi/Desktop/projects/personal/vibecoding/pd-extension/mobile/ios
    /Applications/Xcode.app/Contents/Developer/Toolchains/XcodeDefault.xctoolchain/usr/bin/appintentsnltrainingprocessor --infoplist-path /Users/shotaebi/Library/Developer/Xcode/DerivedData/ImpulseBlock-dewhddckbhxdqfclawzhypslvoim/Build/Products/Debug-iphonesimulator/DeviceActivityMonitorExtension.appex/Info.plist --temp-dir-path /Users/shotaebi/Library/Developer/Xcode/DerivedData/ImpulseBlock-dewhddckbhxdqfclawzhypslvoim/Build/Intermediates.noindex/ImpulseBlock.build/Debug-iphonesimulator/DeviceActivityMonitorExtension.build/ssu --bundle-id com.example.impulseblock.activitymonitor --product-path /Users/shotaebi/Library/Developer/Xcode/DerivedData/ImpulseBlock-dewhddckbhxdqfclawzhypslvoim/Build/Products/Debug-iphonesimulator/DeviceActivityMonitorExtension.appex --extracted-metadata-path /Users/shotaebi/Library/Developer/Xcode/DerivedData/ImpulseBlock-dewhddckbhxdqfclawzhypslvoim/Build/Products/Debug-iphonesimulator/DeviceActivityMonitorExtension.appex/Metadata.appintents --metadata-file-list /Users/shotaebi/Library/Developer/Xcode/DerivedData/ImpulseBlock-dewhddckbhxdqfclawzhypslvoim/Build/Intermediates.noindex/ImpulseBlock.build/Debug-iphonesimulator/DeviceActivityMonitorExtension.build/DeviceActivityMonitorExtension.DependencyMetadataFileList --archive-ssu-assets
2026-07-27 08:10:02.671 appintentsnltrainingprocessor[92041:3241891] Parsing options for appintentsnltrainingprocessor
2026-07-27 08:10:02.671 appintentsnltrainingprocessor[92041:3241891] No AppShortcuts found - Skipping.

SwiftExplicitDependencyGeneratePcm x86_64 /Users/shotaebi/Library/Developer/Xcode/DerivedData/ModuleCache.noindex/_DarwinFoundation2-BU73SUQVLD2OEG5GUYC5GMU10.pcm

SwiftExplicitDependencyGeneratePcm x86_64 /Users/shotaebi/Library/Developer/Xcode/DerivedData/ModuleCache.noindex/_Builtin_limits-D2R6TRMCKWG2OVW7PP65KFU60.pcm

RegisterExecutionPolicyException /Users/shotaebi/Library/Developer/Xcode/DerivedData/ImpulseBlock-dewhddckbhxdqfclawzhypslvoim/Build/Products/Debug-iphonesimulator/DeviceActivityMonitorExtension.appex (in target 'DeviceActivityMonitorExtension' from project 'ImpulseBlock')
    cd /Users/shotaebi/Desktop/projects/personal/vibecoding/pd-extension/mobile/ios
    builtin-RegisterExecutionPolicyException /Users/shotaebi/Library/Developer/Xcode/DerivedData/ImpulseBlock-dewhddckbhxdqfclawzhypslvoim/Build/Products/Debug-iphonesimulator/DeviceActivityMonitorExtension.appex

Touch /Users/shotaebi/Library/Developer/Xcode/DerivedData/ImpulseBlock-dewhddckbhxdqfclawzhypslvoim/Build/Products/Debug-iphonesimulator/DeviceActivityMonitorExtension.appex (in target 'DeviceActivityMonitorExtension' from project 'ImpulseBlock')
    cd /Users/shotaebi/Desktop/projects/personal/vibecoding/pd-extension/mobile/ios
    /usr/bin/touch -c /Users/shotaebi/Library/Developer/Xcode/DerivedData/ImpulseBlock-dewhddckbhxdqfclawzhypslvoim/Build/Products/Debug-iphonesimulator/DeviceActivityMonitorExtension.appex

Ld /Users/shotaebi/Library/Developer/Xcode/DerivedData/ImpulseBlock-dewhddckbhxdqfclawzhypslvoim/Build/Intermediates.noindex/ImpulseBlock.build/Debug-iphonesimulator/ImpulseBlock.build/Objects-normal/arm64/Binary/__preview.dylib normal arm64 (in target 'ImpulseBlock' from project 'ImpulseBlock')
    cd /Users/shotaebi/Desktop/projects/personal/vibecoding/pd-extension/mobile/ios
    /Applications/Xcode.app/Contents/Developer/Toolchains/XcodeDefault.xctoolchain/usr/bin/clang -Xlinker -reproducible -target arm64-apple-ios16.0-simulator -dynamiclib -isysroot /Applications/Xcode.app/Contents/Developer/Platforms/iPhoneSimulator.platform/Developer/SDKs/iPhoneSimulator26.2.sdk -O0 -L/Users/shotaebi/Library/Developer/Xcode/DerivedData/ImpulseBlock-dewhddckbhxdqfclawzhypslvoim/Build/Products/Debug-iphonesimulator -F/Users/shotaebi/Library/Developer/Xcode/DerivedData/ImpulseBlock-dewhddckbhxdqfclawzhypslvoim/Build/Products/Debug-iphonesimulator -install_name @rpath/ImpulseBlock.debug.dylib -dead_strip -rdynamic -Xlinker -no_deduplicate -Xlinker -objc_abi_version -Xlinker 2 -Xlinker -dependency_info -Xlinker /Users/shotaebi/Library/Developer/Xcode/DerivedData/ImpulseBlock-dewhddckbhxdqfclawzhypslvoim/Build/Intermediates.noindex/ImpulseBlock.build/Debug-iphonesimulator/ImpulseBlock.build/Objects-normal/arm64/ImpulseBlock_dependency_info.dat -o /Users/shotaebi/Library/Developer/Xcode/DerivedData/ImpulseBlock-dewhddckbhxdqfclawzhypslvoim/Build/Intermediates.noindex/ImpulseBlock.build/Debug-iphonesimulator/ImpulseBlock.build/Objects-normal/arm64/Binary/__preview.dylib

Ld /Users/shotaebi/Library/Developer/Xcode/DerivedData/ImpulseBlock-dewhddckbhxdqfclawzhypslvoim/Build/Intermediates.noindex/ImpulseBlock.build/Debug-iphonesimulator/ImpulseBlock.build/Objects-normal/x86_64/Binary/__preview.dylib normal x86_64 (in target 'ImpulseBlock' from project 'ImpulseBlock')
    cd /Users/shotaebi/Desktop/projects/personal/vibecoding/pd-extension/mobile/ios
    /Applications/Xcode.app/Contents/Developer/Toolchains/XcodeDefault.xctoolchain/usr/bin/clang -Xlinker -reproducible -target x86_64-apple-ios16.0-simulator -dynamiclib -isysroot /Applications/Xcode.app/Contents/Developer/Platforms/iPhoneSimulator.platform/Developer/SDKs/iPhoneSimulator26.2.sdk -O0 -L/Users/shotaebi/Library/Developer/Xcode/DerivedData/ImpulseBlock-dewhddckbhxdqfclawzhypslvoim/Build/Products/Debug-iphonesimulator -F/Users/shotaebi/Library/Developer/Xcode/DerivedData/ImpulseBlock-dewhddckbhxdqfclawzhypslvoim/Build/Products/Debug-iphonesimulator -install_name @rpath/ImpulseBlock.debug.dylib -dead_strip -rdynamic -Xlinker -no_deduplicate -Xlinker -objc_abi_version -Xlinker 2 -Xlinker -dependency_info -Xlinker /Users/shotaebi/Library/Developer/Xcode/DerivedData/ImpulseBlock-dewhddckbhxdqfclawzhypslvoim/Build/Intermediates.noindex/ImpulseBlock.build/Debug-iphonesimulator/ImpulseBlock.build/Objects-normal/x86_64/ImpulseBlock_dependency_info.dat -o /Users/shotaebi/Library/Developer/Xcode/DerivedData/ImpulseBlock-dewhddckbhxdqfclawzhypslvoim/Build/Intermediates.noindex/ImpulseBlock.build/Debug-iphonesimulator/ImpulseBlock.build/Objects-normal/x86_64/Binary/__preview.dylib

SwiftExplicitDependencyGeneratePcm arm64 /Users/shotaebi/Library/Developer/Xcode/DerivedData/ModuleCache.noindex/_Builtin_tgmath-9OBE0BTVMQU6QTJ84YJO0IN6.pcm

SwiftExplicitDependencyGeneratePcm arm64 /Users/shotaebi/Library/Developer/Xcode/DerivedData/ModuleCache.noindex/sys_types-ATAU1CTMBDTWUH1NTA2C0XUVW.pcm

SwiftExplicitDependencyGeneratePcm arm64 /Users/shotaebi/Library/Developer/Xcode/DerivedData/ModuleCache.noindex/_Builtin_stdint-1Q8S9J64ZHBFTWEBFJ6EXCV5Z.pcm

CreateUniversalBinary /Users/shotaebi/Library/Developer/Xcode/DerivedData/ImpulseBlock-dewhddckbhxdqfclawzhypslvoim/Build/Products/Debug-iphonesimulator/ImpulseBlock.app/__preview.dylib normal arm64\ x86_64 (in target 'ImpulseBlock' from project 'ImpulseBlock')
    cd /Users/shotaebi/Desktop/projects/personal/vibecoding/pd-extension/mobile/ios
    /Applications/Xcode.app/Contents/Developer/Toolchains/XcodeDefault.xctoolchain/usr/bin/lipo -create /Users/shotaebi/Library/Developer/Xcode/DerivedData/ImpulseBlock-dewhddckbhxdqfclawzhypslvoim/Build/Intermediates.noindex/ImpulseBlock.build/Debug-iphonesimulator/ImpulseBlock.build/Objects-normal/arm64/Binary/__preview.dylib /Users/shotaebi/Library/Developer/Xcode/DerivedData/ImpulseBlock-dewhddckbhxdqfclawzhypslvoim/Build/Intermediates.noindex/ImpulseBlock.build/Debug-iphonesimulator/ImpulseBlock.build/Objects-normal/x86_64/Binary/__preview.dylib -output /Users/shotaebi/Library/Developer/Xcode/DerivedData/ImpulseBlock-dewhddckbhxdqfclawzhypslvoim/Build/Products/Debug-iphonesimulator/ImpulseBlock.app/__preview.dylib

SwiftExplicitDependencyGeneratePcm x86_64 /Users/shotaebi/Library/Developer/Xcode/DerivedData/ModuleCache.noindex/sys_types-ESFMSMH9CSHLTA1V5LEJD6R3G.pcm

SwiftExplicitDependencyGeneratePcm x86_64 /Users/shotaebi/Library/Developer/Xcode/DerivedData/ModuleCache.noindex/_Builtin_stdint-7BHHOF7XHPR5141UU0XEQWWP1.pcm

SwiftExplicitDependencyGeneratePcm x86_64 /Users/shotaebi/Library/Developer/Xcode/DerivedData/ModuleCache.noindex/_Builtin_tgmath-CGEGEZPIZS976DSJR9GGGLK1H.pcm

SwiftExplicitDependencyGeneratePcm arm64 /Users/shotaebi/Library/Developer/Xcode/DerivedData/ModuleCache.noindex/_Builtin_stdatomic-9849GIUKF3EDTW14V8G538TN8.pcm

SwiftExplicitDependencyGeneratePcm arm64 /Users/shotaebi/Library/Developer/Xcode/DerivedData/ModuleCache.noindex/_DarwinFoundation3-6WTCM08L61UHNTUIQ0GSC6L3M.pcm

SwiftExplicitDependencyGeneratePcm arm64 /Users/shotaebi/Library/Developer/Xcode/DerivedData/ModuleCache.noindex/_Builtin_intrinsics-BWRPZR1PFSWLU2JNYOYQABH9U.pcm

SwiftExplicitDependencyGeneratePcm x86_64 /Users/shotaebi/Library/Developer/Xcode/DerivedData/ModuleCache.noindex/_Builtin_stdatomic-CBPUS8L9BXGOTF7E6EW7LB2CE.pcm

SwiftExplicitDependencyGeneratePcm x86_64 /Users/shotaebi/Library/Developer/Xcode/DerivedData/ModuleCache.noindex/_DarwinFoundation3-38P3KQAZ23LYBNVBX99BEUT9K.pcm

SwiftExplicitDependencyGeneratePcm arm64 /Users/shotaebi/Library/Developer/Xcode/DerivedData/ModuleCache.noindex/_Builtin_inttypes-2A92W2B4K1XZJEMXHR8LQREDP.pcm

SwiftExplicitDependencyGeneratePcm x86_64 /Users/shotaebi/Library/Developer/Xcode/DerivedData/ModuleCache.noindex/_Builtin_inttypes-6C3ZUMVL1V6D6283XNXZULQ55.pcm

SwiftExplicitDependencyGeneratePcm x86_64 /Users/shotaebi/Library/Developer/Xcode/DerivedData/ModuleCache.noindex/_Builtin_intrinsics-CHFYNATAGWEOUVH2W88FNRW7O.pcm

SwiftExplicitDependencyGeneratePcm arm64 /Users/shotaebi/Library/Developer/Xcode/DerivedData/ModuleCache.noindex/Darwin-F08ZO1CU19M4NCH7X2CJ0O7PQ.pcm

SwiftExplicitDependencyGeneratePcm x86_64 /Users/shotaebi/Library/Developer/Xcode/DerivedData/ModuleCache.noindex/Darwin-EQ0K8USOWYCGN7JTA006VN98U.pcm

SwiftExplicitDependencyGeneratePcm arm64 /Users/shotaebi/Library/Developer/Xcode/DerivedData/ModuleCache.noindex/simd-2ODCJNB6H148YESZGTRUG4TOM.pcm

SwiftExplicitDependencyGeneratePcm arm64 /Users/shotaebi/Library/Developer/Xcode/DerivedData/ModuleCache.noindex/MachO-BT8AUAFEA275YJNZCOTWXCY6M.pcm

SwiftExplicitDependencyGeneratePcm arm64 /Users/shotaebi/Library/Developer/Xcode/DerivedData/ModuleCache.noindex/ObjectiveC-1GE0GOMHOPOH6ZQ7P799X8D3R.pcm

SwiftExplicitDependencyGeneratePcm x86_64 /Users/shotaebi/Library/Developer/Xcode/DerivedData/ModuleCache.noindex/simd-CQC59ZXEOZZ63B4INZRLI84Z0.pcm

SwiftExplicitDependencyGeneratePcm x86_64 /Users/shotaebi/Library/Developer/Xcode/DerivedData/ModuleCache.noindex/MachO-EQACFG6DJ7U5ZUTGG93L5MG17.pcm

SwiftExplicitDependencyGeneratePcm x86_64 /Users/shotaebi/Library/Developer/Xcode/DerivedData/ModuleCache.noindex/ObjectiveC-9TLMFQR03JFJAVTUPGP72KK6O.pcm

SwiftExplicitDependencyGeneratePcm arm64 /Users/shotaebi/Library/Developer/Xcode/DerivedData/ModuleCache.noindex/os_object-51JKOUIK3AX4PS5LNKJATNJUA.pcm

SwiftExplicitDependencyGeneratePcm x86_64 /Users/shotaebi/Library/Developer/Xcode/DerivedData/ModuleCache.noindex/os_object-44GQ2DBGVJQ4O3XGXBGXA980R.pcm

SwiftExplicitDependencyGeneratePcm arm64 /Users/shotaebi/Library/Developer/Xcode/DerivedData/ModuleCache.noindex/os_workgroup-8T4C1I0MRSU3BBXHA13US6F1.pcm

SwiftExplicitDependencyGeneratePcm x86_64 /Users/shotaebi/Library/Developer/Xcode/DerivedData/ModuleCache.noindex/os_workgroup-B4DFUNPWSK2SUH0GZ84IRWRFJ.pcm

SwiftExplicitDependencyGeneratePcm arm64 /Users/shotaebi/Library/Developer/Xcode/DerivedData/ModuleCache.noindex/Spatial-BZV4GRCXJFKP84YXYDK12NU75.pcm

SwiftExplicitDependencyGeneratePcm arm64 /Users/shotaebi/Library/Developer/Xcode/DerivedData/ModuleCache.noindex/Dispatch-ETBTZWO55CYFBHG8P3SV31GTS.pcm

SwiftExplicitDependencyGeneratePcm x86_64 /Users/shotaebi/Library/Developer/Xcode/DerivedData/ModuleCache.noindex/Dispatch-6840LECBT296SBTY7GWFZGO2D.pcm

SwiftExplicitDependencyGeneratePcm arm64 /Users/shotaebi/Library/Developer/Xcode/DerivedData/ModuleCache.noindex/XPC-3VSGXAEBG9WWQZHBC2FFA0M13.pcm

SwiftExplicitDependencyGeneratePcm arm64 /Users/shotaebi/Library/Developer/Xcode/DerivedData/ModuleCache.noindex/CoreFoundation-B480U90YUYV537O9C1PF7TPVW.pcm

SwiftExplicitDependencyGeneratePcm x86_64 /Users/shotaebi/Library/Developer/Xcode/DerivedData/ModuleCache.noindex/CoreFoundation-7SRU183W2IEY8BLPN3VGDZHYZ.pcm

SwiftExplicitDependencyGeneratePcm x86_64 /Users/shotaebi/Library/Developer/Xcode/DerivedData/ModuleCache.noindex/XPC-2558F3TNTSR7BALF93EVE1HJQ.pcm

SwiftExplicitDependencyGeneratePcm arm64 /Users/shotaebi/Library/Developer/Xcode/DerivedData/ModuleCache.noindex/os-81V02ZEZ3ORA449ZDK6W5O1ZE.pcm

SwiftExplicitDependencyGeneratePcm x86_64 /Users/shotaebi/Library/Developer/Xcode/DerivedData/ModuleCache.noindex/os-7IBDJ9ILOEAHLR7JGIB5Y2NGN.pcm

SwiftExplicitDependencyGeneratePcm arm64 /Users/shotaebi/Library/Developer/Xcode/DerivedData/ModuleCache.noindex/Security-A8AQQJYFTT1PE76ODTHXOJX03.pcm

SwiftExplicitDependencyGeneratePcm arm64 /Users/shotaebi/Library/Developer/Xcode/DerivedData/ModuleCache.noindex/CoreServices-7V6SYIRRFJBJ6Q3J47S36ACKF.pcm

SwiftExplicitDependencyGeneratePcm arm64 /Users/shotaebi/Library/Developer/Xcode/DerivedData/ModuleCache.noindex/CoreGraphics-C28UGR1C08LV5R98087LG5ZI.pcm

SwiftExplicitDependencyGeneratePcm arm64 /Users/shotaebi/Library/Developer/Xcode/DerivedData/ModuleCache.noindex/CFNetwork-D3AH0KWLTCKHW56RTPZ3KB77O.pcm

SwiftExplicitDependencyGeneratePcm x86_64 /Users/shotaebi/Library/Developer/Xcode/DerivedData/ModuleCache.noindex/CoreServices-11O03QA4RVZEBEDDOAU44J7EF.pcm

SwiftExplicitDependencyGeneratePcm x86_64 /Users/shotaebi/Library/Developer/Xcode/DerivedData/ModuleCache.noindex/Security-1QF9BCLG6J4Z3VJJV9VAE97Q8.pcm

SwiftExplicitDependencyGeneratePcm x86_64 /Users/shotaebi/Library/Developer/Xcode/DerivedData/ModuleCache.noindex/CoreGraphics-49JZRYGEZM06A4INC94LFKR4F.pcm

SwiftExplicitDependencyGeneratePcm x86_64 /Users/shotaebi/Library/Developer/Xcode/DerivedData/ModuleCache.noindex/CFNetwork-63D91H6KJ95UBSNDOOKIPBIZN.pcm

SwiftExplicitDependencyGeneratePcm x86_64 /Users/shotaebi/Library/Developer/Xcode/DerivedData/ModuleCache.noindex/Spatial-8J7DMMB32DQVQ350RA4DSJEB1.pcm

SwiftExplicitDependencyGeneratePcm arm64 /Users/shotaebi/Library/Developer/Xcode/DerivedData/ModuleCache.noindex/Foundation-46AHB781GH0DXM4JH1TWHISIS.pcm

SwiftExplicitDependencyGeneratePcm arm64 /Users/shotaebi/Library/Developer/Xcode/DerivedData/ModuleCache.noindex/ImageIO-52957U2MJ7UPSQ6Q9C5R1WDT9.pcm

SwiftExplicitDependencyGeneratePcm arm64 /Users/shotaebi/Library/Developer/Xcode/DerivedData/ModuleCache.noindex/CoreText-42AN2YJYD3X0I86BZQMLAW5T.pcm

SwiftExplicitDependencyGeneratePcm x86_64 /Users/shotaebi/Library/Developer/Xcode/DerivedData/ModuleCache.noindex/Foundation-CGIVDEMAUETQDQ98OMQS9R7QU.pcm

SwiftExplicitDependencyGeneratePcm x86_64 /Users/shotaebi/Library/Developer/Xcode/DerivedData/ModuleCache.noindex/ImageIO-8Y1LN93KV4TOZN3S92N56J8M4.pcm

SwiftExplicitDependencyGeneratePcm x86_64 /Users/shotaebi/Library/Developer/Xcode/DerivedData/ModuleCache.noindex/CoreText-DEK2WY297AJIUX6N8XV5KGU27.pcm

SwiftExplicitDependencyGeneratePcm x86_64 /Users/shotaebi/Library/Developer/Xcode/DerivedData/ModuleCache.noindex/CoreData-8DHKRTWBOQTF6IC52UUI5FE37.pcm

SwiftExplicitDependencyGeneratePcm x86_64 /Users/shotaebi/Library/Developer/Xcode/DerivedData/ModuleCache.noindex/UIUtilities-4ENOEGARWIBM0O3MEBV6GJBUQ.pcm

SwiftExplicitDependencyGeneratePcm x86_64 /Users/shotaebi/Library/Developer/Xcode/DerivedData/ModuleCache.noindex/DataDetection-5RP7Y0L816ZOF8YBXKMR0OQ4P.pcm

SwiftExplicitDependencyGeneratePcm x86_64 /Users/shotaebi/Library/Developer/Xcode/DerivedData/ModuleCache.noindex/FileProvider-656TV6JYNO1SARJN7K3T96ICK.pcm

SwiftExplicitDependencyGeneratePcm x86_64 /Users/shotaebi/Library/Developer/Xcode/DerivedData/ModuleCache.noindex/Accessibility-9OWE08692T3MJHNEPVFHKHR7W.pcm

SwiftExplicitDependencyGeneratePcm x86_64 /Users/shotaebi/Library/Developer/Xcode/DerivedData/ModuleCache.noindex/CoreTransferable-D9GA0GBA0LTCDG6FPSEH07WC8.pcm

SwiftExplicitDependencyGeneratePcm x86_64 /Users/shotaebi/Library/Developer/Xcode/DerivedData/ModuleCache.noindex/UserNotifications-4L4ZXEZKH8M3IJOP5N1EAA0XA.pcm

SwiftExplicitDependencyGeneratePcm x86_64 /Users/shotaebi/Library/Developer/Xcode/DerivedData/ModuleCache.noindex/OSLog-DDU2CF7UD5SYYDLPZY77NCHR7.pcm

SwiftExplicitDependencyGeneratePcm x86_64 /Users/shotaebi/Library/Developer/Xcode/DerivedData/ModuleCache.noindex/Symbols-5E56N08DGTNSUKWTOC7TRPW16.pcm

SwiftExplicitDependencyGeneratePcm x86_64 /Users/shotaebi/Library/Developer/Xcode/DerivedData/ModuleCache.noindex/OpenGLES-6APR1HYPEM28K1Q481JILR1JG.pcm

SwiftExplicitDependencyGeneratePcm x86_64 /Users/shotaebi/Library/Developer/Xcode/DerivedData/ModuleCache.noindex/UniformTypeIdentifiers-P7YJZ1IO7KX4EQC80X428VSQ.pcm

SwiftExplicitDependencyGeneratePcm x86_64 /Users/shotaebi/Library/Developer/Xcode/DerivedData/ModuleCache.noindex/IOSurface-DQ5QEK1W7UMFDN3Q6CDMGNPEE.pcm

SwiftExplicitDependencyGeneratePcm arm64 /Users/shotaebi/Library/Developer/Xcode/DerivedData/ModuleCache.noindex/UIUtilities-E7CBO9RV26BLIFB1E7Z69DIB5.pcm

SwiftExplicitDependencyGeneratePcm arm64 /Users/shotaebi/Library/Developer/Xcode/DerivedData/ModuleCache.noindex/CoreData-7FU1FO8CAPZP21M8B22J11BWP.pcm

SwiftExplicitDependencyGeneratePcm arm64 /Users/shotaebi/Library/Developer/Xcode/DerivedData/ModuleCache.noindex/IOSurface-DHL2M9XBUBB682G45LLOMIZ43.pcm

SwiftExplicitDependencyGeneratePcm arm64 /Users/shotaebi/Library/Developer/Xcode/DerivedData/ModuleCache.noindex/FileProvider-6T755Q9HXDCOQXMVNGZH3QX56.pcm

SwiftExplicitDependencyGeneratePcm arm64 /Users/shotaebi/Library/Developer/Xcode/DerivedData/ModuleCache.noindex/CoreTransferable-76JUCKL7WAR2KO645M99MSDI.pcm

SwiftExplicitDependencyGeneratePcm arm64 /Users/shotaebi/Library/Developer/Xcode/DerivedData/ModuleCache.noindex/Accessibility-6L5Z5MY831RW3ZGGCIJU886S1.pcm

SwiftExplicitDependencyGeneratePcm arm64 /Users/shotaebi/Library/Developer/Xcode/DerivedData/ModuleCache.noindex/Symbols-3G93VWA19NF6QR6UO5QN7U7NL.pcm

SwiftExplicitDependencyGeneratePcm arm64 /Users/shotaebi/Library/Developer/Xcode/DerivedData/ModuleCache.noindex/OSLog-DMSE08QGQD2CDGCX4XRY6A43F.pcm

SwiftExplicitDependencyGeneratePcm arm64 /Users/shotaebi/Library/Developer/Xcode/DerivedData/ModuleCache.noindex/OpenGLES-9P6TIS2NADMZOJSEPPP6MOC6Y.pcm

SwiftExplicitDependencyGeneratePcm arm64 /Users/shotaebi/Library/Developer/Xcode/DerivedData/ModuleCache.noindex/UserNotifications-6Q3TOXFLH8A9PKUV55B5QOKSG.pcm

SwiftExplicitDependencyGeneratePcm arm64 /Users/shotaebi/Library/Developer/Xcode/DerivedData/ModuleCache.noindex/DataDetection-E4HFXR0CLK870XG3IG0WBVYUV.pcm

SwiftExplicitDependencyGeneratePcm x86_64 /Users/shotaebi/Library/Developer/Xcode/DerivedData/ModuleCache.noindex/Metal-2JFAX6RBRTI3MZNV47HN4T4FY.pcm

SwiftExplicitDependencyGeneratePcm arm64 /Users/shotaebi/Library/Developer/Xcode/DerivedData/ModuleCache.noindex/UniformTypeIdentifiers-DIE2UFMY7ZKVV4M2WETKAR8H3.pcm

SwiftExplicitDependencyGeneratePcm arm64 /Users/shotaebi/Library/Developer/Xcode/DerivedData/ModuleCache.noindex/Metal-8VEQ2YXLL1HOH3L0BU5GHXOME.pcm

SwiftExplicitDependencyGeneratePcm arm64 /Users/shotaebi/Library/Developer/Xcode/DerivedData/ModuleCache.noindex/CoreVideo-DVWH5BRQ7O3WSJG7B6VLO6IJF.pcm

SwiftExplicitDependencyGeneratePcm x86_64 /Users/shotaebi/Library/Developer/Xcode/DerivedData/ModuleCache.noindex/CoreVideo-A5IXE1QD6Q1HW18PAJ174IJ60.pcm

SwiftExplicitDependencyGeneratePcm x86_64 /Users/shotaebi/Library/Developer/Xcode/DerivedData/ModuleCache.noindex/CoreImage-335BHDO11E9EPM3BFBMYGWH8K.pcm

SwiftExplicitDependencyGeneratePcm x86_64 /Users/shotaebi/Library/Developer/Xcode/DerivedData/ModuleCache.noindex/QuartzCore-5U1I705AR086GEC07B9LB5SDW.pcm

SwiftExplicitDependencyGeneratePcm arm64 /Users/shotaebi/Library/Developer/Xcode/DerivedData/ModuleCache.noindex/QuartzCore-59Q9PIAPAGXZII90HQNC4SOM4.pcm

SwiftExplicitDependencyGeneratePcm arm64 /Users/shotaebi/Library/Developer/Xcode/DerivedData/ModuleCache.noindex/CoreImage-5P78CY38SPS8T2OSMY7LAWJRT.pcm

SwiftExplicitDependencyGeneratePcm x86_64 /Users/shotaebi/Library/Developer/Xcode/DerivedData/ModuleCache.noindex/SwiftUICore-BNB5PM7PDXLE27PUAPRLIYAE3.pcm

SwiftExplicitDependencyGeneratePcm arm64 /Users/shotaebi/Library/Developer/Xcode/DerivedData/ModuleCache.noindex/SwiftUICore-6XFR07QXJA3P86HD429WUSXW8.pcm

SwiftExplicitDependencyGeneratePcm x86_64 /Users/shotaebi/Library/Developer/Xcode/DerivedData/ModuleCache.noindex/UIKit-A7A6906O04HDZKFYPEJ8L3OCS.pcm

SwiftExplicitDependencyGeneratePcm arm64 /Users/shotaebi/Library/Developer/Xcode/DerivedData/ModuleCache.noindex/UIKit-8QFSQ5JV23NY6I2SJE9QFSFRU.pcm

SwiftExplicitDependencyGeneratePcm arm64 /Users/shotaebi/Library/Developer/Xcode/DerivedData/ModuleCache.noindex/SwiftUI-CZC9DI0F55FQC21692LOHZ5RK.pcm

SwiftExplicitDependencyGeneratePcm x86_64 /Users/shotaebi/Library/Developer/Xcode/DerivedData/ModuleCache.noindex/SwiftUI-E07J4PA1VUFCFUUPVT2GLOAU8.pcm

SwiftCompile normal x86_64 Compiling\ HomeView.swift,\ ImportExport.swift /Users/shotaebi/Desktop/projects/personal/vibecoding/pd-extension/mobile/ios/ImpulseBlock/Views/HomeView.swift /Users/shotaebi/Desktop/projects/personal/vibecoding/pd-extension/mobile/ios/Shared/ImportExport.swift (in target 'ImpulseBlock' from project 'ImpulseBlock')

SwiftCompile normal x86_64 /Users/shotaebi/Desktop/projects/personal/vibecoding/pd-extension/mobile/ios/ImpulseBlock/Views/HomeView.swift (in target 'ImpulseBlock' from project 'ImpulseBlock')
    cd /Users/shotaebi/Desktop/projects/personal/vibecoding/pd-extension/mobile/ios
    

SwiftCompile normal x86_64 /Users/shotaebi/Desktop/projects/personal/vibecoding/pd-extension/mobile/ios/Shared/ImportExport.swift (in target 'ImpulseBlock' from project 'ImpulseBlock')
    cd /Users/shotaebi/Desktop/projects/personal/vibecoding/pd-extension/mobile/ios
    

SwiftEmitModule normal x86_64 Emitting\ module\ for\ ImpulseBlock (in target 'ImpulseBlock' from project 'ImpulseBlock')

EmitSwiftModule normal x86_64 (in target 'ImpulseBlock' from project 'ImpulseBlock')
    cd /Users/shotaebi/Desktop/projects/personal/vibecoding/pd-extension/mobile/ios
    

SwiftCompile normal x86_64 Compiling\ ImpulseBlockApp.swift /Users/shotaebi/Desktop/projects/personal/vibecoding/pd-extension/mobile/ios/ImpulseBlock/App/ImpulseBlockApp.swift (in target 'ImpulseBlock' from project 'ImpulseBlock')

SwiftCompile normal x86_64 /Users/shotaebi/Desktop/projects/personal/vibecoding/pd-extension/mobile/ios/ImpulseBlock/App/ImpulseBlockApp.swift (in target 'ImpulseBlock' from project 'ImpulseBlock')
    cd /Users/shotaebi/Desktop/projects/personal/vibecoding/pd-extension/mobile/ios
    

SwiftCompile normal x86_64 Compiling\ WebsitesView.swift /Users/shotaebi/Desktop/projects/personal/vibecoding/pd-extension/mobile/ios/ImpulseBlock/Views/WebsitesView.swift (in target 'ImpulseBlock' from project 'ImpulseBlock')

SwiftCompile normal x86_64 /Users/shotaebi/Desktop/projects/personal/vibecoding/pd-extension/mobile/ios/ImpulseBlock/Views/WebsitesView.swift (in target 'ImpulseBlock' from project 'ImpulseBlock')
    cd /Users/shotaebi/Desktop/projects/personal/vibecoding/pd-extension/mobile/ios
    

SwiftCompile normal x86_64 Compiling\ Models.swift /Users/shotaebi/Desktop/projects/personal/vibecoding/pd-extension/mobile/ios/Shared/Models.swift (in target 'ImpulseBlock' from project 'ImpulseBlock')

SwiftCompile normal x86_64 /Users/shotaebi/Desktop/projects/personal/vibecoding/pd-extension/mobile/ios/Shared/Models.swift (in target 'ImpulseBlock' from project 'ImpulseBlock')
    cd /Users/shotaebi/Desktop/projects/personal/vibecoding/pd-extension/mobile/ios
    

SwiftCompile normal x86_64 Compiling\ AppModel.swift,\ AppsView.swift /Users/shotaebi/Desktop/projects/personal/vibecoding/pd-extension/mobile/ios/ImpulseBlock/Managers/AppModel.swift /Users/shotaebi/Desktop/projects/personal/vibecoding/pd-extension/mobile/ios/ImpulseBlock/Views/AppsView.swift (in target 'ImpulseBlock' from project 'ImpulseBlock')

SwiftCompile normal x86_64 /Users/shotaebi/Desktop/projects/personal/vibecoding/pd-extension/mobile/ios/ImpulseBlock/Managers/AppModel.swift (in target 'ImpulseBlock' from project 'ImpulseBlock')
    cd /Users/shotaebi/Desktop/projects/personal/vibecoding/pd-extension/mobile/ios
    

SwiftCompile normal x86_64 /Users/shotaebi/Desktop/projects/personal/vibecoding/pd-extension/mobile/ios/ImpulseBlock/Views/AppsView.swift (in target 'ImpulseBlock' from project 'ImpulseBlock')
    cd /Users/shotaebi/Desktop/projects/personal/vibecoding/pd-extension/mobile/ios
    

SwiftCompile normal x86_64 Compiling\ SharedStore.swift /Users/shotaebi/Desktop/projects/personal/vibecoding/pd-extension/mobile/ios/Shared/SharedStore.swift (in target 'ImpulseBlock' from project 'ImpulseBlock')

SwiftCompile normal x86_64 /Users/shotaebi/Desktop/projects/personal/vibecoding/pd-extension/mobile/ios/Shared/SharedStore.swift (in target 'ImpulseBlock' from project 'ImpulseBlock')
    cd /Users/shotaebi/Desktop/projects/personal/vibecoding/pd-extension/mobile/ios
    

SwiftCompile normal x86_64 Compiling\ OnboardingView.swift /Users/shotaebi/Desktop/projects/personal/vibecoding/pd-extension/mobile/ios/ImpulseBlock/Views/OnboardingView.swift (in target 'ImpulseBlock' from project 'ImpulseBlock')

SwiftCompile normal x86_64 /Users/shotaebi/Desktop/projects/personal/vibecoding/pd-extension/mobile/ios/ImpulseBlock/Views/OnboardingView.swift (in target 'ImpulseBlock' from project 'ImpulseBlock')
    cd /Users/shotaebi/Desktop/projects/personal/vibecoding/pd-extension/mobile/ios
    

SwiftCompile normal x86_64 Compiling\ ShieldApplier.swift /Users/shotaebi/Desktop/projects/personal/vibecoding/pd-extension/mobile/ios/Shared/ShieldApplier.swift (in target 'ImpulseBlock' from project 'ImpulseBlock')

SwiftCompile normal x86_64 /Users/shotaebi/Desktop/projects/personal/vibecoding/pd-extension/mobile/ios/Shared/ShieldApplier.swift (in target 'ImpulseBlock' from project 'ImpulseBlock')
    cd /Users/shotaebi/Desktop/projects/personal/vibecoding/pd-extension/mobile/ios
    

SwiftCompile normal x86_64 Compiling\ RootView.swift /Users/shotaebi/Desktop/projects/personal/vibecoding/pd-extension/mobile/ios/ImpulseBlock/Views/RootView.swift (in target 'ImpulseBlock' from project 'ImpulseBlock')

SwiftCompile normal x86_64 /Users/shotaebi/Desktop/projects/personal/vibecoding/pd-extension/mobile/ios/ImpulseBlock/Views/RootView.swift (in target 'ImpulseBlock' from project 'ImpulseBlock')
    cd /Users/shotaebi/Desktop/projects/personal/vibecoding/pd-extension/mobile/ios
    

SwiftCompile normal x86_64 Compiling\ SettingsView.swift /Users/shotaebi/Desktop/projects/personal/vibecoding/pd-extension/mobile/ios/ImpulseBlock/Views/SettingsView.swift (in target 'ImpulseBlock' from project 'ImpulseBlock')

SwiftCompile normal x86_64 /Users/shotaebi/Desktop/projects/personal/vibecoding/pd-extension/mobile/ios/ImpulseBlock/Views/SettingsView.swift (in target 'ImpulseBlock' from project 'ImpulseBlock')
    cd /Users/shotaebi/Desktop/projects/personal/vibecoding/pd-extension/mobile/ios
    

SwiftCompile normal x86_64 Compiling\ Punycode.swift /Users/shotaebi/Desktop/projects/personal/vibecoding/pd-extension/mobile/ios/Shared/Punycode.swift (in target 'ImpulseBlock' from project 'ImpulseBlock')

SwiftCompile normal x86_64 /Users/shotaebi/Desktop/projects/personal/vibecoding/pd-extension/mobile/ios/Shared/Punycode.swift (in target 'ImpulseBlock' from project 'ImpulseBlock')
    cd /Users/shotaebi/Desktop/projects/personal/vibecoding/pd-extension/mobile/ios
    

SwiftCompile normal x86_64 Compiling\ AuthorizationManager.swift,\ DomainNormalizer.swift /Users/shotaebi/Desktop/projects/personal/vibecoding/pd-extension/mobile/ios/ImpulseBlock/Managers/AuthorizationManager.swift /Users/shotaebi/Desktop/projects/personal/vibecoding/pd-extension/mobile/ios/Shared/DomainNormalizer.swift (in target 'ImpulseBlock' from project 'ImpulseBlock')

SwiftCompile normal x86_64 /Users/shotaebi/Desktop/projects/personal/vibecoding/pd-extension/mobile/ios/ImpulseBlock/Managers/AuthorizationManager.swift (in target 'ImpulseBlock' from project 'ImpulseBlock')
    cd /Users/shotaebi/Desktop/projects/personal/vibecoding/pd-extension/mobile/ios
    

SwiftCompile normal x86_64 /Users/shotaebi/Desktop/projects/personal/vibecoding/pd-extension/mobile/ios/Shared/DomainNormalizer.swift (in target 'ImpulseBlock' from project 'ImpulseBlock')
    cd /Users/shotaebi/Desktop/projects/personal/vibecoding/pd-extension/mobile/ios
    

SwiftEmitModule normal arm64 Emitting\ module\ for\ ImpulseBlock (in target 'ImpulseBlock' from project 'ImpulseBlock')

EmitSwiftModule normal arm64 (in target 'ImpulseBlock' from project 'ImpulseBlock')
    cd /Users/shotaebi/Desktop/projects/personal/vibecoding/pd-extension/mobile/ios
    

SwiftDriverJobDiscovery normal x86_64 Compiling ShieldApplier.swift (in target 'ImpulseBlock' from project 'ImpulseBlock')

SwiftCompile normal arm64 Compiling\ AuthorizationManager.swift,\ DomainNormalizer.swift /Users/shotaebi/Desktop/projects/personal/vibecoding/pd-extension/mobile/ios/ImpulseBlock/Managers/AuthorizationManager.swift /Users/shotaebi/Desktop/projects/personal/vibecoding/pd-extension/mobile/ios/Shared/DomainNormalizer.swift (in target 'ImpulseBlock' from project 'ImpulseBlock')

SwiftCompile normal arm64 /Users/shotaebi/Desktop/projects/personal/vibecoding/pd-extension/mobile/ios/ImpulseBlock/Managers/AuthorizationManager.swift (in target 'ImpulseBlock' from project 'ImpulseBlock')
    cd /Users/shotaebi/Desktop/projects/personal/vibecoding/pd-extension/mobile/ios
    

SwiftCompile normal arm64 /Users/shotaebi/Desktop/projects/personal/vibecoding/pd-extension/mobile/ios/Shared/DomainNormalizer.swift (in target 'ImpulseBlock' from project 'ImpulseBlock')
    cd /Users/shotaebi/Desktop/projects/personal/vibecoding/pd-extension/mobile/ios
    

SwiftDriverJobDiscovery normal x86_64 Compiling RootView.swift (in target 'ImpulseBlock' from project 'ImpulseBlock')

SwiftCompile normal arm64 Compiling\ WebsitesView.swift /Users/shotaebi/Desktop/projects/personal/vibecoding/pd-extension/mobile/ios/ImpulseBlock/Views/WebsitesView.swift (in target 'ImpulseBlock' from project 'ImpulseBlock')

SwiftCompile normal arm64 /Users/shotaebi/Desktop/projects/personal/vibecoding/pd-extension/mobile/ios/ImpulseBlock/Views/WebsitesView.swift (in target 'ImpulseBlock' from project 'ImpulseBlock')
    cd /Users/shotaebi/Desktop/projects/personal/vibecoding/pd-extension/mobile/ios
    

SwiftDriverJobDiscovery normal x86_64 Compiling SharedStore.swift (in target 'ImpulseBlock' from project 'ImpulseBlock')

SwiftCompile normal arm64 Compiling\ ImpulseBlockApp.swift /Users/shotaebi/Desktop/projects/personal/vibecoding/pd-extension/mobile/ios/ImpulseBlock/App/ImpulseBlockApp.swift (in target 'ImpulseBlock' from project 'ImpulseBlock')

SwiftCompile normal arm64 /Users/shotaebi/Desktop/projects/personal/vibecoding/pd-extension/mobile/ios/ImpulseBlock/App/ImpulseBlockApp.swift (in target 'ImpulseBlock' from project 'ImpulseBlock')
    cd /Users/shotaebi/Desktop/projects/personal/vibecoding/pd-extension/mobile/ios
    

SwiftDriverJobDiscovery normal x86_64 Compiling ImpulseBlockApp.swift (in target 'ImpulseBlock' from project 'ImpulseBlock')

SwiftCompile normal arm64 Compiling\ SharedStore.swift /Users/shotaebi/Desktop/projects/personal/vibecoding/pd-extension/mobile/ios/Shared/SharedStore.swift (in target 'ImpulseBlock' from project 'ImpulseBlock')

SwiftCompile normal arm64 /Users/shotaebi/Desktop/projects/personal/vibecoding/pd-extension/mobile/ios/Shared/SharedStore.swift (in target 'ImpulseBlock' from project 'ImpulseBlock')
    cd /Users/shotaebi/Desktop/projects/personal/vibecoding/pd-extension/mobile/ios
    

SwiftDriverJobDiscovery normal x86_64 Compiling AuthorizationManager.swift, DomainNormalizer.swift (in target 'ImpulseBlock' from project 'ImpulseBlock')

SwiftCompile normal arm64 Compiling\ OnboardingView.swift /Users/shotaebi/Desktop/projects/personal/vibecoding/pd-extension/mobile/ios/ImpulseBlock/Views/OnboardingView.swift (in target 'ImpulseBlock' from project 'ImpulseBlock')

SwiftCompile normal arm64 /Users/shotaebi/Desktop/projects/personal/vibecoding/pd-extension/mobile/ios/ImpulseBlock/Views/OnboardingView.swift (in target 'ImpulseBlock' from project 'ImpulseBlock')
    cd /Users/shotaebi/Desktop/projects/personal/vibecoding/pd-extension/mobile/ios
    

SwiftDriverJobDiscovery normal x86_64 Emitting module for ImpulseBlock (in target 'ImpulseBlock' from project 'ImpulseBlock')

SwiftDriver\ Compilation\ Requirements ImpulseBlock normal x86_64 com.apple.xcode.tools.swift.compiler (in target 'ImpulseBlock' from project 'ImpulseBlock')
    cd /Users/shotaebi/Desktop/projects/personal/vibecoding/pd-extension/mobile/ios
    builtin-Swift-Compilation-Requirements -- /Applications/Xcode.app/Contents/Developer/Toolchains/XcodeDefault.xctoolchain/usr/bin/swiftc -module-name ImpulseBlock -Onone -enforce-exclusivity\=checked @/Users/shotaebi/Library/Developer/Xcode/DerivedData/ImpulseBlock-dewhddckbhxdqfclawzhypslvoim/Build/Intermediates.noindex/ImpulseBlock.build/Debug-iphonesimulator/ImpulseBlock.build/Objects-normal/x86_64/ImpulseBlock.SwiftFileList -DDEBUG -enable-bare-slash-regex -enable-experimental-feature DebugDescriptionMacro -sdk /Applications/Xcode.app/Contents/Developer/Platforms/iPhoneSimulator.platform/Developer/SDKs/iPhoneSimulator26.2.sdk -target x86_64-apple-ios16.0-simulator -g -module-cache-path /Users/shotaebi/Library/Developer/Xcode/DerivedData/ModuleCache.noindex -Xfrontend -serialize-debugging-options -enable-testing -index-store-path /Users/shotaebi/Library/Developer/Xcode/DerivedData/ImpulseBlock-dewhddckbhxdqfclawzhypslvoim/Index.noindex/DataStore -Xcc -D_LIBCPP_HARDENING_MODE\=_LIBCPP_HARDENING_MODE_DEBUG -swift-version 5 -I /Users/shotaebi/Library/Developer/Xcode/DerivedData/ImpulseBlock-dewhddckbhxdqfclawzhypslvoim/Build/Products/Debug-iphonesimulator -F /Users/shotaebi/Library/Developer/Xcode/DerivedData/ImpulseBlock-dewhddckbhxdqfclawzhypslvoim/Build/Products/Debug-iphonesimulator -c -j14 -enable-batch-mode -incremental -Xcc -ivfsstatcache -Xcc /Users/shotaebi/Library/Developer/Xcode/DerivedData/SDKStatCaches.noindex/iphonesimulator26.2-23C57-7d00a8b37fbd7999ea79df8ebc024bf0.sdkstatcache -output-file-map /Users/shotaebi/Library/Developer/Xcode/DerivedData/ImpulseBlock-dewhddckbhxdqfclawzhypslvoim/Build/Intermediates.noindex/ImpulseBlock.build/Debug-iphonesimulator/ImpulseBlock.build/Objects-normal/x86_64/ImpulseBlock-OutputFileMap.json -use-frontend-parseable-output -save-temps -no-color-diagnostics -explicit-module-build -module-cache-path /Users/shotaebi/Library/Developer/Xcode/DerivedData/ImpulseBlock-dewhddckbhxdqfclawzhypslvoim/Build/Intermediates.noindex/SwiftExplicitPrecompiledModules -clang-scanner-module-cache-path /Users/shotaebi/Library/Developer/Xcode/DerivedData/ModuleCache.noindex -sdk-module-cache-path /Users/shotaebi/Library/Developer/Xcode/DerivedData/ModuleCache.noindex -serialize-diagnostics -emit-dependencies -emit-module -emit-module-path /Users/shotaebi/Library/Developer/Xcode/DerivedData/ImpulseBlock-dewhddckbhxdqfclawzhypslvoim/Build/Intermediates.noindex/ImpulseBlock.build/Debug-iphonesimulator/ImpulseBlock.build/Objects-normal/x86_64/ImpulseBlock.swiftmodule -validate-clang-modules-once -clang-build-session-file /Users/shotaebi/Library/Developer/Xcode/DerivedData/ModuleCache.noindex/Session.modulevalidation -Xcc -I/Users/shotaebi/Library/Developer/Xcode/DerivedData/ImpulseBlock-dewhddckbhxdqfclawzhypslvoim/Build/Intermediates.noindex/ImpulseBlock.build/Debug-iphonesimulator/ImpulseBlock.build/swift-overrides.hmap -emit-const-values -Xfrontend -const-gather-protocols-file -Xfrontend /Users/shotaebi/Library/Developer/Xcode/DerivedData/ImpulseBlock-dewhddckbhxdqfclawzhypslvoim/Build/Intermediates.noindex/ImpulseBlock.build/Debug-iphonesimulator/ImpulseBlock.build/Objects-normal/x86_64/ImpulseBlock_const_extract_protocols.json -Xcc -iquote -Xcc /Users/shotaebi/Library/Developer/Xcode/DerivedData/ImpulseBlock-dewhddckbhxdqfclawzhypslvoim/Build/Intermediates.noindex/ImpulseBlock.build/Debug-iphonesimulator/ImpulseBlock.build/ImpulseBlock-generated-files.hmap -Xcc -I/Users/shotaebi/Library/Developer/Xcode/DerivedData/ImpulseBlock-dewhddckbhxdqfclawzhypslvoim/Build/Intermediates.noindex/ImpulseBlock.build/Debug-iphonesimulator/ImpulseBlock.build/ImpulseBlock-own-target-headers.hmap -Xcc -I/Users/shotaebi/Library/Developer/Xcode/DerivedData/ImpulseBlock-dewhddckbhxdqfclawzhypslvoim/Build/Intermediates.noindex/ImpulseBlock.build/Debug-iphonesimulator/ImpulseBlock.build/ImpulseBlock-all-target-headers.hmap -Xcc -iquote -Xcc /Users/shotaebi/Library/Developer/Xcode/DerivedData/ImpulseBlock-dewhddckbhxdqfclawzhypslvoim/Build/Intermediates.noindex/ImpulseBlock.build/Debug-iphonesimulator/ImpulseBlock.build/ImpulseBlock-project-headers.hmap -Xcc -I/Users/shotaebi/Library/Developer/Xcode/DerivedData/ImpulseBlock-dewhddckbhxdqfclawzhypslvoim/Build/Products/Debug-iphonesimulator/include -Xcc -I/Users/shotaebi/Library/Developer/Xcode/DerivedData/ImpulseBlock-dewhddckbhxdqfclawzhypslvoim/Build/Intermediates.noindex/ImpulseBlock.build/Debug-iphonesimulator/ImpulseBlock.build/DerivedSources-normal/x86_64 -Xcc -I/Users/shotaebi/Library/Developer/Xcode/DerivedData/ImpulseBlock-dewhddckbhxdqfclawzhypslvoim/Build/Intermediates.noindex/ImpulseBlock.build/Debug-iphonesimulator/ImpulseBlock.build/DerivedSources/x86_64 -Xcc -I/Users/shotaebi/Library/Developer/Xcode/DerivedData/ImpulseBlock-dewhddckbhxdqfclawzhypslvoim/Build/Intermediates.noindex/ImpulseBlock.build/Debug-iphonesimulator/ImpulseBlock.build/DerivedSources -Xcc -DDEBUG\=1 -emit-objc-header -emit-objc-header-path /Users/shotaebi/Library/Developer/Xcode/DerivedData/ImpulseBlock-dewhddckbhxdqfclawzhypslvoim/Build/Intermediates.noindex/ImpulseBlock.build/Debug-iphonesimulator/ImpulseBlock.build/Objects-normal/x86_64/ImpulseBlock-Swift.h -working-directory /Users/shotaebi/Desktop/projects/personal/vibecoding/pd-extension/mobile/ios -experimental-emit-module-separately -disable-cmo

SwiftDriverJobDiscovery normal x86_64 Compiling Punycode.swift (in target 'ImpulseBlock' from project 'ImpulseBlock')

SwiftCompile normal arm64 Compiling\ TempAccessManager.swift /Users/shotaebi/Desktop/projects/personal/vibecoding/pd-extension/mobile/ios/ImpulseBlock/Managers/TempAccessManager.swift (in target 'ImpulseBlock' from project 'ImpulseBlock')

SwiftCompile normal arm64 /Users/shotaebi/Desktop/projects/personal/vibecoding/pd-extension/mobile/ios/ImpulseBlock/Managers/TempAccessManager.swift (in target 'ImpulseBlock' from project 'ImpulseBlock')
    cd /Users/shotaebi/Desktop/projects/personal/vibecoding/pd-extension/mobile/ios
    

SwiftDriverJobDiscovery normal x86_64 Compiling Models.swift (in target 'ImpulseBlock' from project 'ImpulseBlock')

SwiftCompile normal arm64 Compiling\ ShieldApplier.swift /Users/shotaebi/Desktop/projects/personal/vibecoding/pd-extension/mobile/ios/Shared/ShieldApplier.swift (in target 'ImpulseBlock' from project 'ImpulseBlock')

SwiftCompile normal arm64 /Users/shotaebi/Desktop/projects/personal/vibecoding/pd-extension/mobile/ios/Shared/ShieldApplier.swift (in target 'ImpulseBlock' from project 'ImpulseBlock')
    cd /Users/shotaebi/Desktop/projects/personal/vibecoding/pd-extension/mobile/ios
    

SwiftDriverJobDiscovery normal x86_64 Compiling SettingsView.swift (in target 'ImpulseBlock' from project 'ImpulseBlock')

SwiftCompile normal arm64 Compiling\ Punycode.swift /Users/shotaebi/Desktop/projects/personal/vibecoding/pd-extension/mobile/ios/Shared/Punycode.swift (in target 'ImpulseBlock' from project 'ImpulseBlock')

SwiftCompile normal arm64 /Users/shotaebi/Desktop/projects/personal/vibecoding/pd-extension/mobile/ios/Shared/Punycode.swift (in target 'ImpulseBlock' from project 'ImpulseBlock')
    cd /Users/shotaebi/Desktop/projects/personal/vibecoding/pd-extension/mobile/ios
    

SwiftDriverJobDiscovery normal x86_64 Compiling OnboardingView.swift (in target 'ImpulseBlock' from project 'ImpulseBlock')

SwiftCompile normal arm64 Compiling\ GeneratedAssetSymbols.swift /Users/shotaebi/Library/Developer/Xcode/DerivedData/ImpulseBlock-dewhddckbhxdqfclawzhypslvoim/Build/Intermediates.noindex/ImpulseBlock.build/Debug-iphonesimulator/ImpulseBlock.build/DerivedSources/GeneratedAssetSymbols.swift (in target 'ImpulseBlock' from project 'ImpulseBlock')

SwiftCompile normal arm64 /Users/shotaebi/Library/Developer/Xcode/DerivedData/ImpulseBlock-dewhddckbhxdqfclawzhypslvoim/Build/Intermediates.noindex/ImpulseBlock.build/Debug-iphonesimulator/ImpulseBlock.build/DerivedSources/GeneratedAssetSymbols.swift (in target 'ImpulseBlock' from project 'ImpulseBlock')
    cd /Users/shotaebi/Desktop/projects/personal/vibecoding/pd-extension/mobile/ios
    

Copy /Users/shotaebi/Library/Developer/Xcode/DerivedData/ImpulseBlock-dewhddckbhxdqfclawzhypslvoim/Build/Products/Debug-iphonesimulator/ImpulseBlock.swiftmodule/x86_64-apple-ios-simulator.swiftmodule /Users/shotaebi/Library/Developer/Xcode/DerivedData/ImpulseBlock-dewhddckbhxdqfclawzhypslvoim/Build/Intermediates.noindex/ImpulseBlock.build/Debug-iphonesimulator/ImpulseBlock.build/Objects-normal/x86_64/ImpulseBlock.swiftmodule (in target 'ImpulseBlock' from project 'ImpulseBlock')
    cd /Users/shotaebi/Desktop/projects/personal/vibecoding/pd-extension/mobile/ios
    builtin-copy -exclude .DS_Store -exclude CVS -exclude .svn -exclude .git -exclude .hg -resolve-src-symlinks -rename /Users/shotaebi/Library/Developer/Xcode/DerivedData/ImpulseBlock-dewhddckbhxdqfclawzhypslvoim/Build/Intermediates.noindex/ImpulseBlock.build/Debug-iphonesimulator/ImpulseBlock.build/Objects-normal/x86_64/ImpulseBlock.swiftmodule /Users/shotaebi/Library/Developer/Xcode/DerivedData/ImpulseBlock-dewhddckbhxdqfclawzhypslvoim/Build/Products/Debug-iphonesimulator/ImpulseBlock.swiftmodule/x86_64-apple-ios-simulator.swiftmodule

SwiftDriverJobDiscovery normal x86_64 Compiling WebsitesView.swift (in target 'ImpulseBlock' from project 'ImpulseBlock')

Copy /Users/shotaebi/Library/Developer/Xcode/DerivedData/ImpulseBlock-dewhddckbhxdqfclawzhypslvoim/Build/Products/Debug-iphonesimulator/ImpulseBlock.swiftmodule/x86_64-apple-ios-simulator.swiftdoc /Users/shotaebi/Library/Developer/Xcode/DerivedData/ImpulseBlock-dewhddckbhxdqfclawzhypslvoim/Build/Intermediates.noindex/ImpulseBlock.build/Debug-iphonesimulator/ImpulseBlock.build/Objects-normal/x86_64/ImpulseBlock.swiftdoc (in target 'ImpulseBlock' from project 'ImpulseBlock')
    cd /Users/shotaebi/Desktop/projects/personal/vibecoding/pd-extension/mobile/ios
    builtin-copy -exclude .DS_Store -exclude CVS -exclude .svn -exclude .git -exclude .hg -resolve-src-symlinks -rename /Users/shotaebi/Library/Developer/Xcode/DerivedData/ImpulseBlock-dewhddckbhxdqfclawzhypslvoim/Build/Intermediates.noindex/ImpulseBlock.build/Debug-iphonesimulator/ImpulseBlock.build/Objects-normal/x86_64/ImpulseBlock.swiftdoc /Users/shotaebi/Library/Developer/Xcode/DerivedData/ImpulseBlock-dewhddckbhxdqfclawzhypslvoim/Build/Products/Debug-iphonesimulator/ImpulseBlock.swiftmodule/x86_64-apple-ios-simulator.swiftdoc

Copy /Users/shotaebi/Library/Developer/Xcode/DerivedData/ImpulseBlock-dewhddckbhxdqfclawzhypslvoim/Build/Products/Debug-iphonesimulator/ImpulseBlock.swiftmodule/x86_64-apple-ios-simulator.abi.json /Users/shotaebi/Library/Developer/Xcode/DerivedData/ImpulseBlock-dewhddckbhxdqfclawzhypslvoim/Build/Intermediates.noindex/ImpulseBlock.build/Debug-iphonesimulator/ImpulseBlock.build/Objects-normal/x86_64/ImpulseBlock.abi.json (in target 'ImpulseBlock' from project 'ImpulseBlock')
    cd /Users/shotaebi/Desktop/projects/personal/vibecoding/pd-extension/mobile/ios
    builtin-copy -exclude .DS_Store -exclude CVS -exclude .svn -exclude .git -exclude .hg -resolve-src-symlinks -rename /Users/shotaebi/Library/Developer/Xcode/DerivedData/ImpulseBlock-dewhddckbhxdqfclawzhypslvoim/Build/Intermediates.noindex/ImpulseBlock.build/Debug-iphonesimulator/ImpulseBlock.build/Objects-normal/x86_64/ImpulseBlock.abi.json /Users/shotaebi/Library/Developer/Xcode/DerivedData/ImpulseBlock-dewhddckbhxdqfclawzhypslvoim/Build/Products/Debug-iphonesimulator/ImpulseBlock.swiftmodule/x86_64-apple-ios-simulator.abi.json

Copy /Users/shotaebi/Library/Developer/Xcode/DerivedData/ImpulseBlock-dewhddckbhxdqfclawzhypslvoim/Build/Products/Debug-iphonesimulator/ImpulseBlock.swiftmodule/Project/x86_64-apple-ios-simulator.swiftsourceinfo /Users/shotaebi/Library/Developer/Xcode/DerivedData/ImpulseBlock-dewhddckbhxdqfclawzhypslvoim/Build/Intermediates.noindex/ImpulseBlock.build/Debug-iphonesimulator/ImpulseBlock.build/Objects-normal/x86_64/ImpulseBlock.swiftsourceinfo (in target 'ImpulseBlock' from project 'ImpulseBlock')
    cd /Users/shotaebi/Desktop/projects/personal/vibecoding/pd-extension/mobile/ios
    builtin-copy -exclude .DS_Store -exclude CVS -exclude .svn -exclude .git -exclude .hg -resolve-src-symlinks -rename /Users/shotaebi/Library/Developer/Xcode/DerivedData/ImpulseBlock-dewhddckbhxdqfclawzhypslvoim/Build/Intermediates.noindex/ImpulseBlock.build/Debug-iphonesimulator/ImpulseBlock.build/Objects-normal/x86_64/ImpulseBlock.swiftsourceinfo /Users/shotaebi/Library/Developer/Xcode/DerivedData/ImpulseBlock-dewhddckbhxdqfclawzhypslvoim/Build/Products/Debug-iphonesimulator/ImpulseBlock.swiftmodule/Project/x86_64-apple-ios-simulator.swiftsourceinfo

SwiftCompile normal arm64 Compiling\ RootView.swift /Users/shotaebi/Desktop/projects/personal/vibecoding/pd-extension/mobile/ios/ImpulseBlock/Views/RootView.swift (in target 'ImpulseBlock' from project 'ImpulseBlock')

SwiftCompile normal arm64 /Users/shotaebi/Desktop/projects/personal/vibecoding/pd-extension/mobile/ios/ImpulseBlock/Views/RootView.swift (in target 'ImpulseBlock' from project 'ImpulseBlock')
    cd /Users/shotaebi/Desktop/projects/personal/vibecoding/pd-extension/mobile/ios
    

SwiftCompile normal arm64 Compiling\ SettingsView.swift /Users/shotaebi/Desktop/projects/personal/vibecoding/pd-extension/mobile/ios/ImpulseBlock/Views/SettingsView.swift (in target 'ImpulseBlock' from project 'ImpulseBlock')

SwiftCompile normal arm64 /Users/shotaebi/Desktop/projects/personal/vibecoding/pd-extension/mobile/ios/ImpulseBlock/Views/SettingsView.swift (in target 'ImpulseBlock' from project 'ImpulseBlock')
    cd /Users/shotaebi/Desktop/projects/personal/vibecoding/pd-extension/mobile/ios
    

SwiftDriverJobDiscovery normal x86_64 Compiling HomeView.swift, ImportExport.swift (in target 'ImpulseBlock' from project 'ImpulseBlock')

SwiftCompile normal arm64 Compiling\ Models.swift /Users/shotaebi/Desktop/projects/personal/vibecoding/pd-extension/mobile/ios/Shared/Models.swift (in target 'ImpulseBlock' from project 'ImpulseBlock')

SwiftCompile normal arm64 /Users/shotaebi/Desktop/projects/personal/vibecoding/pd-extension/mobile/ios/Shared/Models.swift (in target 'ImpulseBlock' from project 'ImpulseBlock')
    cd /Users/shotaebi/Desktop/projects/personal/vibecoding/pd-extension/mobile/ios
    

SwiftDriverJobDiscovery normal x86_64 Compiling AppModel.swift, AppsView.swift (in target 'ImpulseBlock' from project 'ImpulseBlock')

SwiftCompile normal arm64 Compiling\ HomeView.swift,\ ImportExport.swift /Users/shotaebi/Desktop/projects/personal/vibecoding/pd-extension/mobile/ios/ImpulseBlock/Views/HomeView.swift /Users/shotaebi/Desktop/projects/personal/vibecoding/pd-extension/mobile/ios/Shared/ImportExport.swift (in target 'ImpulseBlock' from project 'ImpulseBlock')

SwiftCompile normal arm64 /Users/shotaebi/Desktop/projects/personal/vibecoding/pd-extension/mobile/ios/ImpulseBlock/Views/HomeView.swift (in target 'ImpulseBlock' from project 'ImpulseBlock')
    cd /Users/shotaebi/Desktop/projects/personal/vibecoding/pd-extension/mobile/ios
    

SwiftCompile normal arm64 /Users/shotaebi/Desktop/projects/personal/vibecoding/pd-extension/mobile/ios/Shared/ImportExport.swift (in target 'ImpulseBlock' from project 'ImpulseBlock')
    cd /Users/shotaebi/Desktop/projects/personal/vibecoding/pd-extension/mobile/ios
    

SwiftDriverJobDiscovery normal arm64 Emitting module for ImpulseBlock (in target 'ImpulseBlock' from project 'ImpulseBlock')

SwiftDriver\ Compilation\ Requirements ImpulseBlock normal arm64 com.apple.xcode.tools.swift.compiler (in target 'ImpulseBlock' from project 'ImpulseBlock')
    cd /Users/shotaebi/Desktop/projects/personal/vibecoding/pd-extension/mobile/ios
    builtin-Swift-Compilation-Requirements -- /Applications/Xcode.app/Contents/Developer/Toolchains/XcodeDefault.xctoolchain/usr/bin/swiftc -module-name ImpulseBlock -Onone -enforce-exclusivity\=checked @/Users/shotaebi/Library/Developer/Xcode/DerivedData/ImpulseBlock-dewhddckbhxdqfclawzhypslvoim/Build/Intermediates.noindex/ImpulseBlock.build/Debug-iphonesimulator/ImpulseBlock.build/Objects-normal/arm64/ImpulseBlock.SwiftFileList -DDEBUG -enable-bare-slash-regex -enable-experimental-feature DebugDescriptionMacro -sdk /Applications/Xcode.app/Contents/Developer/Platforms/iPhoneSimulator.platform/Developer/SDKs/iPhoneSimulator26.2.sdk -target arm64-apple-ios16.0-simulator -g -module-cache-path /Users/shotaebi/Library/Developer/Xcode/DerivedData/ModuleCache.noindex -Xfrontend -serialize-debugging-options -enable-testing -index-store-path /Users/shotaebi/Library/Developer/Xcode/DerivedData/ImpulseBlock-dewhddckbhxdqfclawzhypslvoim/Index.noindex/DataStore -Xcc -D_LIBCPP_HARDENING_MODE\=_LIBCPP_HARDENING_MODE_DEBUG -swift-version 5 -I /Users/shotaebi/Library/Developer/Xcode/DerivedData/ImpulseBlock-dewhddckbhxdqfclawzhypslvoim/Build/Products/Debug-iphonesimulator -F /Users/shotaebi/Library/Developer/Xcode/DerivedData/ImpulseBlock-dewhddckbhxdqfclawzhypslvoim/Build/Products/Debug-iphonesimulator -c -j14 -enable-batch-mode -incremental -Xcc -ivfsstatcache -Xcc /Users/shotaebi/Library/Developer/Xcode/DerivedData/SDKStatCaches.noindex/iphonesimulator26.2-23C57-7d00a8b37fbd7999ea79df8ebc024bf0.sdkstatcache -output-file-map /Users/shotaebi/Library/Developer/Xcode/DerivedData/ImpulseBlock-dewhddckbhxdqfclawzhypslvoim/Build/Intermediates.noindex/ImpulseBlock.build/Debug-iphonesimulator/ImpulseBlock.build/Objects-normal/arm64/ImpulseBlock-OutputFileMap.json -use-frontend-parseable-output -save-temps -no-color-diagnostics -explicit-module-build -module-cache-path /Users/shotaebi/Library/Developer/Xcode/DerivedData/ImpulseBlock-dewhddckbhxdqfclawzhypslvoim/Build/Intermediates.noindex/SwiftExplicitPrecompiledModules -clang-scanner-module-cache-path /Users/shotaebi/Library/Developer/Xcode/DerivedData/ModuleCache.noindex -sdk-module-cache-path /Users/shotaebi/Library/Developer/Xcode/DerivedData/ModuleCache.noindex -serialize-diagnostics -emit-dependencies -emit-module -emit-module-path /Users/shotaebi/Library/Developer/Xcode/DerivedData/ImpulseBlock-dewhddckbhxdqfclawzhypslvoim/Build/Intermediates.noindex/ImpulseBlock.build/Debug-iphonesimulator/ImpulseBlock.build/Objects-normal/arm64/ImpulseBlock.swiftmodule -validate-clang-modules-once -clang-build-session-file /Users/shotaebi/Library/Developer/Xcode/DerivedData/ModuleCache.noindex/Session.modulevalidation -Xcc -I/Users/shotaebi/Library/Developer/Xcode/DerivedData/ImpulseBlock-dewhddckbhxdqfclawzhypslvoim/Build/Intermediates.noindex/ImpulseBlock.build/Debug-iphonesimulator/ImpulseBlock.build/swift-overrides.hmap -emit-const-values -Xfrontend -const-gather-protocols-file -Xfrontend /Users/shotaebi/Library/Developer/Xcode/DerivedData/ImpulseBlock-dewhddckbhxdqfclawzhypslvoim/Build/Intermediates.noindex/ImpulseBlock.build/Debug-iphonesimulator/ImpulseBlock.build/Objects-normal/arm64/ImpulseBlock_const_extract_protocols.json -Xcc -iquote -Xcc /Users/shotaebi/Library/Developer/Xcode/DerivedData/ImpulseBlock-dewhddckbhxdqfclawzhypslvoim/Build/Intermediates.noindex/ImpulseBlock.build/Debug-iphonesimulator/ImpulseBlock.build/ImpulseBlock-generated-files.hmap -Xcc -I/Users/shotaebi/Library/Developer/Xcode/DerivedData/ImpulseBlock-dewhddckbhxdqfclawzhypslvoim/Build/Intermediates.noindex/ImpulseBlock.build/Debug-iphonesimulator/ImpulseBlock.build/ImpulseBlock-own-target-headers.hmap -Xcc -I/Users/shotaebi/Library/Developer/Xcode/DerivedData/ImpulseBlock-dewhddckbhxdqfclawzhypslvoim/Build/Intermediates.noindex/ImpulseBlock.build/Debug-iphonesimulator/ImpulseBlock.build/ImpulseBlock-all-target-headers.hmap -Xcc -iquote -Xcc /Users/shotaebi/Library/Developer/Xcode/DerivedData/ImpulseBlock-dewhddckbhxdqfclawzhypslvoim/Build/Intermediates.noindex/ImpulseBlock.build/Debug-iphonesimulator/ImpulseBlock.build/ImpulseBlock-project-headers.hmap -Xcc -I/Users/shotaebi/Library/Developer/Xcode/DerivedData/ImpulseBlock-dewhddckbhxdqfclawzhypslvoim/Build/Products/Debug-iphonesimulator/include -Xcc -I/Users/shotaebi/Library/Developer/Xcode/DerivedData/ImpulseBlock-dewhddckbhxdqfclawzhypslvoim/Build/Intermediates.noindex/ImpulseBlock.build/Debug-iphonesimulator/ImpulseBlock.build/DerivedSources-normal/arm64 -Xcc -I/Users/shotaebi/Library/Developer/Xcode/DerivedData/ImpulseBlock-dewhddckbhxdqfclawzhypslvoim/Build/Intermediates.noindex/ImpulseBlock.build/Debug-iphonesimulator/ImpulseBlock.build/DerivedSources/arm64 -Xcc -I/Users/shotaebi/Library/Developer/Xcode/DerivedData/ImpulseBlock-dewhddckbhxdqfclawzhypslvoim/Build/Intermediates.noindex/ImpulseBlock.build/Debug-iphonesimulator/ImpulseBlock.build/DerivedSources -Xcc -DDEBUG\=1 -emit-objc-header -emit-objc-header-path /Users/shotaebi/Library/Developer/Xcode/DerivedData/ImpulseBlock-dewhddckbhxdqfclawzhypslvoim/Build/Intermediates.noindex/ImpulseBlock.build/Debug-iphonesimulator/ImpulseBlock.build/Objects-normal/arm64/ImpulseBlock-Swift.h -working-directory /Users/shotaebi/Desktop/projects/personal/vibecoding/pd-extension/mobile/ios -experimental-emit-module-separately -disable-cmo

SwiftDriverJobDiscovery normal arm64 Compiling TempAccessManager.swift (in target 'ImpulseBlock' from project 'ImpulseBlock')

SwiftCompile normal x86_64 Compiling\ TempAccessManager.swift /Users/shotaebi/Desktop/projects/personal/vibecoding/pd-extension/mobile/ios/ImpulseBlock/Managers/TempAccessManager.swift (in target 'ImpulseBlock' from project 'ImpulseBlock')

SwiftCompile normal x86_64 /Users/shotaebi/Desktop/projects/personal/vibecoding/pd-extension/mobile/ios/ImpulseBlock/Managers/TempAccessManager.swift (in target 'ImpulseBlock' from project 'ImpulseBlock')
    cd /Users/shotaebi/Desktop/projects/personal/vibecoding/pd-extension/mobile/ios
    

SwiftDriverJobDiscovery normal arm64 Compiling RootView.swift (in target 'ImpulseBlock' from project 'ImpulseBlock')

SwiftCompile normal arm64 Compiling\ AppModel.swift,\ AppsView.swift /Users/shotaebi/Desktop/projects/personal/vibecoding/pd-extension/mobile/ios/ImpulseBlock/Managers/AppModel.swift /Users/shotaebi/Desktop/projects/personal/vibecoding/pd-extension/mobile/ios/ImpulseBlock/Views/AppsView.swift (in target 'ImpulseBlock' from project 'ImpulseBlock')

SwiftCompile normal arm64 /Users/shotaebi/Desktop/projects/personal/vibecoding/pd-extension/mobile/ios/ImpulseBlock/Managers/AppModel.swift (in target 'ImpulseBlock' from project 'ImpulseBlock')
    cd /Users/shotaebi/Desktop/projects/personal/vibecoding/pd-extension/mobile/ios
    

SwiftCompile normal arm64 /Users/shotaebi/Desktop/projects/personal/vibecoding/pd-extension/mobile/ios/ImpulseBlock/Views/AppsView.swift (in target 'ImpulseBlock' from project 'ImpulseBlock')
    cd /Users/shotaebi/Desktop/projects/personal/vibecoding/pd-extension/mobile/ios
    

SwiftDriverJobDiscovery normal arm64 Compiling ShieldApplier.swift (in target 'ImpulseBlock' from project 'ImpulseBlock')

SwiftCompile normal x86_64 Compiling\ GeneratedAssetSymbols.swift /Users/shotaebi/Library/Developer/Xcode/DerivedData/ImpulseBlock-dewhddckbhxdqfclawzhypslvoim/Build/Intermediates.noindex/ImpulseBlock.build/Debug-iphonesimulator/ImpulseBlock.build/DerivedSources/GeneratedAssetSymbols.swift (in target 'ImpulseBlock' from project 'ImpulseBlock')

SwiftCompile normal x86_64 /Users/shotaebi/Library/Developer/Xcode/DerivedData/ImpulseBlock-dewhddckbhxdqfclawzhypslvoim/Build/Intermediates.noindex/ImpulseBlock.build/Debug-iphonesimulator/ImpulseBlock.build/DerivedSources/GeneratedAssetSymbols.swift (in target 'ImpulseBlock' from project 'ImpulseBlock')
    cd /Users/shotaebi/Desktop/projects/personal/vibecoding/pd-extension/mobile/ios
    

SwiftDriverJobDiscovery normal arm64 Compiling SharedStore.swift (in target 'ImpulseBlock' from project 'ImpulseBlock')

SwiftDriverJobDiscovery normal arm64 Compiling GeneratedAssetSymbols.swift (in target 'ImpulseBlock' from project 'ImpulseBlock')

Copy /Users/shotaebi/Library/Developer/Xcode/DerivedData/ImpulseBlock-dewhddckbhxdqfclawzhypslvoim/Build/Products/Debug-iphonesimulator/ImpulseBlock.swiftmodule/arm64-apple-ios-simulator.swiftmodule /Users/shotaebi/Library/Developer/Xcode/DerivedData/ImpulseBlock-dewhddckbhxdqfclawzhypslvoim/Build/Intermediates.noindex/ImpulseBlock.build/Debug-iphonesimulator/ImpulseBlock.build/Objects-normal/arm64/ImpulseBlock.swiftmodule (in target 'ImpulseBlock' from project 'ImpulseBlock')
    cd /Users/shotaebi/Desktop/projects/personal/vibecoding/pd-extension/mobile/ios
    builtin-copy -exclude .DS_Store -exclude CVS -exclude .svn -exclude .git -exclude .hg -resolve-src-symlinks -rename /Users/shotaebi/Library/Developer/Xcode/DerivedData/ImpulseBlock-dewhddckbhxdqfclawzhypslvoim/Build/Intermediates.noindex/ImpulseBlock.build/Debug-iphonesimulator/ImpulseBlock.build/Objects-normal/arm64/ImpulseBlock.swiftmodule /Users/shotaebi/Library/Developer/Xcode/DerivedData/ImpulseBlock-dewhddckbhxdqfclawzhypslvoim/Build/Products/Debug-iphonesimulator/ImpulseBlock.swiftmodule/arm64-apple-ios-simulator.swiftmodule

SwiftMergeGeneratedHeaders /Users/shotaebi/Library/Developer/Xcode/DerivedData/ImpulseBlock-dewhddckbhxdqfclawzhypslvoim/Build/Intermediates.noindex/ImpulseBlock.build/Debug-iphonesimulator/ImpulseBlock.build/DerivedSources/ImpulseBlock-Swift.h /Users/shotaebi/Library/Developer/Xcode/DerivedData/ImpulseBlock-dewhddckbhxdqfclawzhypslvoim/Build/Intermediates.noindex/ImpulseBlock.build/Debug-iphonesimulator/ImpulseBlock.build/Objects-normal/arm64/ImpulseBlock-Swift.h /Users/shotaebi/Library/Developer/Xcode/DerivedData/ImpulseBlock-dewhddckbhxdqfclawzhypslvoim/Build/Intermediates.noindex/ImpulseBlock.build/Debug-iphonesimulator/ImpulseBlock.build/Objects-normal/x86_64/ImpulseBlock-Swift.h (in target 'ImpulseBlock' from project 'ImpulseBlock')
    cd /Users/shotaebi/Desktop/projects/personal/vibecoding/pd-extension/mobile/ios
    builtin-swiftHeaderTool -arch arm64 /Users/shotaebi/Library/Developer/Xcode/DerivedData/ImpulseBlock-dewhddckbhxdqfclawzhypslvoim/Build/Intermediates.noindex/ImpulseBlock.build/Debug-iphonesimulator/ImpulseBlock.build/Objects-normal/arm64/ImpulseBlock-Swift.h -arch x86_64 /Users/shotaebi/Library/Developer/Xcode/DerivedData/ImpulseBlock-dewhddckbhxdqfclawzhypslvoim/Build/Intermediates.noindex/ImpulseBlock.build/Debug-iphonesimulator/ImpulseBlock.build/Objects-normal/x86_64/ImpulseBlock-Swift.h -o /Users/shotaebi/Library/Developer/Xcode/DerivedData/ImpulseBlock-dewhddckbhxdqfclawzhypslvoim/Build/Intermediates.noindex/ImpulseBlock.build/Debug-iphonesimulator/ImpulseBlock.build/DerivedSources/ImpulseBlock-Swift.h

Copy /Users/shotaebi/Library/Developer/Xcode/DerivedData/ImpulseBlock-dewhddckbhxdqfclawzhypslvoim/Build/Products/Debug-iphonesimulator/ImpulseBlock.swiftmodule/arm64-apple-ios-simulator.swiftdoc /Users/shotaebi/Library/Developer/Xcode/DerivedData/ImpulseBlock-dewhddckbhxdqfclawzhypslvoim/Build/Intermediates.noindex/ImpulseBlock.build/Debug-iphonesimulator/ImpulseBlock.build/Objects-normal/arm64/ImpulseBlock.swiftdoc (in target 'ImpulseBlock' from project 'ImpulseBlock')
    cd /Users/shotaebi/Desktop/projects/personal/vibecoding/pd-extension/mobile/ios
    builtin-copy -exclude .DS_Store -exclude CVS -exclude .svn -exclude .git -exclude .hg -resolve-src-symlinks -rename /Users/shotaebi/Library/Developer/Xcode/DerivedData/ImpulseBlock-dewhddckbhxdqfclawzhypslvoim/Build/Intermediates.noindex/ImpulseBlock.build/Debug-iphonesimulator/ImpulseBlock.build/Objects-normal/arm64/ImpulseBlock.swiftdoc /Users/shotaebi/Library/Developer/Xcode/DerivedData/ImpulseBlock-dewhddckbhxdqfclawzhypslvoim/Build/Products/Debug-iphonesimulator/ImpulseBlock.swiftmodule/arm64-apple-ios-simulator.swiftdoc

Copy /Users/shotaebi/Library/Developer/Xcode/DerivedData/ImpulseBlock-dewhddckbhxdqfclawzhypslvoim/Build/Products/Debug-iphonesimulator/ImpulseBlock.swiftmodule/arm64-apple-ios-simulator.abi.json /Users/shotaebi/Library/Developer/Xcode/DerivedData/ImpulseBlock-dewhddckbhxdqfclawzhypslvoim/Build/Intermediates.noindex/ImpulseBlock.build/Debug-iphonesimulator/ImpulseBlock.build/Objects-normal/arm64/ImpulseBlock.abi.json (in target 'ImpulseBlock' from project 'ImpulseBlock')
    cd /Users/shotaebi/Desktop/projects/personal/vibecoding/pd-extension/mobile/ios
    builtin-copy -exclude .DS_Store -exclude CVS -exclude .svn -exclude .git -exclude .hg -resolve-src-symlinks -rename /Users/shotaebi/Library/Developer/Xcode/DerivedData/ImpulseBlock-dewhddckbhxdqfclawzhypslvoim/Build/Intermediates.noindex/ImpulseBlock.build/Debug-iphonesimulator/ImpulseBlock.build/Objects-normal/arm64/ImpulseBlock.abi.json /Users/shotaebi/Library/Developer/Xcode/DerivedData/ImpulseBlock-dewhddckbhxdqfclawzhypslvoim/Build/Products/Debug-iphonesimulator/ImpulseBlock.swiftmodule/arm64-apple-ios-simulator.abi.json

SwiftDriverJobDiscovery normal arm64 Compiling Models.swift (in target 'ImpulseBlock' from project 'ImpulseBlock')

Copy /Users/shotaebi/Library/Developer/Xcode/DerivedData/ImpulseBlock-dewhddckbhxdqfclawzhypslvoim/Build/Products/Debug-iphonesimulator/ImpulseBlock.swiftmodule/Project/arm64-apple-ios-simulator.swiftsourceinfo /Users/shotaebi/Library/Developer/Xcode/DerivedData/ImpulseBlock-dewhddckbhxdqfclawzhypslvoim/Build/Intermediates.noindex/ImpulseBlock.build/Debug-iphonesimulator/ImpulseBlock.build/Objects-normal/arm64/ImpulseBlock.swiftsourceinfo (in target 'ImpulseBlock' from project 'ImpulseBlock')
    cd /Users/shotaebi/Desktop/projects/personal/vibecoding/pd-extension/mobile/ios
    builtin-copy -exclude .DS_Store -exclude CVS -exclude .svn -exclude .git -exclude .hg -resolve-src-symlinks -rename /Users/shotaebi/Library/Developer/Xcode/DerivedData/ImpulseBlock-dewhddckbhxdqfclawzhypslvoim/Build/Intermediates.noindex/ImpulseBlock.build/Debug-iphonesimulator/ImpulseBlock.build/Objects-normal/arm64/ImpulseBlock.swiftsourceinfo /Users/shotaebi/Library/Developer/Xcode/DerivedData/ImpulseBlock-dewhddckbhxdqfclawzhypslvoim/Build/Products/Debug-iphonesimulator/ImpulseBlock.swiftmodule/Project/arm64-apple-ios-simulator.swiftsourceinfo

SwiftDriverJobDiscovery normal arm64 Compiling AuthorizationManager.swift, DomainNormalizer.swift (in target 'ImpulseBlock' from project 'ImpulseBlock')

SwiftDriverJobDiscovery normal arm64 Compiling ImpulseBlockApp.swift (in target 'ImpulseBlock' from project 'ImpulseBlock')

SwiftDriverJobDiscovery normal arm64 Compiling Punycode.swift (in target 'ImpulseBlock' from project 'ImpulseBlock')

SwiftDriverJobDiscovery normal arm64 Compiling WebsitesView.swift (in target 'ImpulseBlock' from project 'ImpulseBlock')

SwiftDriverJobDiscovery normal arm64 Compiling SettingsView.swift (in target 'ImpulseBlock' from project 'ImpulseBlock')

SwiftDriverJobDiscovery normal arm64 Compiling OnboardingView.swift (in target 'ImpulseBlock' from project 'ImpulseBlock')

SwiftDriverJobDiscovery normal arm64 Compiling HomeView.swift, ImportExport.swift (in target 'ImpulseBlock' from project 'ImpulseBlock')

SwiftDriverJobDiscovery normal arm64 Compiling AppModel.swift, AppsView.swift (in target 'ImpulseBlock' from project 'ImpulseBlock')

SwiftDriver\ Compilation ImpulseBlock normal arm64 com.apple.xcode.tools.swift.compiler (in target 'ImpulseBlock' from project 'ImpulseBlock')
    cd /Users/shotaebi/Desktop/projects/personal/vibecoding/pd-extension/mobile/ios
    builtin-Swift-Compilation -- /Applications/Xcode.app/Contents/Developer/Toolchains/XcodeDefault.xctoolchain/usr/bin/swiftc -module-name ImpulseBlock -Onone -enforce-exclusivity\=checked @/Users/shotaebi/Library/Developer/Xcode/DerivedData/ImpulseBlock-dewhddckbhxdqfclawzhypslvoim/Build/Intermediates.noindex/ImpulseBlock.build/Debug-iphonesimulator/ImpulseBlock.build/Objects-normal/arm64/ImpulseBlock.SwiftFileList -DDEBUG -enable-bare-slash-regex -enable-experimental-feature DebugDescriptionMacro -sdk /Applications/Xcode.app/Contents/Developer/Platforms/iPhoneSimulator.platform/Developer/SDKs/iPhoneSimulator26.2.sdk -target arm64-apple-ios16.0-simulator -g -module-cache-path /Users/shotaebi/Library/Developer/Xcode/DerivedData/ModuleCache.noindex -Xfrontend -serialize-debugging-options -enable-testing -index-store-path /Users/shotaebi/Library/Developer/Xcode/DerivedData/ImpulseBlock-dewhddckbhxdqfclawzhypslvoim/Index.noindex/DataStore -Xcc -D_LIBCPP_HARDENING_MODE\=_LIBCPP_HARDENING_MODE_DEBUG -swift-version 5 -I /Users/shotaebi/Library/Developer/Xcode/DerivedData/ImpulseBlock-dewhddckbhxdqfclawzhypslvoim/Build/Products/Debug-iphonesimulator -F /Users/shotaebi/Library/Developer/Xcode/DerivedData/ImpulseBlock-dewhddckbhxdqfclawzhypslvoim/Build/Products/Debug-iphonesimulator -c -j14 -enable-batch-mode -incremental -Xcc -ivfsstatcache -Xcc /Users/shotaebi/Library/Developer/Xcode/DerivedData/SDKStatCaches.noindex/iphonesimulator26.2-23C57-7d00a8b37fbd7999ea79df8ebc024bf0.sdkstatcache -output-file-map /Users/shotaebi/Library/Developer/Xcode/DerivedData/ImpulseBlock-dewhddckbhxdqfclawzhypslvoim/Build/Intermediates.noindex/ImpulseBlock.build/Debug-iphonesimulator/ImpulseBlock.build/Objects-normal/arm64/ImpulseBlock-OutputFileMap.json -use-frontend-parseable-output -save-temps -no-color-diagnostics -explicit-module-build -module-cache-path /Users/shotaebi/Library/Developer/Xcode/DerivedData/ImpulseBlock-dewhddckbhxdqfclawzhypslvoim/Build/Intermediates.noindex/SwiftExplicitPrecompiledModules -clang-scanner-module-cache-path /Users/shotaebi/Library/Developer/Xcode/DerivedData/ModuleCache.noindex -sdk-module-cache-path /Users/shotaebi/Library/Developer/Xcode/DerivedData/ModuleCache.noindex -serialize-diagnostics -emit-dependencies -emit-module -emit-module-path /Users/shotaebi/Library/Developer/Xcode/DerivedData/ImpulseBlock-dewhddckbhxdqfclawzhypslvoim/Build/Intermediates.noindex/ImpulseBlock.build/Debug-iphonesimulator/ImpulseBlock.build/Objects-normal/arm64/ImpulseBlock.swiftmodule -validate-clang-modules-once -clang-build-session-file /Users/shotaebi/Library/Developer/Xcode/DerivedData/ModuleCache.noindex/Session.modulevalidation -Xcc -I/Users/shotaebi/Library/Developer/Xcode/DerivedData/ImpulseBlock-dewhddckbhxdqfclawzhypslvoim/Build/Intermediates.noindex/ImpulseBlock.build/Debug-iphonesimulator/ImpulseBlock.build/swift-overrides.hmap -emit-const-values -Xfrontend -const-gather-protocols-file -Xfrontend /Users/shotaebi/Library/Developer/Xcode/DerivedData/ImpulseBlock-dewhddckbhxdqfclawzhypslvoim/Build/Intermediates.noindex/ImpulseBlock.build/Debug-iphonesimulator/ImpulseBlock.build/Objects-normal/arm64/ImpulseBlock_const_extract_protocols.json -Xcc -iquote -Xcc /Users/shotaebi/Library/Developer/Xcode/DerivedData/ImpulseBlock-dewhddckbhxdqfclawzhypslvoim/Build/Intermediates.noindex/ImpulseBlock.build/Debug-iphonesimulator/ImpulseBlock.build/ImpulseBlock-generated-files.hmap -Xcc -I/Users/shotaebi/Library/Developer/Xcode/DerivedData/ImpulseBlock-dewhddckbhxdqfclawzhypslvoim/Build/Intermediates.noindex/ImpulseBlock.build/Debug-iphonesimulator/ImpulseBlock.build/ImpulseBlock-own-target-headers.hmap -Xcc -I/Users/shotaebi/Library/Developer/Xcode/DerivedData/ImpulseBlock-dewhddckbhxdqfclawzhypslvoim/Build/Intermediates.noindex/ImpulseBlock.build/Debug-iphonesimulator/ImpulseBlock.build/ImpulseBlock-all-target-headers.hmap -Xcc -iquote -Xcc /Users/shotaebi/Library/Developer/Xcode/DerivedData/ImpulseBlock-dewhddckbhxdqfclawzhypslvoim/Build/Intermediates.noindex/ImpulseBlock.build/Debug-iphonesimulator/ImpulseBlock.build/ImpulseBlock-project-headers.hmap -Xcc -I/Users/shotaebi/Library/Developer/Xcode/DerivedData/ImpulseBlock-dewhddckbhxdqfclawzhypslvoim/Build/Products/Debug-iphonesimulator/include -Xcc -I/Users/shotaebi/Library/Developer/Xcode/DerivedData/ImpulseBlock-dewhddckbhxdqfclawzhypslvoim/Build/Intermediates.noindex/ImpulseBlock.build/Debug-iphonesimulator/ImpulseBlock.build/DerivedSources-normal/arm64 -Xcc -I/Users/shotaebi/Library/Developer/Xcode/DerivedData/ImpulseBlock-dewhddckbhxdqfclawzhypslvoim/Build/Intermediates.noindex/ImpulseBlock.build/Debug-iphonesimulator/ImpulseBlock.build/DerivedSources/arm64 -Xcc -I/Users/shotaebi/Library/Developer/Xcode/DerivedData/ImpulseBlock-dewhddckbhxdqfclawzhypslvoim/Build/Intermediates.noindex/ImpulseBlock.build/Debug-iphonesimulator/ImpulseBlock.build/DerivedSources -Xcc -DDEBUG\=1 -emit-objc-header -emit-objc-header-path /Users/shotaebi/Library/Developer/Xcode/DerivedData/ImpulseBlock-dewhddckbhxdqfclawzhypslvoim/Build/Intermediates.noindex/ImpulseBlock.build/Debug-iphonesimulator/ImpulseBlock.build/Objects-normal/arm64/ImpulseBlock-Swift.h -working-directory /Users/shotaebi/Desktop/projects/personal/vibecoding/pd-extension/mobile/ios -experimental-emit-module-separately -disable-cmo

Ld /Users/shotaebi/Library/Developer/Xcode/DerivedData/ImpulseBlock-dewhddckbhxdqfclawzhypslvoim/Build/Intermediates.noindex/ImpulseBlock.build/Debug-iphonesimulator/ImpulseBlock.build/Objects-normal/arm64/Binary/ImpulseBlock.debug.dylib normal arm64 (in target 'ImpulseBlock' from project 'ImpulseBlock')
    cd /Users/shotaebi/Desktop/projects/personal/vibecoding/pd-extension/mobile/ios
    /Applications/Xcode.app/Contents/Developer/Toolchains/XcodeDefault.xctoolchain/usr/bin/clang -Xlinker -reproducible -target arm64-apple-ios16.0-simulator -dynamiclib -isysroot /Applications/Xcode.app/Contents/Developer/Platforms/iPhoneSimulator.platform/Developer/SDKs/iPhoneSimulator26.2.sdk -O0 -L/Users/shotaebi/Library/Developer/Xcode/DerivedData/ImpulseBlock-dewhddckbhxdqfclawzhypslvoim/Build/Intermediates.noindex/EagerLinkingTBDs/Debug-iphonesimulator -L/Users/shotaebi/Library/Developer/Xcode/DerivedData/ImpulseBlock-dewhddckbhxdqfclawzhypslvoim/Build/Products/Debug-iphonesimulator -F/Users/shotaebi/Library/Developer/Xcode/DerivedData/ImpulseBlock-dewhddckbhxdqfclawzhypslvoim/Build/Intermediates.noindex/EagerLinkingTBDs/Debug-iphonesimulator -F/Users/shotaebi/Library/Developer/Xcode/DerivedData/ImpulseBlock-dewhddckbhxdqfclawzhypslvoim/Build/Products/Debug-iphonesimulator -filelist /Users/shotaebi/Library/Developer/Xcode/DerivedData/ImpulseBlock-dewhddckbhxdqfclawzhypslvoim/Build/Intermediates.noindex/ImpulseBlock.build/Debug-iphonesimulator/ImpulseBlock.build/Objects-normal/arm64/ImpulseBlock.LinkFileList -install_name @rpath/ImpulseBlock.debug.dylib -Xlinker -rpath -Xlinker /usr/lib/swift -Xlinker -rpath -Xlinker @executable_path/Frameworks -dead_strip -Xlinker -object_path_lto -Xlinker /Users/shotaebi/Library/Developer/Xcode/DerivedData/ImpulseBlock-dewhddckbhxdqfclawzhypslvoim/Build/Intermediates.noindex/ImpulseBlock.build/Debug-iphonesimulator/ImpulseBlock.build/Objects-normal/arm64/ImpulseBlock_lto.o -rdynamic -Xlinker -no_deduplicate -Xlinker -objc_abi_version -Xlinker 2 -Xlinker -dependency_info -Xlinker /Users/shotaebi/Library/Developer/Xcode/DerivedData/ImpulseBlock-dewhddckbhxdqfclawzhypslvoim/Build/Intermediates.noindex/ImpulseBlock.build/Debug-iphonesimulator/ImpulseBlock.build/Objects-normal/arm64/ImpulseBlock_dependency_info.dat -fobjc-link-runtime -L/Applications/Xcode.app/Contents/Developer/Toolchains/XcodeDefault.xctoolchain/usr/lib/swift/iphonesimulator -L/usr/lib/swift -Xlinker -add_ast_path -Xlinker /Users/shotaebi/Library/Developer/Xcode/DerivedData/ImpulseBlock-dewhddckbhxdqfclawzhypslvoim/Build/Intermediates.noindex/ImpulseBlock.build/Debug-iphonesimulator/ImpulseBlock.build/Objects-normal/arm64/ImpulseBlock.swiftmodule @/Users/shotaebi/Library/Developer/Xcode/DerivedData/ImpulseBlock-dewhddckbhxdqfclawzhypslvoim/Build/Intermediates.noindex/ImpulseBlock.build/Debug-iphonesimulator/ImpulseBlock.build/Objects-normal/arm64/ImpulseBlock-linker-args.resp -Xlinker -alias -Xlinker _main -Xlinker ___debug_main_executable_dylib_entry_point -framework FamilyControls -framework ManagedSettings -framework DeviceActivity -o /Users/shotaebi/Library/Developer/Xcode/DerivedData/ImpulseBlock-dewhddckbhxdqfclawzhypslvoim/Build/Intermediates.noindex/ImpulseBlock.build/Debug-iphonesimulator/ImpulseBlock.build/Objects-normal/arm64/Binary/ImpulseBlock.debug.dylib

SwiftDriverJobDiscovery normal x86_64 Compiling TempAccessManager.swift (in target 'ImpulseBlock' from project 'ImpulseBlock')

SwiftDriverJobDiscovery normal x86_64 Compiling GeneratedAssetSymbols.swift (in target 'ImpulseBlock' from project 'ImpulseBlock')

SwiftDriver\ Compilation ImpulseBlock normal x86_64 com.apple.xcode.tools.swift.compiler (in target 'ImpulseBlock' from project 'ImpulseBlock')
    cd /Users/shotaebi/Desktop/projects/personal/vibecoding/pd-extension/mobile/ios
    builtin-Swift-Compilation -- /Applications/Xcode.app/Contents/Developer/Toolchains/XcodeDefault.xctoolchain/usr/bin/swiftc -module-name ImpulseBlock -Onone -enforce-exclusivity\=checked @/Users/shotaebi/Library/Developer/Xcode/DerivedData/ImpulseBlock-dewhddckbhxdqfclawzhypslvoim/Build/Intermediates.noindex/ImpulseBlock.build/Debug-iphonesimulator/ImpulseBlock.build/Objects-normal/x86_64/ImpulseBlock.SwiftFileList -DDEBUG -enable-bare-slash-regex -enable-experimental-feature DebugDescriptionMacro -sdk /Applications/Xcode.app/Contents/Developer/Platforms/iPhoneSimulator.platform/Developer/SDKs/iPhoneSimulator26.2.sdk -target x86_64-apple-ios16.0-simulator -g -module-cache-path /Users/shotaebi/Library/Developer/Xcode/DerivedData/ModuleCache.noindex -Xfrontend -serialize-debugging-options -enable-testing -index-store-path /Users/shotaebi/Library/Developer/Xcode/DerivedData/ImpulseBlock-dewhddckbhxdqfclawzhypslvoim/Index.noindex/DataStore -Xcc -D_LIBCPP_HARDENING_MODE\=_LIBCPP_HARDENING_MODE_DEBUG -swift-version 5 -I /Users/shotaebi/Library/Developer/Xcode/DerivedData/ImpulseBlock-dewhddckbhxdqfclawzhypslvoim/Build/Products/Debug-iphonesimulator -F /Users/shotaebi/Library/Developer/Xcode/DerivedData/ImpulseBlock-dewhddckbhxdqfclawzhypslvoim/Build/Products/Debug-iphonesimulator -c -j14 -enable-batch-mode -incremental -Xcc -ivfsstatcache -Xcc /Users/shotaebi/Library/Developer/Xcode/DerivedData/SDKStatCaches.noindex/iphonesimulator26.2-23C57-7d00a8b37fbd7999ea79df8ebc024bf0.sdkstatcache -output-file-map /Users/shotaebi/Library/Developer/Xcode/DerivedData/ImpulseBlock-dewhddckbhxdqfclawzhypslvoim/Build/Intermediates.noindex/ImpulseBlock.build/Debug-iphonesimulator/ImpulseBlock.build/Objects-normal/x86_64/ImpulseBlock-OutputFileMap.json -use-frontend-parseable-output -save-temps -no-color-diagnostics -explicit-module-build -module-cache-path /Users/shotaebi/Library/Developer/Xcode/DerivedData/ImpulseBlock-dewhddckbhxdqfclawzhypslvoim/Build/Intermediates.noindex/SwiftExplicitPrecompiledModules -clang-scanner-module-cache-path /Users/shotaebi/Library/Developer/Xcode/DerivedData/ModuleCache.noindex -sdk-module-cache-path /Users/shotaebi/Library/Developer/Xcode/DerivedData/ModuleCache.noindex -serialize-diagnostics -emit-dependencies -emit-module -emit-module-path /Users/shotaebi/Library/Developer/Xcode/DerivedData/ImpulseBlock-dewhddckbhxdqfclawzhypslvoim/Build/Intermediates.noindex/ImpulseBlock.build/Debug-iphonesimulator/ImpulseBlock.build/Objects-normal/x86_64/ImpulseBlock.swiftmodule -validate-clang-modules-once -clang-build-session-file /Users/shotaebi/Library/Developer/Xcode/DerivedData/ModuleCache.noindex/Session.modulevalidation -Xcc -I/Users/shotaebi/Library/Developer/Xcode/DerivedData/ImpulseBlock-dewhddckbhxdqfclawzhypslvoim/Build/Intermediates.noindex/ImpulseBlock.build/Debug-iphonesimulator/ImpulseBlock.build/swift-overrides.hmap -emit-const-values -Xfrontend -const-gather-protocols-file -Xfrontend /Users/shotaebi/Library/Developer/Xcode/DerivedData/ImpulseBlock-dewhddckbhxdqfclawzhypslvoim/Build/Intermediates.noindex/ImpulseBlock.build/Debug-iphonesimulator/ImpulseBlock.build/Objects-normal/x86_64/ImpulseBlock_const_extract_protocols.json -Xcc -iquote -Xcc /Users/shotaebi/Library/Developer/Xcode/DerivedData/ImpulseBlock-dewhddckbhxdqfclawzhypslvoim/Build/Intermediates.noindex/ImpulseBlock.build/Debug-iphonesimulator/ImpulseBlock.build/ImpulseBlock-generated-files.hmap -Xcc -I/Users/shotaebi/Library/Developer/Xcode/DerivedData/ImpulseBlock-dewhddckbhxdqfclawzhypslvoim/Build/Intermediates.noindex/ImpulseBlock.build/Debug-iphonesimulator/ImpulseBlock.build/ImpulseBlock-own-target-headers.hmap -Xcc -I/Users/shotaebi/Library/Developer/Xcode/DerivedData/ImpulseBlock-dewhddckbhxdqfclawzhypslvoim/Build/Intermediates.noindex/ImpulseBlock.build/Debug-iphonesimulator/ImpulseBlock.build/ImpulseBlock-all-target-headers.hmap -Xcc -iquote -Xcc /Users/shotaebi/Library/Developer/Xcode/DerivedData/ImpulseBlock-dewhddckbhxdqfclawzhypslvoim/Build/Intermediates.noindex/ImpulseBlock.build/Debug-iphonesimulator/ImpulseBlock.build/ImpulseBlock-project-headers.hmap -Xcc -I/Users/shotaebi/Library/Developer/Xcode/DerivedData/ImpulseBlock-dewhddckbhxdqfclawzhypslvoim/Build/Products/Debug-iphonesimulator/include -Xcc -I/Users/shotaebi/Library/Developer/Xcode/DerivedData/ImpulseBlock-dewhddckbhxdqfclawzhypslvoim/Build/Intermediates.noindex/ImpulseBlock.build/Debug-iphonesimulator/ImpulseBlock.build/DerivedSources-normal/x86_64 -Xcc -I/Users/shotaebi/Library/Developer/Xcode/DerivedData/ImpulseBlock-dewhddckbhxdqfclawzhypslvoim/Build/Intermediates.noindex/ImpulseBlock.build/Debug-iphonesimulator/ImpulseBlock.build/DerivedSources/x86_64 -Xcc -I/Users/shotaebi/Library/Developer/Xcode/DerivedData/ImpulseBlock-dewhddckbhxdqfclawzhypslvoim/Build/Intermediates.noindex/ImpulseBlock.build/Debug-iphonesimulator/ImpulseBlock.build/DerivedSources -Xcc -DDEBUG\=1 -emit-objc-header -emit-objc-header-path /Users/shotaebi/Library/Developer/Xcode/DerivedData/ImpulseBlock-dewhddckbhxdqfclawzhypslvoim/Build/Intermediates.noindex/ImpulseBlock.build/Debug-iphonesimulator/ImpulseBlock.build/Objects-normal/x86_64/ImpulseBlock-Swift.h -working-directory /Users/shotaebi/Desktop/projects/personal/vibecoding/pd-extension/mobile/ios -experimental-emit-module-separately -disable-cmo

Ld /Users/shotaebi/Library/Developer/Xcode/DerivedData/ImpulseBlock-dewhddckbhxdqfclawzhypslvoim/Build/Intermediates.noindex/ImpulseBlock.build/Debug-iphonesimulator/ImpulseBlock.build/Objects-normal/x86_64/Binary/ImpulseBlock.debug.dylib normal x86_64 (in target 'ImpulseBlock' from project 'ImpulseBlock')
    cd /Users/shotaebi/Desktop/projects/personal/vibecoding/pd-extension/mobile/ios
    /Applications/Xcode.app/Contents/Developer/Toolchains/XcodeDefault.xctoolchain/usr/bin/clang -Xlinker -reproducible -target x86_64-apple-ios16.0-simulator -dynamiclib -isysroot /Applications/Xcode.app/Contents/Developer/Platforms/iPhoneSimulator.platform/Developer/SDKs/iPhoneSimulator26.2.sdk -O0 -L/Users/shotaebi/Library/Developer/Xcode/DerivedData/ImpulseBlock-dewhddckbhxdqfclawzhypslvoim/Build/Intermediates.noindex/EagerLinkingTBDs/Debug-iphonesimulator -L/Users/shotaebi/Library/Developer/Xcode/DerivedData/ImpulseBlock-dewhddckbhxdqfclawzhypslvoim/Build/Products/Debug-iphonesimulator -F/Users/shotaebi/Library/Developer/Xcode/DerivedData/ImpulseBlock-dewhddckbhxdqfclawzhypslvoim/Build/Intermediates.noindex/EagerLinkingTBDs/Debug-iphonesimulator -F/Users/shotaebi/Library/Developer/Xcode/DerivedData/ImpulseBlock-dewhddckbhxdqfclawzhypslvoim/Build/Products/Debug-iphonesimulator -filelist /Users/shotaebi/Library/Developer/Xcode/DerivedData/ImpulseBlock-dewhddckbhxdqfclawzhypslvoim/Build/Intermediates.noindex/ImpulseBlock.build/Debug-iphonesimulator/ImpulseBlock.build/Objects-normal/x86_64/ImpulseBlock.LinkFileList -install_name @rpath/ImpulseBlock.debug.dylib -Xlinker -rpath -Xlinker /usr/lib/swift -Xlinker -rpath -Xlinker @executable_path/Frameworks -dead_strip -Xlinker -object_path_lto -Xlinker /Users/shotaebi/Library/Developer/Xcode/DerivedData/ImpulseBlock-dewhddckbhxdqfclawzhypslvoim/Build/Intermediates.noindex/ImpulseBlock.build/Debug-iphonesimulator/ImpulseBlock.build/Objects-normal/x86_64/ImpulseBlock_lto.o -rdynamic -Xlinker -no_deduplicate -Xlinker -objc_abi_version -Xlinker 2 -Xlinker -dependency_info -Xlinker /Users/shotaebi/Library/Developer/Xcode/DerivedData/ImpulseBlock-dewhddckbhxdqfclawzhypslvoim/Build/Intermediates.noindex/ImpulseBlock.build/Debug-iphonesimulator/ImpulseBlock.build/Objects-normal/x86_64/ImpulseBlock_dependency_info.dat -fobjc-link-runtime -L/Applications/Xcode.app/Contents/Developer/Toolchains/XcodeDefault.xctoolchain/usr/lib/swift/iphonesimulator -L/usr/lib/swift -Xlinker -add_ast_path -Xlinker /Users/shotaebi/Library/Developer/Xcode/DerivedData/ImpulseBlock-dewhddckbhxdqfclawzhypslvoim/Build/Intermediates.noindex/ImpulseBlock.build/Debug-iphonesimulator/ImpulseBlock.build/Objects-normal/x86_64/ImpulseBlock.swiftmodule @/Users/shotaebi/Library/Developer/Xcode/DerivedData/ImpulseBlock-dewhddckbhxdqfclawzhypslvoim/Build/Intermediates.noindex/ImpulseBlock.build/Debug-iphonesimulator/ImpulseBlock.build/Objects-normal/x86_64/ImpulseBlock-linker-args.resp -Xlinker -alias -Xlinker _main -Xlinker ___debug_main_executable_dylib_entry_point -framework FamilyControls -framework ManagedSettings -framework DeviceActivity -o /Users/shotaebi/Library/Developer/Xcode/DerivedData/ImpulseBlock-dewhddckbhxdqfclawzhypslvoim/Build/Intermediates.noindex/ImpulseBlock.build/Debug-iphonesimulator/ImpulseBlock.build/Objects-normal/x86_64/Binary/ImpulseBlock.debug.dylib

ConstructStubExecutorLinkFileList /Users/shotaebi/Library/Developer/Xcode/DerivedData/ImpulseBlock-dewhddckbhxdqfclawzhypslvoim/Build/Intermediates.noindex/ImpulseBlock.build/Debug-iphonesimulator/ImpulseBlock.build/ImpulseBlock-ExecutorLinkFileList-normal-x86_64.txt (in target 'ImpulseBlock' from project 'ImpulseBlock')
    cd /Users/shotaebi/Desktop/projects/personal/vibecoding/pd-extension/mobile/ios
    construct-stub-executor-link-file-list /Users/shotaebi/Library/Developer/Xcode/DerivedData/ImpulseBlock-dewhddckbhxdqfclawzhypslvoim/Build/Intermediates.noindex/ImpulseBlock.build/Debug-iphonesimulator/ImpulseBlock.build/Objects-normal/x86_64/Binary/ImpulseBlock.debug.dylib /Applications/Xcode.app/Contents/Developer/Platforms/iPhoneSimulator.platform/Developer/usr/lib/libPreviewsJITStubExecutor_no_swift_entry_point.a /Applications/Xcode.app/Contents/Developer/Platforms/iPhoneSimulator.platform/Developer/usr/lib/libPreviewsJITStubExecutor.a --output /Users/shotaebi/Library/Developer/Xcode/DerivedData/ImpulseBlock-dewhddckbhxdqfclawzhypslvoim/Build/Intermediates.noindex/ImpulseBlock.build/Debug-iphonesimulator/ImpulseBlock.build/ImpulseBlock-ExecutorLinkFileList-normal-x86_64.txt
note: Using stub executor library with Swift entry point. (in target 'ImpulseBlock' from project 'ImpulseBlock')

CreateUniversalBinary /Users/shotaebi/Library/Developer/Xcode/DerivedData/ImpulseBlock-dewhddckbhxdqfclawzhypslvoim/Build/Products/Debug-iphonesimulator/ImpulseBlock.app/ImpulseBlock.debug.dylib normal arm64\ x86_64 (in target 'ImpulseBlock' from project 'ImpulseBlock')
    cd /Users/shotaebi/Desktop/projects/personal/vibecoding/pd-extension/mobile/ios
    /Applications/Xcode.app/Contents/Developer/Toolchains/XcodeDefault.xctoolchain/usr/bin/lipo -create /Users/shotaebi/Library/Developer/Xcode/DerivedData/ImpulseBlock-dewhddckbhxdqfclawzhypslvoim/Build/Intermediates.noindex/ImpulseBlock.build/Debug-iphonesimulator/ImpulseBlock.build/Objects-normal/arm64/Binary/ImpulseBlock.debug.dylib /Users/shotaebi/Library/Developer/Xcode/DerivedData/ImpulseBlock-dewhddckbhxdqfclawzhypslvoim/Build/Intermediates.noindex/ImpulseBlock.build/Debug-iphonesimulator/ImpulseBlock.build/Objects-normal/x86_64/Binary/ImpulseBlock.debug.dylib -output /Users/shotaebi/Library/Developer/Xcode/DerivedData/ImpulseBlock-dewhddckbhxdqfclawzhypslvoim/Build/Products/Debug-iphonesimulator/ImpulseBlock.app/ImpulseBlock.debug.dylib

ConstructStubExecutorLinkFileList /Users/shotaebi/Library/Developer/Xcode/DerivedData/ImpulseBlock-dewhddckbhxdqfclawzhypslvoim/Build/Intermediates.noindex/ImpulseBlock.build/Debug-iphonesimulator/ImpulseBlock.build/ImpulseBlock-ExecutorLinkFileList-normal-arm64.txt (in target 'ImpulseBlock' from project 'ImpulseBlock')
    cd /Users/shotaebi/Desktop/projects/personal/vibecoding/pd-extension/mobile/ios
    construct-stub-executor-link-file-list /Users/shotaebi/Library/Developer/Xcode/DerivedData/ImpulseBlock-dewhddckbhxdqfclawzhypslvoim/Build/Intermediates.noindex/ImpulseBlock.build/Debug-iphonesimulator/ImpulseBlock.build/Objects-normal/arm64/Binary/ImpulseBlock.debug.dylib /Applications/Xcode.app/Contents/Developer/Platforms/iPhoneSimulator.platform/Developer/usr/lib/libPreviewsJITStubExecutor_no_swift_entry_point.a /Applications/Xcode.app/Contents/Developer/Platforms/iPhoneSimulator.platform/Developer/usr/lib/libPreviewsJITStubExecutor.a --output /Users/shotaebi/Library/Developer/Xcode/DerivedData/ImpulseBlock-dewhddckbhxdqfclawzhypslvoim/Build/Intermediates.noindex/ImpulseBlock.build/Debug-iphonesimulator/ImpulseBlock.build/ImpulseBlock-ExecutorLinkFileList-normal-arm64.txt
note: Using stub executor library with Swift entry point. (in target 'ImpulseBlock' from project 'ImpulseBlock')

Ld /Users/shotaebi/Library/Developer/Xcode/DerivedData/ImpulseBlock-dewhddckbhxdqfclawzhypslvoim/Build/Intermediates.noindex/ImpulseBlock.build/Debug-iphonesimulator/ImpulseBlock.build/Objects-normal/x86_64/Binary/ImpulseBlock normal x86_64 (in target 'ImpulseBlock' from project 'ImpulseBlock')
    cd /Users/shotaebi/Desktop/projects/personal/vibecoding/pd-extension/mobile/ios
    /Applications/Xcode.app/Contents/Developer/Toolchains/XcodeDefault.xctoolchain/usr/bin/clang -Xlinker -reproducible -target x86_64-apple-ios16.0-simulator -isysroot /Applications/Xcode.app/Contents/Developer/Platforms/iPhoneSimulator.platform/Developer/SDKs/iPhoneSimulator26.2.sdk -O0 -L/Users/shotaebi/Library/Developer/Xcode/DerivedData/ImpulseBlock-dewhddckbhxdqfclawzhypslvoim/Build/Products/Debug-iphonesimulator -F/Users/shotaebi/Library/Developer/Xcode/DerivedData/ImpulseBlock-dewhddckbhxdqfclawzhypslvoim/Build/Products/Debug-iphonesimulator -Xlinker -rpath -Xlinker @executable_path -Xlinker -rpath -Xlinker @executable_path/Frameworks -rdynamic -Xlinker -no_deduplicate -Xlinker -objc_abi_version -Xlinker 2 -e ___debug_blank_executor_main -Xlinker -sectcreate -Xlinker __TEXT -Xlinker __debug_dylib -Xlinker /Users/shotaebi/Library/Developer/Xcode/DerivedData/ImpulseBlock-dewhddckbhxdqfclawzhypslvoim/Build/Intermediates.noindex/ImpulseBlock.build/Debug-iphonesimulator/ImpulseBlock.build/ImpulseBlock-DebugDylibPath-normal-x86_64.txt -Xlinker -sectcreate -Xlinker __TEXT -Xlinker __debug_instlnm -Xlinker /Users/shotaebi/Library/Developer/Xcode/DerivedData/ImpulseBlock-dewhddckbhxdqfclawzhypslvoim/Build/Intermediates.noindex/ImpulseBlock.build/Debug-iphonesimulator/ImpulseBlock.build/ImpulseBlock-DebugDylibInstallName-normal-x86_64.txt -Xlinker -filelist -Xlinker /Users/shotaebi/Library/Developer/Xcode/DerivedData/ImpulseBlock-dewhddckbhxdqfclawzhypslvoim/Build/Intermediates.noindex/ImpulseBlock.build/Debug-iphonesimulator/ImpulseBlock.build/ImpulseBlock-ExecutorLinkFileList-normal-x86_64.txt /Users/shotaebi/Library/Developer/Xcode/DerivedData/ImpulseBlock-dewhddckbhxdqfclawzhypslvoim/Build/Intermediates.noindex/ImpulseBlock.build/Debug-iphonesimulator/ImpulseBlock.build/Objects-normal/x86_64/Binary/ImpulseBlock.debug.dylib -o /Users/shotaebi/Library/Developer/Xcode/DerivedData/ImpulseBlock-dewhddckbhxdqfclawzhypslvoim/Build/Intermediates.noindex/ImpulseBlock.build/Debug-iphonesimulator/ImpulseBlock.build/Objects-normal/x86_64/Binary/ImpulseBlock

Ld /Users/shotaebi/Library/Developer/Xcode/DerivedData/ImpulseBlock-dewhddckbhxdqfclawzhypslvoim/Build/Intermediates.noindex/ImpulseBlock.build/Debug-iphonesimulator/ImpulseBlock.build/Objects-normal/arm64/Binary/ImpulseBlock normal arm64 (in target 'ImpulseBlock' from project 'ImpulseBlock')
    cd /Users/shotaebi/Desktop/projects/personal/vibecoding/pd-extension/mobile/ios
    /Applications/Xcode.app/Contents/Developer/Toolchains/XcodeDefault.xctoolchain/usr/bin/clang -Xlinker -reproducible -target arm64-apple-ios16.0-simulator -isysroot /Applications/Xcode.app/Contents/Developer/Platforms/iPhoneSimulator.platform/Developer/SDKs/iPhoneSimulator26.2.sdk -O0 -L/Users/shotaebi/Library/Developer/Xcode/DerivedData/ImpulseBlock-dewhddckbhxdqfclawzhypslvoim/Build/Products/Debug-iphonesimulator -F/Users/shotaebi/Library/Developer/Xcode/DerivedData/ImpulseBlock-dewhddckbhxdqfclawzhypslvoim/Build/Products/Debug-iphonesimulator -Xlinker -rpath -Xlinker @executable_path -Xlinker -rpath -Xlinker @executable_path/Frameworks -rdynamic -Xlinker -no_deduplicate -Xlinker -objc_abi_version -Xlinker 2 -e ___debug_blank_executor_main -Xlinker -sectcreate -Xlinker __TEXT -Xlinker __debug_dylib -Xlinker /Users/shotaebi/Library/Developer/Xcode/DerivedData/ImpulseBlock-dewhddckbhxdqfclawzhypslvoim/Build/Intermediates.noindex/ImpulseBlock.build/Debug-iphonesimulator/ImpulseBlock.build/ImpulseBlock-DebugDylibPath-normal-arm64.txt -Xlinker -sectcreate -Xlinker __TEXT -Xlinker __debug_instlnm -Xlinker /Users/shotaebi/Library/Developer/Xcode/DerivedData/ImpulseBlock-dewhddckbhxdqfclawzhypslvoim/Build/Intermediates.noindex/ImpulseBlock.build/Debug-iphonesimulator/ImpulseBlock.build/ImpulseBlock-DebugDylibInstallName-normal-arm64.txt -Xlinker -filelist -Xlinker /Users/shotaebi/Library/Developer/Xcode/DerivedData/ImpulseBlock-dewhddckbhxdqfclawzhypslvoim/Build/Intermediates.noindex/ImpulseBlock.build/Debug-iphonesimulator/ImpulseBlock.build/ImpulseBlock-ExecutorLinkFileList-normal-arm64.txt /Users/shotaebi/Library/Developer/Xcode/DerivedData/ImpulseBlock-dewhddckbhxdqfclawzhypslvoim/Build/Intermediates.noindex/ImpulseBlock.build/Debug-iphonesimulator/ImpulseBlock.build/Objects-normal/arm64/Binary/ImpulseBlock.debug.dylib -o /Users/shotaebi/Library/Developer/Xcode/DerivedData/ImpulseBlock-dewhddckbhxdqfclawzhypslvoim/Build/Intermediates.noindex/ImpulseBlock.build/Debug-iphonesimulator/ImpulseBlock.build/Objects-normal/arm64/Binary/ImpulseBlock

CreateUniversalBinary /Users/shotaebi/Library/Developer/Xcode/DerivedData/ImpulseBlock-dewhddckbhxdqfclawzhypslvoim/Build/Products/Debug-iphonesimulator/ImpulseBlock.app/ImpulseBlock normal arm64\ x86_64 (in target 'ImpulseBlock' from project 'ImpulseBlock')
    cd /Users/shotaebi/Desktop/projects/personal/vibecoding/pd-extension/mobile/ios
    /Applications/Xcode.app/Contents/Developer/Toolchains/XcodeDefault.xctoolchain/usr/bin/lipo -create /Users/shotaebi/Library/Developer/Xcode/DerivedData/ImpulseBlock-dewhddckbhxdqfclawzhypslvoim/Build/Intermediates.noindex/ImpulseBlock.build/Debug-iphonesimulator/ImpulseBlock.build/Objects-normal/arm64/Binary/ImpulseBlock /Users/shotaebi/Library/Developer/Xcode/DerivedData/ImpulseBlock-dewhddckbhxdqfclawzhypslvoim/Build/Intermediates.noindex/ImpulseBlock.build/Debug-iphonesimulator/ImpulseBlock.build/Objects-normal/x86_64/Binary/ImpulseBlock -output /Users/shotaebi/Library/Developer/Xcode/DerivedData/ImpulseBlock-dewhddckbhxdqfclawzhypslvoim/Build/Products/Debug-iphonesimulator/ImpulseBlock.app/ImpulseBlock

LinkAssetCatalog /Users/shotaebi/Desktop/projects/personal/vibecoding/pd-extension/mobile/ios/ImpulseBlock/Assets.xcassets (in target 'ImpulseBlock' from project 'ImpulseBlock')
    cd /Users/shotaebi/Desktop/projects/personal/vibecoding/pd-extension/mobile/ios
    builtin-linkAssetCatalog --thinned /Users/shotaebi/Library/Developer/Xcode/DerivedData/ImpulseBlock-dewhddckbhxdqfclawzhypslvoim/Build/Intermediates.noindex/ImpulseBlock.build/Debug-iphonesimulator/ImpulseBlock.build/assetcatalog_output/thinned --thinned-dependencies /Users/shotaebi/Library/Developer/Xcode/DerivedData/ImpulseBlock-dewhddckbhxdqfclawzhypslvoim/Build/Intermediates.noindex/ImpulseBlock.build/Debug-iphonesimulator/ImpulseBlock.build/assetcatalog_dependencies_thinned --thinned-info-plist-content /Users/shotaebi/Library/Developer/Xcode/DerivedData/ImpulseBlock-dewhddckbhxdqfclawzhypslvoim/Build/Intermediates.noindex/ImpulseBlock.build/Debug-iphonesimulator/ImpulseBlock.build/assetcatalog_generated_info.plist_thinned --unthinned /Users/shotaebi/Library/Developer/Xcode/DerivedData/ImpulseBlock-dewhddckbhxdqfclawzhypslvoim/Build/Intermediates.noindex/ImpulseBlock.build/Debug-iphonesimulator/ImpulseBlock.build/assetcatalog_output/unthinned --unthinned-dependencies /Users/shotaebi/Library/Developer/Xcode/DerivedData/ImpulseBlock-dewhddckbhxdqfclawzhypslvoim/Build/Intermediates.noindex/ImpulseBlock.build/Debug-iphonesimulator/ImpulseBlock.build/assetcatalog_dependencies_unthinned --unthinned-info-plist-content /Users/shotaebi/Library/Developer/Xcode/DerivedData/ImpulseBlock-dewhddckbhxdqfclawzhypslvoim/Build/Intermediates.noindex/ImpulseBlock.build/Debug-iphonesimulator/ImpulseBlock.build/assetcatalog_generated_info.plist_unthinned --output /Users/shotaebi/Library/Developer/Xcode/DerivedData/ImpulseBlock-dewhddckbhxdqfclawzhypslvoim/Build/Products/Debug-iphonesimulator/ImpulseBlock.app --plist-output /Users/shotaebi/Library/Developer/Xcode/DerivedData/ImpulseBlock-dewhddckbhxdqfclawzhypslvoim/Build/Intermediates.noindex/ImpulseBlock.build/Debug-iphonesimulator/ImpulseBlock.build/assetcatalog_generated_info.plist
note: Emplaced /Users/shotaebi/Library/Developer/Xcode/DerivedData/ImpulseBlock-dewhddckbhxdqfclawzhypslvoim/Build/Products/Debug-iphonesimulator/ImpulseBlock.app/Assets.car (in target 'ImpulseBlock' from project 'ImpulseBlock')
note: Emplaced /Users/shotaebi/Library/Developer/Xcode/DerivedData/ImpulseBlock-dewhddckbhxdqfclawzhypslvoim/Build/Products/Debug-iphonesimulator/ImpulseBlock.app/AppIcon60x60@2x.png (in target 'ImpulseBlock' from project 'ImpulseBlock')
note: Emplaced /Users/shotaebi/Library/Developer/Xcode/DerivedData/ImpulseBlock-dewhddckbhxdqfclawzhypslvoim/Build/Products/Debug-iphonesimulator/ImpulseBlock.app/AppIcon76x76@2x~ipad.png (in target 'ImpulseBlock' from project 'ImpulseBlock')

Copy /Users/shotaebi/Library/Developer/Xcode/DerivedData/ImpulseBlock-dewhddckbhxdqfclawzhypslvoim/Build/Products/Debug-iphonesimulator/ImpulseBlock.app/PlugIns/ShieldActionExtension.appex /Users/shotaebi/Library/Developer/Xcode/DerivedData/ImpulseBlock-dewhddckbhxdqfclawzhypslvoim/Build/Products/Debug-iphonesimulator/ShieldActionExtension.appex (in target 'ImpulseBlock' from project 'ImpulseBlock')
    cd /Users/shotaebi/Desktop/projects/personal/vibecoding/pd-extension/mobile/ios
    builtin-copy -exclude .DS_Store -exclude CVS -exclude .svn -exclude .git -exclude .hg -exclude Headers -exclude PrivateHeaders -exclude Modules -exclude \*.tbd -resolve-src-symlinks -remove-static-executable /Users/shotaebi/Library/Developer/Xcode/DerivedData/ImpulseBlock-dewhddckbhxdqfclawzhypslvoim/Build/Products/Debug-iphonesimulator/ShieldActionExtension.appex /Users/shotaebi/Library/Developer/Xcode/DerivedData/ImpulseBlock-dewhddckbhxdqfclawzhypslvoim/Build/Products/Debug-iphonesimulator/ImpulseBlock.app/PlugIns

Copy /Users/shotaebi/Library/Developer/Xcode/DerivedData/ImpulseBlock-dewhddckbhxdqfclawzhypslvoim/Build/Products/Debug-iphonesimulator/ImpulseBlock.app/PlugIns/ShieldConfigurationExtension.appex /Users/shotaebi/Library/Developer/Xcode/DerivedData/ImpulseBlock-dewhddckbhxdqfclawzhypslvoim/Build/Products/Debug-iphonesimulator/ShieldConfigurationExtension.appex (in target 'ImpulseBlock' from project 'ImpulseBlock')
    cd /Users/shotaebi/Desktop/projects/personal/vibecoding/pd-extension/mobile/ios
    builtin-copy -exclude .DS_Store -exclude CVS -exclude .svn -exclude .git -exclude .hg -exclude Headers -exclude PrivateHeaders -exclude Modules -exclude \*.tbd -resolve-src-symlinks -remove-static-executable /Users/shotaebi/Library/Developer/Xcode/DerivedData/ImpulseBlock-dewhddckbhxdqfclawzhypslvoim/Build/Products/Debug-iphonesimulator/ShieldConfigurationExtension.appex /Users/shotaebi/Library/Developer/Xcode/DerivedData/ImpulseBlock-dewhddckbhxdqfclawzhypslvoim/Build/Products/Debug-iphonesimulator/ImpulseBlock.app/PlugIns

Copy /Users/shotaebi/Library/Developer/Xcode/DerivedData/ImpulseBlock-dewhddckbhxdqfclawzhypslvoim/Build/Products/Debug-iphonesimulator/ImpulseBlock.app/PlugIns/DeviceActivityMonitorExtension.appex /Users/shotaebi/Library/Developer/Xcode/DerivedData/ImpulseBlock-dewhddckbhxdqfclawzhypslvoim/Build/Products/Debug-iphonesimulator/DeviceActivityMonitorExtension.appex (in target 'ImpulseBlock' from project 'ImpulseBlock')
    cd /Users/shotaebi/Desktop/projects/personal/vibecoding/pd-extension/mobile/ios
    builtin-copy -exclude .DS_Store -exclude CVS -exclude .svn -exclude .git -exclude .hg -exclude Headers -exclude PrivateHeaders -exclude Modules -exclude \*.tbd -resolve-src-symlinks -remove-static-executable /Users/shotaebi/Library/Developer/Xcode/DerivedData/ImpulseBlock-dewhddckbhxdqfclawzhypslvoim/Build/Products/Debug-iphonesimulator/DeviceActivityMonitorExtension.appex /Users/shotaebi/Library/Developer/Xcode/DerivedData/ImpulseBlock-dewhddckbhxdqfclawzhypslvoim/Build/Products/Debug-iphonesimulator/ImpulseBlock.app/PlugIns

ProcessInfoPlistFile /Users/shotaebi/Library/Developer/Xcode/DerivedData/ImpulseBlock-dewhddckbhxdqfclawzhypslvoim/Build/Products/Debug-iphonesimulator/ImpulseBlock.app/Info.plist /Users/shotaebi/Desktop/projects/personal/vibecoding/pd-extension/mobile/ios/ImpulseBlock/Info.plist (in target 'ImpulseBlock' from project 'ImpulseBlock')
    cd /Users/shotaebi/Desktop/projects/personal/vibecoding/pd-extension/mobile/ios
    builtin-infoPlistUtility /Users/shotaebi/Desktop/projects/personal/vibecoding/pd-extension/mobile/ios/ImpulseBlock/Info.plist -producttype com.apple.product-type.application -genpkginfo /Users/shotaebi/Library/Developer/Xcode/DerivedData/ImpulseBlock-dewhddckbhxdqfclawzhypslvoim/Build/Products/Debug-iphonesimulator/ImpulseBlock.app/PkgInfo -expandbuildsettings -format binary -platform iphonesimulator -additionalcontentfile /Users/shotaebi/Library/Developer/Xcode/DerivedData/ImpulseBlock-dewhddckbhxdqfclawzhypslvoim/Build/Intermediates.noindex/ImpulseBlock.build/Debug-iphonesimulator/ImpulseBlock.build/assetcatalog_generated_info.plist -scanforprivacyfile /Users/shotaebi/Library/Developer/Xcode/DerivedData/ImpulseBlock-dewhddckbhxdqfclawzhypslvoim/Build/Products/Debug-iphonesimulator/ImpulseBlock.app/PlugIns/DeviceActivityMonitorExtension.appex -scanforprivacyfile /Users/shotaebi/Library/Developer/Xcode/DerivedData/ImpulseBlock-dewhddckbhxdqfclawzhypslvoim/Build/Products/Debug-iphonesimulator/ImpulseBlock.app/PlugIns/ShieldActionExtension.appex -scanforprivacyfile /Users/shotaebi/Library/Developer/Xcode/DerivedData/ImpulseBlock-dewhddckbhxdqfclawzhypslvoim/Build/Products/Debug-iphonesimulator/ImpulseBlock.app/PlugIns/ShieldConfigurationExtension.appex -o /Users/shotaebi/Library/Developer/Xcode/DerivedData/ImpulseBlock-dewhddckbhxdqfclawzhypslvoim/Build/Products/Debug-iphonesimulator/ImpulseBlock.app/Info.plist

CopySwiftLibs /Users/shotaebi/Library/Developer/Xcode/DerivedData/ImpulseBlock-dewhddckbhxdqfclawzhypslvoim/Build/Products/Debug-iphonesimulator/ImpulseBlock.app (in target 'ImpulseBlock' from project 'ImpulseBlock')
    cd /Users/shotaebi/Desktop/projects/personal/vibecoding/pd-extension/mobile/ios
    builtin-swiftStdLibTool --copy --verbose --scan-executable /Users/shotaebi/Library/Developer/Xcode/DerivedData/ImpulseBlock-dewhddckbhxdqfclawzhypslvoim/Build/Products/Debug-iphonesimulator/ImpulseBlock.app/ImpulseBlock.debug.dylib --scan-folder /Users/shotaebi/Library/Developer/Xcode/DerivedData/ImpulseBlock-dewhddckbhxdqfclawzhypslvoim/Build/Products/Debug-iphonesimulator/ImpulseBlock.app/Frameworks --scan-folder /Users/shotaebi/Library/Developer/Xcode/DerivedData/ImpulseBlock-dewhddckbhxdqfclawzhypslvoim/Build/Products/Debug-iphonesimulator/ImpulseBlock.app/PlugIns --scan-folder /Users/shotaebi/Library/Developer/Xcode/DerivedData/ImpulseBlock-dewhddckbhxdqfclawzhypslvoim/Build/Products/Debug-iphonesimulator/ImpulseBlock.app/SystemExtensions --scan-folder /Users/shotaebi/Library/Developer/Xcode/DerivedData/ImpulseBlock-dewhddckbhxdqfclawzhypslvoim/Build/Products/Debug-iphonesimulator/ImpulseBlock.app/Extensions --scan-folder /Applications/Xcode.app/Contents/Developer/Platforms/iPhoneSimulator.platform/Developer/SDKs/iPhoneSimulator26.2.sdk/System/Library/Frameworks/FamilyControls.framework --scan-folder /Applications/Xcode.app/Contents/Developer/Platforms/iPhoneSimulator.platform/Developer/SDKs/iPhoneSimulator26.2.sdk/System/Library/Frameworks/ManagedSettings.framework --scan-folder /Applications/Xcode.app/Contents/Developer/Platforms/iPhoneSimulator.platform/Developer/SDKs/iPhoneSimulator26.2.sdk/System/Library/Frameworks/DeviceActivity.framework --platform iphonesimulator --toolchain /Applications/Xcode.app/Contents/Developer/Toolchains/XcodeDefault.xctoolchain --destination /Users/shotaebi/Library/Developer/Xcode/DerivedData/ImpulseBlock-dewhddckbhxdqfclawzhypslvoim/Build/Products/Debug-iphonesimulator/ImpulseBlock.app/Frameworks --strip-bitcode --strip-bitcode-tool /Applications/Xcode.app/Contents/Developer/Toolchains/XcodeDefault.xctoolchain/usr/bin/bitcode_strip --emit-dependency-info /Users/shotaebi/Library/Developer/Xcode/DerivedData/ImpulseBlock-dewhddckbhxdqfclawzhypslvoim/Build/Intermediates.noindex/ImpulseBlock.build/Debug-iphonesimulator/ImpulseBlock.build/SwiftStdLibToolInputDependencies.dep --filter-for-swift-os --back-deploy-swift-span
Ignoring --strip-bitcode because --sign was not passed

ExtractAppIntentsMetadata (in target 'ImpulseBlock' from project 'ImpulseBlock')
    cd /Users/shotaebi/Desktop/projects/personal/vibecoding/pd-extension/mobile/ios
    /Applications/Xcode.app/Contents/Developer/Toolchains/XcodeDefault.xctoolchain/usr/bin/appintentsmetadataprocessor --toolchain-dir /Applications/Xcode.app/Contents/Developer/Toolchains/XcodeDefault.xctoolchain --module-name ImpulseBlock --sdk-root /Applications/Xcode.app/Contents/Developer/Platforms/iPhoneSimulator.platform/Developer/SDKs/iPhoneSimulator26.2.sdk --xcode-version 17C529 --platform-family iOS --deployment-target 16.0 --bundle-identifier com.example.impulseblock --output /Users/shotaebi/Library/Developer/Xcode/DerivedData/ImpulseBlock-dewhddckbhxdqfclawzhypslvoim/Build/Products/Debug-iphonesimulator/ImpulseBlock.app --target-triple arm64-apple-ios16.0-simulator --target-triple x86_64-apple-ios16.0-simulator --binary-file /Users/shotaebi/Library/Developer/Xcode/DerivedData/ImpulseBlock-dewhddckbhxdqfclawzhypslvoim/Build/Products/Debug-iphonesimulator/ImpulseBlock.app/ImpulseBlock --dependency-file /Users/shotaebi/Library/Developer/Xcode/DerivedData/ImpulseBlock-dewhddckbhxdqfclawzhypslvoim/Build/Intermediates.noindex/ImpulseBlock.build/Debug-iphonesimulator/ImpulseBlock.build/Objects-normal/arm64/ImpulseBlock_dependency_info.dat --dependency-file /Users/shotaebi/Library/Developer/Xcode/DerivedData/ImpulseBlock-dewhddckbhxdqfclawzhypslvoim/Build/Intermediates.noindex/ImpulseBlock.build/Debug-iphonesimulator/ImpulseBlock.build/Objects-normal/x86_64/ImpulseBlock_dependency_info.dat --stringsdata-file /Users/shotaebi/Library/Developer/Xcode/DerivedData/ImpulseBlock-dewhddckbhxdqfclawzhypslvoim/Build/Intermediates.noindex/ImpulseBlock.build/Debug-iphonesimulator/ImpulseBlock.build/Objects-normal/arm64/ExtractedAppShortcutsMetadata.stringsdata --stringsdata-file /Users/shotaebi/Library/Developer/Xcode/DerivedData/ImpulseBlock-dewhddckbhxdqfclawzhypslvoim/Build/Intermediates.noindex/ImpulseBlock.build/Debug-iphonesimulator/ImpulseBlock.build/Objects-normal/x86_64/ExtractedAppShortcutsMetadata.stringsdata --source-file-list /Users/shotaebi/Library/Developer/Xcode/DerivedData/ImpulseBlock-dewhddckbhxdqfclawzhypslvoim/Build/Intermediates.noindex/ImpulseBlock.build/Debug-iphonesimulator/ImpulseBlock.build/Objects-normal/arm64/ImpulseBlock.SwiftFileList --source-file-list /Users/shotaebi/Library/Developer/Xcode/DerivedData/ImpulseBlock-dewhddckbhxdqfclawzhypslvoim/Build/Intermediates.noindex/ImpulseBlock.build/Debug-iphonesimulator/ImpulseBlock.build/Objects-normal/x86_64/ImpulseBlock.SwiftFileList --metadata-file-list /Users/shotaebi/Library/Developer/Xcode/DerivedData/ImpulseBlock-dewhddckbhxdqfclawzhypslvoim/Build/Intermediates.noindex/ImpulseBlock.build/Debug-iphonesimulator/ImpulseBlock.build/ImpulseBlock.DependencyMetadataFileList --static-metadata-file-list /Users/shotaebi/Library/Developer/Xcode/DerivedData/ImpulseBlock-dewhddckbhxdqfclawzhypslvoim/Build/Intermediates.noindex/ImpulseBlock.build/Debug-iphonesimulator/ImpulseBlock.build/ImpulseBlock.DependencyStaticMetadataFileList --swift-const-vals-list /Users/shotaebi/Library/Developer/Xcode/DerivedData/ImpulseBlock-dewhddckbhxdqfclawzhypslvoim/Build/Intermediates.noindex/ImpulseBlock.build/Debug-iphonesimulator/ImpulseBlock.build/Objects-normal/arm64/ImpulseBlock.SwiftConstValuesFileList --swift-const-vals-list /Users/shotaebi/Library/Developer/Xcode/DerivedData/ImpulseBlock-dewhddckbhxdqfclawzhypslvoim/Build/Intermediates.noindex/ImpulseBlock.build/Debug-iphonesimulator/ImpulseBlock.build/Objects-normal/x86_64/ImpulseBlock.SwiftConstValuesFileList --compile-time-extraction --deployment-aware-processing --validate-assistant-intents --no-app-shortcuts-localization
2026-07-27 08:10:36.404 appintentsmetadataprocessor[92199:3242878] Starting appintentsmetadataprocessor export
2026-07-27 08:10:36.406 appintentsmetadataprocessor[92199:3242878] warning: Metadata extraction skipped. No AppIntents.framework dependency found.

ValidateEmbeddedBinary /Users/shotaebi/Library/Developer/Xcode/DerivedData/ImpulseBlock-dewhddckbhxdqfclawzhypslvoim/Build/Products/Debug-iphonesimulator/ImpulseBlock.app/PlugIns/ShieldActionExtension.appex (in target 'ImpulseBlock' from project 'ImpulseBlock')
    cd /Users/shotaebi/Desktop/projects/personal/vibecoding/pd-extension/mobile/ios
    /Applications/Xcode.app/Contents/Developer/usr/bin/embeddedBinaryValidationUtility /Users/shotaebi/Library/Developer/Xcode/DerivedData/ImpulseBlock-dewhddckbhxdqfclawzhypslvoim/Build/Products/Debug-iphonesimulator/ImpulseBlock.app/PlugIns/ShieldActionExtension.appex -info-plist-path /Users/shotaebi/Library/Developer/Xcode/DerivedData/ImpulseBlock-dewhddckbhxdqfclawzhypslvoim/Build/Products/Debug-iphonesimulator/ImpulseBlock.app/Info.plist

ValidateEmbeddedBinary /Users/shotaebi/Library/Developer/Xcode/DerivedData/ImpulseBlock-dewhddckbhxdqfclawzhypslvoim/Build/Products/Debug-iphonesimulator/ImpulseBlock.app/PlugIns/ShieldConfigurationExtension.appex (in target 'ImpulseBlock' from project 'ImpulseBlock')
    cd /Users/shotaebi/Desktop/projects/personal/vibecoding/pd-extension/mobile/ios
    /Applications/Xcode.app/Contents/Developer/usr/bin/embeddedBinaryValidationUtility /Users/shotaebi/Library/Developer/Xcode/DerivedData/ImpulseBlock-dewhddckbhxdqfclawzhypslvoim/Build/Products/Debug-iphonesimulator/ImpulseBlock.app/PlugIns/ShieldConfigurationExtension.appex -info-plist-path /Users/shotaebi/Library/Developer/Xcode/DerivedData/ImpulseBlock-dewhddckbhxdqfclawzhypslvoim/Build/Products/Debug-iphonesimulator/ImpulseBlock.app/Info.plist

ValidateEmbeddedBinary /Users/shotaebi/Library/Developer/Xcode/DerivedData/ImpulseBlock-dewhddckbhxdqfclawzhypslvoim/Build/Products/Debug-iphonesimulator/ImpulseBlock.app/PlugIns/DeviceActivityMonitorExtension.appex (in target 'ImpulseBlock' from project 'ImpulseBlock')
    cd /Users/shotaebi/Desktop/projects/personal/vibecoding/pd-extension/mobile/ios
    /Applications/Xcode.app/Contents/Developer/usr/bin/embeddedBinaryValidationUtility /Users/shotaebi/Library/Developer/Xcode/DerivedData/ImpulseBlock-dewhddckbhxdqfclawzhypslvoim/Build/Products/Debug-iphonesimulator/ImpulseBlock.app/PlugIns/DeviceActivityMonitorExtension.appex -info-plist-path /Users/shotaebi/Library/Developer/Xcode/DerivedData/ImpulseBlock-dewhddckbhxdqfclawzhypslvoim/Build/Products/Debug-iphonesimulator/ImpulseBlock.app/Info.plist

AppIntentsSSUTraining (in target 'ImpulseBlock' from project 'ImpulseBlock')
    cd /Users/shotaebi/Desktop/projects/personal/vibecoding/pd-extension/mobile/ios
    /Applications/Xcode.app/Contents/Developer/Toolchains/XcodeDefault.xctoolchain/usr/bin/appintentsnltrainingprocessor --infoplist-path /Users/shotaebi/Library/Developer/Xcode/DerivedData/ImpulseBlock-dewhddckbhxdqfclawzhypslvoim/Build/Products/Debug-iphonesimulator/ImpulseBlock.app/Info.plist --temp-dir-path /Users/shotaebi/Library/Developer/Xcode/DerivedData/ImpulseBlock-dewhddckbhxdqfclawzhypslvoim/Build/Intermediates.noindex/ImpulseBlock.build/Debug-iphonesimulator/ImpulseBlock.build/ssu --bundle-id com.example.impulseblock --product-path /Users/shotaebi/Library/Developer/Xcode/DerivedData/ImpulseBlock-dewhddckbhxdqfclawzhypslvoim/Build/Products/Debug-iphonesimulator/ImpulseBlock.app --extracted-metadata-path /Users/shotaebi/Library/Developer/Xcode/DerivedData/ImpulseBlock-dewhddckbhxdqfclawzhypslvoim/Build/Products/Debug-iphonesimulator/ImpulseBlock.app/Metadata.appintents --metadata-file-list /Users/shotaebi/Library/Developer/Xcode/DerivedData/ImpulseBlock-dewhddckbhxdqfclawzhypslvoim/Build/Intermediates.noindex/ImpulseBlock.build/Debug-iphonesimulator/ImpulseBlock.build/ImpulseBlock.DependencyMetadataFileList --archive-ssu-assets
2026-07-27 08:10:36.422 appintentsnltrainingprocessor[92203:3242883] Parsing options for appintentsnltrainingprocessor
2026-07-27 08:10:36.423 appintentsnltrainingprocessor[92203:3242883] No AppShortcuts found - Skipping.

RegisterExecutionPolicyException /Users/shotaebi/Library/Developer/Xcode/DerivedData/ImpulseBlock-dewhddckbhxdqfclawzhypslvoim/Build/Products/Debug-iphonesimulator/ImpulseBlock.app (in target 'ImpulseBlock' from project 'ImpulseBlock')
    cd /Users/shotaebi/Desktop/projects/personal/vibecoding/pd-extension/mobile/ios
    builtin-RegisterExecutionPolicyException /Users/shotaebi/Library/Developer/Xcode/DerivedData/ImpulseBlock-dewhddckbhxdqfclawzhypslvoim/Build/Products/Debug-iphonesimulator/ImpulseBlock.app

Validate /Users/shotaebi/Library/Developer/Xcode/DerivedData/ImpulseBlock-dewhddckbhxdqfclawzhypslvoim/Build/Products/Debug-iphonesimulator/ImpulseBlock.app (in target 'ImpulseBlock' from project 'ImpulseBlock')
    cd /Users/shotaebi/Desktop/projects/personal/vibecoding/pd-extension/mobile/ios
    builtin-validationUtility /Users/shotaebi/Library/Developer/Xcode/DerivedData/ImpulseBlock-dewhddckbhxdqfclawzhypslvoim/Build/Products/Debug-iphonesimulator/ImpulseBlock.app -shallow-bundle -infoplist-subpath Info.plist

Touch /Users/shotaebi/Library/Developer/Xcode/DerivedData/ImpulseBlock-dewhddckbhxdqfclawzhypslvoim/Build/Products/Debug-iphonesimulator/ImpulseBlock.app (in target 'ImpulseBlock' from project 'ImpulseBlock')
    cd /Users/shotaebi/Desktop/projects/personal/vibecoding/pd-extension/mobile/ios
    /usr/bin/touch -c /Users/shotaebi/Library/Developer/Xcode/DerivedData/ImpulseBlock-dewhddckbhxdqfclawzhypslvoim/Build/Products/Debug-iphonesimulator/ImpulseBlock.app

** BUILD SUCCEEDED **

